tree
version=v4
num_class=3
num_tree_per_iteration=3
label_index=0
max_feature_idx=2
objective=multiclass num_class:3
feature_names=ofi vol_bps volume
feature_infos=[-0.99998892664852401:0.99994429473596469] [0.50002108061713901:29.853427293265966] [0.10002365630559076:17.279839136904798]
tree_sizes=1204 979 1295 1443 1338 1549 1331 1451 1552 1338 1679 1549 1224 1445 1341 1224 1661 1562 1229 1453 1449 1224 1668 1339 1010 1446 1556 1329 1665 1450 1114 1566 1455 1114 1672 1669 1225 1456 1554 1335 1453 1231 1336 1450 1340 1222 1560 1555 1227 1556 1450 1333 1454 1543 1442 1346 1673 1338 1339 1785 1447 1569 1333 1340 1450 1787 1341 1565 1339 1334 1338 1675 1668 1669 1787 1225 1451 1554 1234 1563 1451 1231 1339 1677 1120 1343 1781 1120 1565 1668 1227 1232 1789 1235 1674 1446 1335 1683 1788 1226 1684 1677 1228 1677 1678 1333 1353 1571 1337 1793 1782 1233 1792 1568 1230 1569 1789 1343 1792 1677 1224 1573 1550 1013 1791 1673 1337 1792 1563 1229 1675 1673 1121 1792 1568 1128 1574 1564 1234 1682 1786 1337 1686 1678 1117 1692 1564 1452 1683 1673 1233 1789 1566 1227 1680 1564 1444 1577 1795 1337 1688 1679 1224 1570 1793 1239 1568 1795 1226 1461 1790 1231 1798 1683 1120 1684 1793 1015 1570 1568 1341 1793 1571 1237 1685 1680 1348 1793 1567 1237 1681 1680 1337 1797 1799 1350 1679 1687 1238 1574 1796 801 1800 1685 902 1682 1565 1124 1803 1677 1124 1798 1797 1349 1690 1684 1232 1797 1570 1018 1689 1792 1238 1683 1795 1345 1789 1796 1236 1681 1797 1128 1792 1572 1124 1780 1797 1671 1786 1573 1568 1783 1798 1458 1777 1800 1235 1777 1798 1568 1780 1786 1566 1677 1796 1458 1672 1796 1670 1571 1776 1673 1784 1784 1568 1787 1786 1571 1675 1668 1572 1677 1784 1796 1783 1789 1575 1565 1783 1685 1673 1780 1573 1789 1782 1566 1685 1781 1791 1457 1787 1799 1676 1788 1796 1686 1794 1684 1788 1791

Tree=0
num_leaves=10
num_cat=0
split_feature=1 0 0 0 0 1 1 0 0
split_gain=7611.54 8007.1 17452.2 76.0828 20.6235 1.11614 0.0479441 9.09495e-13 9.09495e-13
threshold=1.1997436683544895 -0.44853405638371174 0.44645132186505937 0.45409552365868994 -0.45630484924917941 2.0890825260585446 1.2132879063987692 0.9519512360082516 0.43851370652444671
decision_type=2 2 2 2 2 2 2 2 2
left_child=7 4 8 -4 6 -6 -2 -1 -3
right_child=1 2 3 -5 5 -7 -8 -9 -10
leaf_value=-0.47752047938627068 -0.61251001933736671 -0.47752047938627068 -0.5527394944137648 -0.61492054683649333 -0.59583720413507357 -0.57896538899905192 -0.61492054683649333 -0.47752047938627068 -0.47752047938627068
leaf_weight=4337.3341153264046 20.742347896099091 6131.0013570785522 49.854415118694305 3712.5163725614548 13.100430250167845 38.9373899102211 3732.1670179367065 107.35074788331985 52.037820160388947
leaf_count=11919 57 16848 137 10202 36 107 10256 295 143
internal_value=-0.534401 -0.552788 -0.529188 -0.614097 -0.614474 -0.583213 -0.614907 -0.47752 -0.47752
internal_weight=18195 13750.4 9945.41 3762.37 3804.95 52.0378 3752.91 4444.68 6183.04
internal_count=50000 37786 27330 10339 10456 143 10313 12214 16991
is_linear=0
shrinkage=1


Tree=1
num_leaves=8
num_cat=0
split_feature=0 1 0 1 0 0 0
split_gain=22804.3 10277.5 113.034 4.1463 3.63798e-12 9.09495e-13 1.13687e-13
threshold=0.44645132186505937 1.1997436683544895 0.45409552365868994 5.9569411646293373 0.98483088504110572 0.29741692268794112 0.43851370652444671
decision_type=2 2 2 2 2 2 2
left_child=5 -2 3 -3 -4 -1 -7
right_child=1 2 4 -5 -6 6 -8
leaf_value=-1.6240718365642257 -1.6240718365642257 -1.5202153826747782 -1.4199401858160012 -1.4731919207937989 -1.4199401858160012 -1.6240718365642257 -1.6240718365642257
leaf_weight=7970.101618424058 828.14203177392483 27.923156350851059 2430.5393023639917 5.6336192637681952 68.338251069188118 868.31218652427197 48.008233726024628
leaf_count=32539 3381 114 9923 23 279 3545 196
internal_value=-1.58211 -1.47117 -1.42116 -1.51232 -1.41994 -1.62407 -1.62407
internal_weight=12247 3360.58 2532.43 33.5568 2498.88 8886.42 916.32
internal_count=50000 13720 10339 137 10202 36280 3741
is_linear=0
shrinkage=1


Tree=2
num_leaves=11
num_cat=0
split_feature=0 1 0 1 1 0 0 0 2 2
split_gain=22970.1 10226.3 30.3243 1.64113 0.0704956 9.09495e-13 9.09495e-13 1.13687e-13 7.10543e-15 3.55271e-15
threshold=-0.44853405638371174 1.1997436683544895 -0.45630484924917941 2.0890825260585446 1.2132879063987692 0.9923105776994251 -0.2136525338481354 -0.47263813147917016 1.524197531107794 2.4470358393946685
decision_type=2 2 2 2 2 2 2 2 2 2
left_child=1 7 4 -4 -3 6 -2 -1 -7 -9
right_child=5 2 3 -5 -6 8 -8 9 -10 -11
leaf_value=-1.6102149863549486 -1.6102149863549486 -1.4117303006370041 -1.4362455222360955 -1.4610533475385428 -1.4081859312491838 -1.6102149863549486 -1.6102149863549486 -1.6102149863549486 -1.6102149863549486 -1.6102149863549486
leaf_weight=798.89499020576477 1462.6609021425247 14.106881797313688 8.9096095561981183 26.481339514255524 2538.2487668991089 28.461252748966217 7441.9988709688187 28.461252748966217 20.04662150144577 6.1872288584709159
leaf_count=3228 5910 57 36 107 10256 115 30070 115 81 25
internal_value=-1.5681 -1.4579 -1.40884 -1.45481 -1.40821 -1.61021 -1.61021 -1.61021 -1.61021 -1.61021
internal_weight=12374.5 3421.29 2587.75 35.3909 2552.36 8953.17 8904.66 833.543 48.5079 34.6485
internal_count=50000 13824 10456 143 10313 36176 35980 3368 196 140
is_linear=0
shrinkage=1


Tree=3
num_leaves=12
num_cat=0
split_feature=1 0 0 0 0 2 1 0 0 0 0
split_gain=6830.84 6919.45 15417.3 64.3396 17.344 1.07121 0.0401808 1.81899e-12 9.09495e-13 2.84217e-14 2.84217e-14
threshold=1.1997436683544895 -0.44853405638371174 0.44645132186505937 0.45409552365868994 -0.45630484924917941 3.0957286437972882 1.2132879063987692 -0.36228151781785917 0.90465577753231574 0.98483088504110572 0.92885997002009535
decision_type=2 2 2 2 2 2 2 2 2 2 2
left_child=8 4 7 -4 6 -6 -2 -3 -1 10 -10
right_child=1 2 3 -5 5 -7 -8 -9 9 -11 -12
leaf_value=0.054663154245382754 -0.071952870948788689 0.054663154245382754 -0.017128116533705544 -0.074148306617405887 -0.04237962879536146 -0.062924979136117373 -0.074138329707512871 0.054663154245382754 0.054663154245382754 0.054663154245382754 0.054663154245382754
leaf_weight=4151.3074482679367 21.148482531309128 594.98147332668304 50.12704062461853 3786.7999258637428 45.353953063488007 7.3762019872665396 3806.9375953674316 5469.4037775993347 47.113110065460205 40.331677556037903 120.6381151676178
leaf_count=11631 57 1667 137 10202 123 20 10256 15324 132 113 338
internal_value=0.000110528 -0.0171449 0.0050352 -0.0734034 -0.073734 -0.0452536 -0.0741263 0.0546632 0.0546632 0.0546632 0.0546632
internal_weight=18141.5 13782.1 9901.31 3836.93 3880.82 52.7302 3828.09 6064.39 4359.39 208.083 167.751
internal_count=50000 37786 27330 10339 10456 143 10313 16991 12214 583 470
is_linear=0
shrinkage=0.05


Tree=4
num_leaves=11
num_cat=0
split_feature=0 1 0 1 0 1 0 0 0 1
split_gain=19560.2 7686.56 73.3357 3.38494 0.0592862 0.0302835 5.98617e-05 3.63798e-12 9.09495e-13 2.27374e-13
threshold=0.44645132186505937 1.1997436683544895 0.45409552365868994 4.7133260369885788 -0.44853405638371174 1.1997436683544895 -0.45630484924917941 0.98483088504110572 -0.095360798546454836 0.80428498457839015
decision_type=2 2 2 2 2 2 2 2 2 2
left_child=4 -2 3 -3 5 -1 -7 -4 9 -6
right_child=1 2 7 -5 8 6 -8 -9 -10 -11
leaf_value=-0.041343701746043994 -0.041343701746043994 0.053404913356943078 0.1354490716194858 0.08780918572716076 -0.041343701746043994 -0.041699620454192114 -0.04163305103774434 0.1354490716194858 -0.041343701746043994 -0.041343701746043994
leaf_weight=789.17962157726288 792.22574244439602 25.48352113366127 2761.5545090734959 9.9371946752071363 239.47196355462074 2480.9816128611565 34.236692667007446 77.645239144563675 3184.6022080928087 1837.7481508404016
leaf_count=3368 3381 99 9923 38 1022 10313 143 279 13591 7843
internal_value=-8.21741e-05 0.0965535 0.134557 0.0630569 -0.0414479 -0.0416139 -0.0416987 0.135449 -0.0413437 -0.0413437
internal_weight=12233.1 3666.85 2874.62 35.4207 8566.22 3304.4 2515.22 2839.2 5261.82 2077.22
internal_count=50000 13720 10339 137 36280 13824 10456 10202 22456 8865
is_linear=0
shrinkage=0.05


Tree=5
num_leaves=13
num_cat=0
split_feature=0 1 0 2 0 1 1 0 0 0 0 1
split_gain=19715.8 7669.71 19.0809 1.4499 0.0617822 0.0428885 0.031948 0.000265927 9.09495e-13 1.13687e-13 1.13687e-13 1.77636e-15
threshold=-0.44853405638371174 1.1997436683544895 -0.45630484924917941 3.0957286437972882 0.44645132186505937 1.2132879063987692 1.1997436683544895 0.45409552365868994 0.29015099889861068 -0.45630484924917941 0.96065120560420703 0.93881516770506523
decision_type=2 2 2 2 2 2 2 2 2 2 2 2
left_child=1 9 5 -4 8 -3 10 -8 -2 -1 -6 -11
right_child=4 2 3 -5 6 -7 7 -9 -10 11 -12 -13
leaf_value=-0.041482799117168942 -0.041482799117168942 0.13128066973490693 0.094613818678602149 0.12250979740169528 -0.041482799117168942 0.13388101698855664 -0.041704424292752285 -0.04184736894564 -0.041482799117168942 -0.041482799117168949 -0.041482799117168942 -0.041482799117168935
leaf_weight=784.7214720249176 4384.87393450737 15.944781124591826 33.272873729467392 5.4161834716796866 739.02103626728058 2876.6172189712524 32.968691781163216 2480.0163797736168 932.47832131385803 6.8669048547744733 61.565353870391846 5.9197455644607544
leaf_count=3314 18518 57 123 20 3121 10256 137 10202 3938 29 260 25
internal_value=-8.09002e-05 0.0959961 0.1334 0.0985191 -0.0415884 0.133867 -0.0417579 -0.0418455 -0.0414828 -0.0414828 -0.0414828 -0.0414828
internal_weight=12359.7 3728.76 2931.25 38.6891 8630.92 2892.56 3313.57 2512.99 5317.35 797.508 800.586 12.7867
internal_count=50000 13824 10456 143 36176 10313 13720 10339 22456 3368 3381 54
is_linear=0
shrinkage=0.05


Tree=6
num_leaves=11
num_cat=0
split_feature=1 0 0 0 0 1 1 0 0 0
split_gain=6161.23 6049.38 13730.1 55.9866 15.189 0.937374 0.035561 9.09495e-13 9.09495e-13 5.68434e-14
threshold=1.1997436683544895 -0.44853405638371174 0.44645132186505937 0.45409552365868994 -0.45630484924917941 2.0890825260585446 1.2132879063987692 0.85878059372353288 0.43851370652444671 0.94360478298292205
decision_type=2 2 2 2 2 2 2 2 2 2
left_child=7 4 8 -4 6 -6 -2 -1 -3 -9
right_child=1 2 3 -5 5 -7 -8 9 -10 -11
leaf_value=0.052709219113816687 -0.066994057553321426 0.052709219113816687 -0.015992252079812766 -0.069057389457257978 -0.053556219529334162 -0.038274688952376637 -0.069040641595921715 0.052709219113816687 0.052709219113816687 0.052709219113816687
leaf_weight=3947.3425531387329 21.343303352594376 5874.9847469329834 50.36075085401535 3821.164723098278 13.420581579208372 39.779829233884811 3841.4528059959412 189.34690868854523 49.864839673042297 122.39551556110382
leaf_count=11320 57 16848 137 10202 36 107 10256 543 143 351
internal_value=0.000178875 -0.0161371 0.00485987 -0.0683671 -0.0686639 -0.0421297 -0.0690293 0.0527092 0.0527092 0.0527092
internal_weight=17971.5 13712.4 9796.38 3871.53 3916 53.2004 3862.8 4259.08 5924.85 311.742
internal_count=50000 37786 27330 10339 10456 143 10313 12214 16991 894
is_linear=0
shrinkage=0.05


Tree=7
num_leaves=12
num_cat=0
split_feature=0 1 0 1 0 1 0 0 0 0 0
split_gain=17060.5 6014.81 51.9729 2.85691 0.174783 0.0878256 0.00011952 3.63798e-12 9.09495e-13 1.13687e-13 5.68434e-14
threshold=0.44645132186505937 1.1997436683544895 0.45409552365868994 5.9569411646293373 -0.44853405638371174 1.1997436683544895 -0.45630484924917941 0.9923105776994251 0.18100783171028981 0.43851370652444671 0.85878059372353288
decision_type=2 2 2 2 2 2 2 2 2 2 2
left_child=4 10 3 -3 5 -1 -7 -4 -6 -10 -2
right_child=1 2 7 -5 8 6 -8 -9 9 -11 -12
leaf_value=-0.040776671817733715 -0.040776671817733715 0.051000802508881143 0.11687369497706571 0.087631410032990339 -0.040776671817733715 -0.041394839537057873 -0.041299598166059867 0.11687369497706571 -0.040776671817733715 -0.040776671817733715 -0.040776671817733715
leaf_weight=753.85236215591431 556.65998357534409 30.676592856645584 3075.0917422771454 6.4404160976409903 3527.5276803970337 2425.9326869398355 33.393948718905449 44.646320044994354 1454.881340265274 43.870268106460571 200.10214126110077
leaf_count=3368 2487 114 10056 23 15760 10313 143 146 6500 196 894
internal_value=-0.000132378 0.0858249 0.116174 0.0573568 -0.0409608 -0.0412488 -0.0413935 0.116874 -0.0407767 -0.0407767 -0.0407767
internal_weight=12153.1 3913.62 3156.86 37.117 8239.46 3213.18 2459.33 3119.74 5026.28 1498.75 756.762
internal_count=50000 13720 10339 137 36280 13824 10456 10202 22456 6696 3381
is_linear=0
shrinkage=0.05


Tree=8
num_leaves=13
num_cat=0
split_feature=0 1 0 1 0 1 1 0 0 0 0 2
split_gain=17204.1 6013.77 13.4121 1.03131 0.182196 0.0926793 0.029995 0.000607015 4.54747e-13 1.13687e-13 1.13687e-13 1.13687e-13
threshold=-0.44853405638371174 1.1997436683544895 -0.45630484924917941 2.0890825260585446 0.44645132186505937 1.1997436683544895 1.2132879063987692 0.45409552365868994 0.25835520191435285 -0.9123233020589292 0.49507995794902987 0.37856095632049419
decision_type=2 2 2 2 2 2 2 2 2 2 2 2
left_child=1 9 6 -4 8 10 -3 -7 -2 -1 -6 -10
right_child=4 2 3 -5 5 7 -8 -9 11 -11 -12 -13
leaf_value=-0.040902825442286385 -0.040902825442286385 0.11363867971929507 0.10057117517322789 0.082504874922913432 -0.040902825442286385 -0.041316851689783052 0.11571657484094791 -0.041535938133876786 -0.040902825442286385 -0.040902825442286385 -0.040902825442286385 -0.040902825442286385
leaf_weight=120.57504385709763 4010.8734101057053 17.463785916566849 10.606025934219359 30.95347186923027 69.223195910453796 32.03370326757431 3154.9738359451294 2425.2645676136017 180.74945598840714 641.33255034685135 695.62525302171707 888.36434751749039
leaf_count=533 17730 57 36 107 306 137 10256 10202 799 2835 3075 3927
internal_value=-0.000130789 0.0853953 0.115335 0.0871154 -0.0410894 -0.0413835 0.115705 -0.0415331 -0.0409028 -0.0409028 -0.0409028 -0.0409028
internal_weight=12278 3975.9 3214 41.5595 8302.13 3222.15 3172.44 2457.3 5079.99 761.908 764.848 1069.11
internal_count=50000 13824 10456 143 36176 13720 10313 10339 22456 3368 3381 4726
is_linear=0
shrinkage=0.05


Tree=9
num_leaves=11
num_cat=0
split_feature=1 0 0 0 0 2 1 0 1 2
split_gain=5580.05 5336.21 12304.3 49.8248 13.7217 0.917689 0.0327996 9.09495e-13 9.09495e-13 2.27374e-13
threshold=1.1997436683544895 -0.44853405638371174 0.44645132186505937 0.45409552365868994 -0.45630484924917941 3.0957286437972882 1.2132879063987692 0.48668580913566911 4.3340138604189624 0.15599752421253868
decision_type=2 2 2 2 2 2 2 2 2 2
left_child=7 4 8 -4 6 -6 -2 -1 -3 -9
right_child=1 2 3 -5 5 -7 -8 9 -10 -11
leaf_value=0.050978820096043334 -0.062901773956494031 0.050978820096043334 -0.014924472515125277 -0.064887376584201115 -0.036710327856239962 -0.055582703925500132 -0.064866304325089705 0.050978820096043334 0.050978820096043334 0.050978820096043334
leaf_weight=3084.9247449338436 21.364809304475784 4117.9858210682869 50.558735102415085 3822.8734464049339 45.987839698791504 7.4906325936317435 3843.0373091697693 37.683134883642197 1650.2497177422047 1023.8949081897736
leaf_count=9087 57 12130 137 10202 123 20 10256 111 4861 3016
internal_value=0.000220195 -0.0153018 0.00469287 -0.0642352 -0.0645073 -0.0393537 -0.0648554 0.0509788 0.0509788 0.0509788
internal_weight=17706.1 13559.5 9641.67 3873.43 3917.88 53.4785 3864.4 4146.5 5768.24 1061.58
internal_count=50000 37786 27330 10339 10456 143 10313 12214 16991 3127
is_linear=0
shrinkage=0.05


Tree=10
num_leaves=14
num_cat=0
split_feature=0 1 0 2 0 1 0 0 0 0 2 2 0
split_gain=15061.7 4860.41 39.3943 2.62757 0.290453 0.143823 0.000120919 4.54747e-13 4.54747e-13 5.68434e-14 5.68434e-14 1.42109e-14 7.10543e-15
threshold=0.44645132186505937 1.1997436683544895 0.45409552365868994 1.7914226685012407 -0.44853405638371174 1.1997436683544895 -0.45630484924917941 0.43085841847561951 0.35881350059209199 0.96065120560420703 1.8287546422519059 0.77207764079072339 0.9923105776994251
decision_type=2 2 2 2 2 2 2 2 2 2 2 2 2
left_child=4 9 3 -3 5 10 -7 8 -6 -2 -1 -9 -11
right_child=1 2 -4 -5 7 6 -8 11 -10 12 -12 -13 -14
leaf_value=-0.040252334347092578 -0.040252334347092578 0.044971889106569796 0.10323422588109524 0.075137178915244254 -0.040252334347092578 -0.041059925304484775 -0.040962835541855175 -0.040252334347092578 -0.040252334347092578 -0.040252334347092578 -0.040252334347092578 -0.040252334347092578 -0.040252334347092578
leaf_weight=481.47958114743233 666.38482162356377 29.049614042043686 3345.7279692292213 9.6062847375869733 4332.4621645510197 2363.2341594845057 32.510257378220558 30.319335043430328 378.56465515494347 44.838453233242035 237.64380213618279 53.379110991954803 10.675822198390959
leaf_count=2255 3121 103 10202 34 20291 10313 143 142 1773 210 1113 250 50
internal_value=-0.000162077 0.0775309 0.102654 0.0524682 -0.0404965 -0.0408725 -0.0410586 -0.0402523 -0.0402523 -0.0402523 -0.0402523 -0.0402523 -0.0402523
internal_weight=12015.9 4106.28 3384.38 38.6559 7909.59 3114.87 2395.74 4794.73 4711.03 721.899 719.123 83.6984 55.5143
internal_count=50000 13720 10339 137 36280 13824 10456 22456 22064 3381 3368 392 260
is_linear=0
shrinkage=0.05


Tree=11
num_leaves=13
num_cat=0
split_feature=0 1 0 2 0 1 1 0 0 0 1 2
split_gain=15193.6 4867.08 10.2613 0.974 0.302851 0.151805 0.0233179 0.000743911 4.54747e-13 5.68434e-14 5.68434e-14 3.55271e-15
threshold=-0.44853405638371174 1.1997436683544895 -0.45630484924917941 3.0957286437972882 0.44645132186505937 1.1997436683544895 1.2132879063987692 0.45409552365868994 0.43851370652444671 0.96961651069136345 1.1748240644875314 1.6021325362760193
decision_type=2 2 2 2 2 2 2 2 2 2 2 2
left_child=1 10 6 -4 8 9 -3 -7 -2 -6 -1 -12
right_child=4 2 3 -5 5 7 -8 -9 -10 -11 11 -13
leaf_value=-0.040366996072128125 -0.040366996072128125 0.10057328876132438 0.075013294124517182 0.096304827194787584 -0.040366996072128125 -0.040947850358096685 0.10234416558166869 -0.041193978899848591 -0.040366996072128125 -0.040366996072128125 -0.040366996072128118 -0.040366996072128125
leaf_weight=702.72132039070129 4804.2311400175095 18.691719710826874 37.76984167098999 6.2618913054466239 684.59214627742767 31.10401938855648 3378.6180229187012 2362.9037680029869 42.301406264305115 45.107111781835556 12.733586579561235 11.438645571470259
leaf_count=3256 22260 57 123 20 3172 137 10256 10202 196 209 59 53
internal_value=-0.000160751 0.0771923 0.102024 0.0780412 -0.0406144 -0.0409983 0.102334 -0.0411908 -0.040367 -0.040367 -0.040367 -0.040367
internal_weight=12138.5 4168.24 3441.34 44.0317 7970.24 3123.71 3397.31 2394.01 4846.53 729.699 726.894 24.1722
internal_count=50000 13824 10456 143 36176 13720 10313 10339 22456 3381 3368 112
is_linear=0
shrinkage=0.05


Tree=12
num_leaves=10
num_cat=0
split_feature=1 0 0 0 0 1 1 0 1
split_gain=5070.95 4740.76 11082.3 45.1591 12.7078 0.825497 0.0312319 4.54747e-13 3.55271e-15
threshold=1.1997436683544895 -0.44853405638371174 0.44645132186505937 0.45409552365868994 -0.45630484924917941 2.0890825260585446 1.2132879063987692 0.9923105776994251 0.77029426128999867
decision_type=2 2 2 2 2 2 2 2 2
left_child=7 4 -3 -4 6 -6 -2 -1 -9
right_child=1 2 3 -5 5 -7 -8 8 -10
leaf_value=0.049439321564937203 -0.059460681340682914 0.049439321564937203 -0.013917674711009399 -0.061406817226917668 -0.047552597625706773 -0.033256642964359873 -0.061383166657165505 0.049439321564937175 0.049439321564937203
leaf_weight=4007.6405583620071 21.243288785219193 5597.9793429076672 50.729350656270981 3797.6807231903076 13.496500253677366 40.100038468837738 3817.5058403015137 7.2482811808586147 9.2250851392745954
leaf_count=12164 57 16991 137 10202 36 107 10256 22 28
internal_value=0.000243688 -0.014598 0.00453621 -0.0607808 -0.061035 -0.0368566 -0.0613725 0.0494393 0.0494393
internal_weight=17362.8 13338.7 9446.39 3848.41 3892.35 53.5965 3838.75 4024.11 16.4734
internal_count=50000 37786 27330 10339 10456 143 10313 12214 50
is_linear=0
shrinkage=0.05


Tree=13
num_leaves=12
num_cat=0
split_feature=0 1 0 1 0 1 0 1 0 0 1
split_gain=13419.1 4022.7 31.5163 2.40814 0.382235 0.186785 7.95102e-05 3.63798e-12 4.54747e-13 1.13687e-13 7.10543e-15
threshold=0.44645132186505937 1.1997436683544895 0.45409552365868994 4.7133260369885788 -0.44853405638371174 1.1997436683544895 -0.45630484924917941 2.9443296442472167 0.43085841847561951 -0.45630484924917941 6.2283595149490614
decision_type=2 2 2 2 2 2 2 2 2 2 2
left_child=4 -2 3 -3 5 9 -7 -4 -6 -1 -10
right_child=1 2 7 -5 8 6 -8 -9 10 -11 -12
leaf_value=-0.039767227535077138 -0.039767227535077138 0.040470165295060451 0.092816352491504994 0.067621469454471228 -0.039767227535077138 -0.040707627527854215 -0.040627768148841642 0.092816352491504994 -0.039767227535077138 -0.039767227535077138 -0.039767227535077138
leaf_weight=674.1331829726696 687.76230888068676 28.631780833005905 1774.8498667180538 11.425433546304701 4488.254239320755 2294.6892428547144 31.597322225570679 1747.2311175763607 73.027704492211342 10.984668642282484 6.7128530591726294
leaf_count=3314 3381 99 5141 38 22064 10313 143 5061 359 54 33
internal_value=-0.0001783 0.0709399 0.0923148 0.0482145 -0.0400555 -0.0404928 -0.0407065 0.0928164 -0.0397672 -0.0397672 -0.0397672
internal_weight=11829.3 4249.9 3562.14 40.0572 7579.4 3011.4 2326.29 3522.08 4567.99 685.118 79.7406
internal_count=50000 13720 10339 137 36280 13824 10456 10202 22456 3368 392
is_linear=0
shrinkage=0.05


Tree=14
num_leaves=11
num_cat=0
split_feature=0 1 0 2 0 1 1 0 1 2
split_gain=13540 4033.17 8.39689 0.814849 0.39864 0.197183 0.0196689 0.000676736 1.13687e-13 1.13687e-13
threshold=-0.44853405638371174 1.1997436683544895 -0.45630484924917941 2.1615885756558892 0.44645132186505937 1.1997436683544895 1.2132879063987692 0.45409552365868994 0.96316367032528827 0.68312589280629099
decision_type=2 2 2 2 2 2 2 2 2 2
left_child=1 9 6 -4 -2 8 -3 -7 -6 -1
right_child=4 2 3 -5 5 7 -8 -9 -10 -11
leaf_value=-0.039871642254804225 -0.039871642254804225 0.090524458706563019 0.074377437703542354 0.058838587545732485 -0.039871642254804225 -0.040596144279234525 0.092110531167874141 -0.040834451777516365 -0.039871642254804225 -0.039871642254804225
leaf_weight=207.90190753340721 4617.8488976955414 19.654853403568268 35.026686638593674 11.113789111375807 484.69317117333412 30.182740986347198 3552.5346684455872 2294.7103538811207 210.57522583007812 484.69317117333412
leaf_count=1011 22456 57 109 34 2357 137 10256 10202 1024 2357
internal_value=-0.000177584 0.0706691 0.0918281 0.0706346 -0.0401638 -0.0406104 0.0921018 -0.0408314 -0.0398716 -0.0398716
internal_weight=11948.9 4310.93 3618.33 46.1405 7638.01 3020.16 3572.19 2324.89 695.268 692.595
internal_count=50000 13824 10456 143 36176 13720 10313 10339 3381 3368
is_linear=0
shrinkage=0.05


Tree=15
num_leaves=10
num_cat=0
split_feature=1 0 0 0 0 2 1 0 0
split_gain=4621.66 4236.32 10023.1 41.5389 12.0078 0.848498 0.0304851 9.09495e-13 4.54747e-13
threshold=1.1997436683544895 -0.44853405638371174 0.44645132186505937 0.45409552365868994 -0.45630484924917941 3.0957286437972882 1.2132879063987692 -0.3542665056535011 0.9923105776994251
decision_type=2 2 2 2 2 2 2 2 2
left_child=8 4 7 -4 6 -6 -2 -3 -1
right_child=1 2 3 -5 5 -7 -8 -9 -10
leaf_value=0.04806400243634347 -0.056523091958546517 0.04806400243634347 -0.012970017322563837 -0.058458264865251824 -0.032051927569652916 -0.050207006636911314 -0.05843326363469481 0.04806400243634347 0.04806400243634347
leaf_weight=3878.1899164915085 21.003733545541763 578.98659062385559 50.868303716182709 3750.3202034831047 46.101991027593613 7.4798407554626456 3769.6430854797363 4838.1726391613483 15.941260755062101
leaf_count=12164 57 1816 137 10202 123 20 10256 15175 50
internal_value=0.000255236 -0.0139972 0.00439052 -0.0578495 -0.0580904 -0.0345863 -0.0584227 0.048064 0.048064
internal_weight=16956.7 13062.6 9218.35 3801.19 3844.23 53.5818 3790.65 5417.16 3894.13
internal_count=50000 37786 27330 10339 10456 143 10313 16991 12214
is_linear=0
shrinkage=0.05


Tree=16
num_leaves=14
num_cat=0
split_feature=0 1 0 2 0 1 0 1 0 0 0 1 1
split_gain=12040.9 3391.33 26.3144 2.18507 0.443156 0.213971 2.92468e-05 3.63798e-12 4.54747e-13 5.68434e-14 5.68434e-14 3.55271e-15 1.77636e-15
threshold=0.44645132186505937 1.1997436683544895 0.45409552365868994 0.31803970907125939 -0.44853405638371174 1.1997436683544895 -0.45630484924917941 9.0515661528327698 0.43851370652444671 -0.45630484924917941 0.98483088504110572 0.81597249277871886 1.0341649855466415
decision_type=2 2 2 2 2 2 2 2 2 2 2 2 2
left_child=4 10 3 -3 5 9 -7 -4 -6 -1 -2 -10 -12
right_child=1 2 7 -5 8 6 -8 -9 11 -11 12 -13 -14
leaf_value=-0.03931817420754654 -0.03931817420754654 0.017383289503485277 0.084618827938226629 0.049368736565159055 -0.03931817420754654 -0.040347436890980387 -0.040298270855355374 0.084618827938226629 -0.03931817420754654 -0.03931817420754654 -0.039318174207546533 -0.03931817420754654 -0.03931817420754654
leaf_weight=641.48763164877892 632.58345812559128 6.3001339733600608 3509.5920085906982 35.017852216959 4308.8457092642784 2221.7504343986511 30.664908617734909 143.96489667892456 5.8070696890354148 10.452725440263746 17.227640077471737 32.1324522793293 4.6456557512283316
leaf_count=3314 3268 21 9800 116 22260 10313 143 402 30 54 89 166 24
internal_value=-0.000185551 0.0655885 0.0841701 0.0444916 -0.0396377 -0.0401159 -0.0403468 0.0846188 -0.0393182 -0.0393182 -0.0393182 -0.0393182 -0.0393182
internal_weight=11600.5 4349.33 3694.87 41.318 7251.14 2904.36 2252.42 3653.56 4346.79 651.94 654.457 37.9395 21.8733
internal_count=50000 13720 10339 137 36280 13824 10456 10202 22456 3368 3381 196 113
is_linear=0
shrinkage=0.05


Tree=17
num_leaves=13
num_cat=0
split_feature=0 1 0 2 0 1 1 0 0 0 0 1
split_gain=12151.6 3403.53 7.2551 0.817071 0.462273 0.225913 0.0176683 0.000484732 4.54747e-13 1.13687e-13 1.13687e-13 1.42109e-14
threshold=-0.44853405638371174 1.1997436683544895 -0.45630484924917941 3.0957286437972882 0.44645132186505937 1.1997436683544895 1.2132879063987692 0.45409552365868994 0.42173230104982357 -0.66064461024897136 0.94360478298292205 2.4685795062915186
decision_type=2 2 2 2 2 2 2 2 2 2 2 2
left_child=1 9 6 -4 8 10 -3 -7 -2 -1 -6 -10
right_child=4 2 3 -5 5 7 -8 -9 11 -11 -12 -13
leaf_value=-0.039413436976614785 -0.039413436976614785 0.082569563726795414 0.061796326650250269 0.080474552507608099 -0.039413436976614785 -0.040262218898667858 0.084045876754272358 -0.040467023139247812 -0.039413436976614785 -0.039413436976614785 -0.039413436976614785 -0.039413436976614785
leaf_weight=407.8402693271637 4279.3873173594475 20.378656089305878 41.094247341156006 6.8278414607048026 592.97313630580902 29.271645873785019 3681.5491104125977 2222.1175853312016 64.581232666969299 251.279705286026 68.690947473049164 50.686482608318329
leaf_count=2084 21867 57 123 20 3030 137 10256 10202 330 1284 351 259
internal_value=-0.000185676 0.0653696 0.0837875 0.0644576 -0.0397372 -0.0402257 0.0840377 -0.0404644 -0.0394134 -0.0394134 -0.0394134 -0.0394134
internal_weight=11716.7 4408.97 3749.85 47.9221 7307.71 2913.05 3701.93 2251.39 4394.66 659.12 661.664 115.268
internal_count=50000 13824 10456 143 36176 13720 10313 10339 22456 3368 3381 589
is_linear=0
shrinkage=0.05


Tree=18
num_leaves=10
num_cat=0
split_feature=1 0 0 0 0 1 1 0 0
split_gain=4222.69 3803.95 9096.71 38.6894 11.5225 0.784941 0.0303381 9.09495e-13 4.54747e-13
threshold=1.1997436683544895 -0.44853405638371174 0.44645132186505937 0.45409552365868994 -0.45630484924917941 2.0890825260585446 1.2132879063987692 -0.40264385879831593 0.9923105776994251
decision_type=2 2 2 2 2 2 2 2 2
left_child=8 4 7 -4 6 -6 -2 -3 -1
right_child=1 2 3 -5 5 -7 -8 -9 -10
leaf_value=0.046830796413792758 -0.053983675543422732 0.046830796413792758 -0.012074934952747914 -0.055930194956960583 -0.042984994612563325 -0.029006604488825079 -0.055904696602820152 0.046830796413792758 0.046830796413792758
leaf_weight=3743.1347857713699 20.667201071977615 281.87368166446686 50.986734569072723 3684.7733342051506 13.405090034008024 40.042498797178268 3703.4732670783997 4946.6369353234768 15.386117994785307
leaf_count=12164 57 916 137 10202 36 107 10256 16075 50
internal_value=0.00025873 -0.0134788 0.00425574 -0.0553316 -0.0555632 -0.0325125 -0.055894 0.0468308 0.0468308
internal_weight=16500.4 12741.9 8964.27 3735.76 3777.59 53.4476 3724.14 5228.51 3758.52
internal_count=50000 37786 27330 10339 10456 143 10313 16991 12214
is_linear=0
shrinkage=0.05


Tree=19
num_leaves=12
num_cat=0
split_feature=0 1 0 2 0 1 0 0 1 0 0
split_gain=10865.4 2900.99 22.7776 2.07154 0.47464 0.226675 1.26041e-06 4.54747e-13 1.13687e-13 5.68434e-14 2.84217e-14
threshold=0.44645132186505937 1.1997436683544895 0.45409552365868994 1.7914226685012407 -0.44853405638371174 1.1997436683544895 -0.45630484924917941 0.38268393104346293 1.0090740625214671 0.9519512360082516 0.43085841847561951
decision_type=2 2 2 2 2 2 2 2 2 2 2
left_child=4 9 3 -3 5 8 -7 -6 -1 -2 -9
right_child=1 2 -4 -5 7 6 -8 10 -10 -11 -12
leaf_value=-0.038902277757071536 -0.038902277757071536 0.034792361742704316 0.078016524201766385 0.060254682518003401 -0.038902277757071536 -0.039986390275839223 -0.039976022373075043 -0.038902277757071536 -0.038902277757071536 -0.038902277757071536 -0.038902277757071536
leaf_weight=467.33316600322723 567.79139775037766 31.794643551111221 3744.7799265980721 10.668221384286879 3842.0673907399178 2145.6156690120697 29.71967189013958 217.47551268339157 152.3432525396347 54.276883453130722 72.123858690261841
leaf_count=2540 3086 103 10202 34 20882 10313 143 1182 828 295 392
internal_value=-0.000186813 0.0611669 0.0776036 0.0411894 -0.0392427 -0.0397459 -0.0399862 -0.0389023 -0.0389023 -0.0389023 -0.0389023
internal_weight=11336 4409.31 3787.24 42.4629 6926.68 2795.01 2175.34 4131.67 619.676 622.068 289.599
internal_count=50000 13720 10339 137 36280 13824 10456 22456 3368 3381 1574
is_linear=0
shrinkage=0.05


Tree=20
num_leaves=12
num_cat=0
split_feature=0 1 0 2 0 1 1 0 0 0 1
split_gain=10966.9 2913.84 6.53363 0.750065 0.495227 0.239359 0.0166534 0.000267685 4.54747e-13 5.68434e-14 5.68434e-14
threshold=-0.44853405638371174 1.1997436683544895 -0.45630484924917941 2.1615885756558892 0.44645132186505937 1.1997436683544895 1.2132879063987692 0.45409552365868994 0.30541716311814987 0.92885997002009535 1.1870294290036889
decision_type=2 2 2 2 2 2 2 2 2 2 2
left_child=1 10 6 -4 8 9 -3 -7 -2 -6 -1
right_child=4 2 3 -5 5 7 -8 -9 -10 -11 -12
leaf_value=-0.038989339027046044 -0.038989339027046044 0.07612706499681593 0.062696186047804844 0.048272898674367432 -0.038989339027046044 -0.039944265669285967 0.077542776983134359 -0.040098854286980512 -0.038989339027046044 -0.038989339027046044 -0.038989339027046044
leaf_weight=616.13886308670044 3518.2422037124634 20.887834131717682 37.532331436872482 11.862867355346678 545.07453769445419 28.3735231757164 3770.3387508392334 2146.3110791742802 659.29834866523743 83.900551706552505 10.417806863784788
leaf_count=3312 18912 57 109 34 2930 137 10256 10202 3544 451 56
internal_value=-0.000187923 0.0609892 0.0772996 0.0592323 -0.0393343 -0.0398484 0.077535 -0.0400968 -0.0389893 -0.0389893 -0.0389893
internal_weight=11448.4 4467.18 3840.62 49.3952 6981.2 2803.66 3791.23 2174.68 4177.54 628.975 626.557
internal_count=50000 13824 10456 143 36176 13720 10313 10339 22456 3381 3368
is_linear=0
shrinkage=0.05


Tree=21
num_leaves=10
num_cat=0
split_feature=1 0 0 0 0 2 1 0 0
split_gain=3866.53 3429.72 8280.5 36.4086 11.2038 0.80304 0.0306538 9.09495e-13 4.54747e-13
threshold=1.1997436683544895 -0.44853405638371174 0.44645132186505937 0.45409552365868994 -0.45630484924917941 3.0957286437972882 1.2132879063987692 0.38268393104346293 0.96065120560420703
decision_type=2 2 2 2 2 2 2 2 2
left_child=8 4 7 -4 6 -6 -2 -3 -1
right_child=1 2 3 -5 5 -7 -8 -9 -10
leaf_value=0.045721295370854932 -0.051764899061630482 0.045721295370854932 -0.01123071285484443 -0.053741014239806019 -0.028131663594963233 -0.045898061314299854 -0.053715608011575294 0.045721295370854932 0.045721295370854932
leaf_weight=3541.9790346026421 20.251672446727753 4691.0333006381989 51.081979364156723 3604.4353668093681 45.836490392684937 7.3850721120834342 3622.4273357391357 343.41255655884743 77.03819215297699
leaf_count=11954 57 15832 137 10202 123 20 10256 1159 260
internal_value=0.00025681 -0.0130274 0.0041314 -0.053147 -0.053372 -0.0305969 -0.0537048 0.0457213 0.0457213
internal_weight=16004.9 12385.9 8689.96 3655.52 3695.9 53.2216 3642.68 5034.45 3619.02
internal_count=50000 37786 27330 10339 10456 143 10313 16991 12214
is_linear=0
shrinkage=0.05


Tree=22
num_leaves=14
num_cat=0
split_feature=0 1 0 1 0 1 0 0 0 0 0 1 1
split_gain=9849.61 2510.87 20.2964 2.03467 0.481684 0.22774 1.3427e-05 9.09495e-13 4.54747e-13 5.68434e-14 5.68434e-14 5.68434e-14 7.10543e-15
threshold=0.44645132186505937 1.1997436683544895 0.45409552365868994 4.7133260369885788 -0.44853405638371174 1.1997436683544895 -0.45630484924917941 0.70803094566140079 0.42173230104982357 -0.52033848973582952 0.9923105776994251 0.60092637546254657 7.6759308232732169
decision_type=2 2 2 2 2 2 2 2 2 2 2 2 2
left_child=4 10 3 -3 5 9 -7 -4 -6 -1 11 -2 -10
right_child=1 2 7 -5 8 6 -8 -9 12 -11 -12 -13 -14
leaf_value=-0.038516904799109658 -0.038516904799109658 0.031403462007347546 0.072598599637328232 0.055336866248966166 -0.038516904799109658 -0.039629653524336589 -0.039664047913636369 0.072598599637328232 -0.038516904799109658 -0.038516904799109658 -0.038516904799109658 -0.038516904799109658 -0.038516904799109658
leaf_weight=517.290647149086 93.989317178726196 31.055634379386902 1763.3979400992393 12.436393618583677 3820.1940497159958 2067.2893029004335 28.770340651273727 2036.8102949857712 98.182149171829224 71.103442549705505 8.7350666522979719 487.94082319736481 4.7169359922409049
leaf_count=2961 538 99 4734 38 21867 10313 143 5468 562 407 50 2793 27
internal_value=-0.000184115 0.0574609 0.0722099 0.0382471 -0.03887 -0.0393861 -0.0396301 0.0725986 -0.0385169 -0.0385169 -0.0385169 -0.0385169 -0.0385169
internal_weight=11041.9 4434.37 3843.7 43.492 6607.55 2684.45 2096.06 3800.21 3923.09 588.394 590.665 581.93 102.899
internal_count=50000 13720 10339 137 36280 13824 10456 10202 22456 3368 3381 3331 589
is_linear=0
shrinkage=0.05


Tree=23
num_leaves=11
num_cat=0
split_feature=0 1 0 2 0 1 1 0 0 1
split_gain=9942.74 2523.75 6.09119 0.729013 0.502691 0.240516 0.0162795 9.35309e-05 5.68434e-14 5.68434e-14
threshold=-0.44853405638371174 1.1997436683544895 -0.45630484924917941 3.0957286437972882 0.44645132186505937 1.1997436683544895 1.2132879063987692 0.45409552365868994 0.75571138944237326 1.1072779931242402
decision_type=2 2 2 2 2 2 2 2 2 2
left_child=1 9 6 -4 -2 8 -3 -7 -6 -1
right_child=4 2 3 -5 5 7 -8 -9 -10 -11
leaf_value=-0.038596593411839887 -0.038596593411839887 0.070811817988488998 0.052288267836574379 0.069470078618614137 -0.038596593411839887 -0.03964235319806305 0.07220100502191186 -0.039735191944440709 -0.038596593411839887 -0.038596593411839887
leaf_weight=525.54993852972984 3966.9745948314667 21.206162989139557 43.404965460300446 7.1972702145576468 330.69898653030396 27.489750906825066 3823.4027962684631 2068.2868812382221 266.57306125760078 69.425588518381119
leaf_count=2975 22456 57 123 20 1872 137 10256 10202 1509 393
internal_value=-0.000186292 0.0573163 0.0719665 0.0547321 -0.0389545 -0.0394817 0.0721933 -0.039734 -0.0385966 -0.0385966
internal_weight=11150.2 4490.19 3895.21 50.6022 6660.02 2693.05 3844.61 2095.78 597.272 594.976
internal_count=50000 13824 10456 143 36176 13720 10313 10339 3381 3368
is_linear=0
shrinkage=0.05


Tree=24
num_leaves=8
num_cat=0
split_feature=1 0 0 0 0 1 1
split_gain=3547.15 3103.2 7556.83 34.5574 11.0002 0.757327 0.0313443
threshold=1.1997436683544895 -0.44853405638371174 0.44645132186505937 0.45409552365868994 -0.45630484924917941 2.0890825260585446 1.2132879063987692
decision_type=2 2 2 2 2 2 2
left_child=-1 4 -3 -4 6 -6 -2
right_child=1 2 3 -5 5 -7 -8
leaf_value=0.044720042292925616 -0.049808188698226591 0.044720042292925616 -0.010434969480064874 -0.051829422793865265 -0.039200540920134495 -0.025376575949350961 -0.051804508771337299
leaf_weight=3477.1358653903008 19.772621423006058 4837.0734803378582 51.153549194335938 3512.2263330817223 13.201061367988585 39.708438664674759 3529.4533109664917
leaf_count=12214 57 16991 137 10202 36 107 10256
internal_value=0.000251281 -0.0126313 0.00401689 -0.0512352 -0.051456 -0.0288257 -0.0517934
internal_weight=15479.7 12002.6 8400.45 3563.38 3602.14 52.9095 3549.23
internal_count=50000 37786 27330 10339 10456 143 10313
is_linear=0
shrinkage=0.05


Tree=25
num_leaves=12
num_cat=0
split_feature=0 1 0 1 0 1 0 0 0 0 0
split_gain=8962.45 2194.26 18.5157 1.87333 0.470216 0.220273 7.24015e-05 9.09495e-13 5.68434e-14 5.68434e-14 7.10543e-15
threshold=0.44645132186505937 1.1997436683544895 0.45409552365868994 5.9569411646293373 -0.44853405638371174 1.1997436683544895 -0.45630484924917941 0.96065120560420703 -0.70037615762761019 0.94360478298292205 0.98483088504110572
decision_type=2 2 2 2 2 2 2 2 2 2 2
left_child=4 9 3 -3 5 8 -7 -4 -1 -2 -11
right_child=1 2 7 -5 -6 6 -8 -9 -10 10 -12
leaf_value=-0.038159628489408348 -0.038159628489408348 0.030868482956927918 0.068083818195406709 0.057844432643158063 -0.038159628489408348 -0.039280943432877212 -0.039362166482219713 0.068083818195406709 -0.038159628489408348 -0.038159628489408348 -0.038159628489408348
leaf_weight=305.42242845892906 502.13237017393112 36.600874185562134 3554.2093431949615 7.808872550725936 3721.414027929306 1987.6212855875492 27.820537388324738 269.88301277160645 252.72338762879372 39.441420495510101 18.726388722658157
leaf_count=1843 3030 114 9482 23 22456 10313 143 720 1525 238 113
internal_value=-0.000178822 0.0543171 0.067711 0.0356119 -0.038519 -0.0390386 -0.0392821 0.0680838 -0.0381596 -0.0381596 -0.0381596
internal_weight=10723.8 4428.8 3868.5 44.4097 6295 2573.59 2015.44 3824.09 558.146 560.3 58.1678
internal_count=50000 13720 10339 137 36280 13824 10456 10202 3368 3381 351
is_linear=0
shrinkage=0.05


Tree=26
num_leaves=13
num_cat=0
split_feature=0 1 0 2 0 1 1 0 0 0 0 1
split_gain=9048 2206.83 5.82328 0.709697 0.490861 0.232674 0.0163543 5.8865e-06 4.54747e-13 5.68434e-14 5.68434e-14 5.68434e-14
threshold=-0.44853405638371174 1.1997436683544895 -0.45630484924917941 2.1615885756558892 0.44645132186505937 1.1997436683544895 1.2132879063987692 0.45409552365868994 0.33556965088635377 -0.55076138076337 0.9519512360082516 9.3732115545283197
decision_type=2 2 2 2 2 2 2 2 2 2 2 2
left_child=1 9 6 -4 8 10 -3 -7 -2 -1 -6 -10
right_child=4 2 3 -5 5 7 -8 -9 11 -11 -12 -13
leaf_value=-0.038232680240212702 -0.038232680240212702 0.066358499398443627 0.05411373018466005 0.040366008766094884 -0.038232680240212702 -0.03935615075341023 0.067745978089492939 -0.039379819109480046 -0.038232680240212702 -0.038232680240212702 -0.038232680240212702 -0.038232680240212702
leaf_weight=466.56054067611694 3301.4521017670631 21.356279969215393 39.214199513196945 12.342141598463057 517.17163380980492 26.621697500348091 3845.0237455368042 1988.8902318775654 449.46672776341438 97.870458245277405 49.437988325953484 12.401393681764601
leaf_count=2784 19700 57 109 34 3086 137 10256 10202 2682 584 295 74
internal_value=-0.000182133 0.0541996 0.0675157 0.0508226 -0.0385969 -0.0391279 0.0677383 -0.0393795 -0.0382327 -0.0382327 -0.0382327 -0.0382327
internal_weight=10827.8 4482.37 3917.94 51.5563 6345.44 2582.12 3866.38 2015.51 3763.32 564.431 566.61 461.868
internal_count=50000 13824 10456 143 36176 13720 10313 10339 22456 3368 3381 2756
is_linear=0
shrinkage=0.05


Tree=27
num_leaves=11
num_cat=0
split_feature=1 0 0 0 0 2 1 0 0 2
split_gain=3259.63 2816.31 6911.78 33.0411 10.8958 0.771598 0.0323516 4.54747e-13 4.54747e-13 1.77636e-15
threshold=1.1997436683544895 -0.44853405638371174 0.44645132186505937 0.45409552365868994 -0.45630484924917941 3.0957286437972882 1.2132879063987692 0.9923105776994251 0.97698929024845749 1.4908615296221559
decision_type=2 2 2 2 2 2 2 2 2 2
left_child=7 4 -3 -4 6 -6 -2 8 -1 -9
right_child=1 2 3 -5 5 -7 -8 9 -10 -11
leaf_value=0.043813979806819552 -0.048068337654826133 0.043813979806819552 -0.0096841747168156106 -0.050148350348404695 -0.024748755290487201 -0.042336198968567808 -0.050124193012976909 0.043813979806819559 0.043813979806819552 0.043813979806819545
leaf_weight=3290.5142666101456 19.243408530950546 4638.2219930291176 51.206535130739212 3410.6670559644699 45.305462926626205 7.2317236065864554 3427.095139503479 7.6434710025787336 30.027921795845032 6.0055843591690063
leaf_count=12054 57 16991 137 10202 123 20 10256 28 110 22
internal_value=0.000243427 -0.0122812 0.00391153 -0.0495498 -0.0497682 -0.0271697 -0.0501127 0.043814 0.043814 0.043814
internal_weight=14933.2 11599 8100.1 3461.87 3498.88 52.5372 3446.34 3334.19 3320.54 13.6491
internal_count=50000 37786 27330 10339 10456 143 10313 12214 12164 50
is_linear=0
shrinkage=0.05


Tree=28
num_leaves=14
num_cat=0
split_feature=0 1 0 2 0 1 0 0 0 0 1 0 1
split_gain=8180.84 1933 17.2268 1.77319 0.445869 0.207097 0.000179131 9.09495e-13 2.27374e-13 5.68434e-14 5.68434e-14 2.84217e-14 1.77636e-15
threshold=0.44645132186505937 1.1997436683544895 0.45409552365868994 0.31803970907125939 -0.44853405638371174 1.1997436683544895 -0.45630484924917941 0.9923105776994251 0.3899490917268062 -0.45630484924917941 1.1748240644875314 0.43851370652444671 1.1870294290036889
decision_type=2 2 2 2 2 2 2 2 2 2 2 2 2
left_child=4 10 3 -3 5 9 -7 -4 -6 -1 -2 -10 -12
right_child=1 2 7 -5 8 6 -8 -9 11 -11 12 -13 -14
leaf_value=-0.037828246214357292 -0.037828246214357292 0.0097400171877914023 0.064273077605350101 0.037405306298777412 -0.037828246214357292 -0.038942886043678432 -0.03907287165396129 0.064273077605350101 -0.037828246214357292 -0.037828246214357292 -0.037828246214357292 -0.037828246214357292 -0.037828246214357292
leaf_weight=520.4887323975563 511.6935093998909 6.8204590380191794 3765.770072221756 38.40919229388237 3310.6161708533764 1907.3348096460104 26.878089979290962 54.6740682721138 185.48497071862221 8.4811078906059247 9.109338104724884 30.783280491828918 10.20874097943306
leaf_count=3314 3258 21 10056 116 21079 10313 143 146 1181 54 58 196 65
internal_value=-0.000171909 0.0516224 0.0639099 0.0332335 -0.0381888 -0.0387049 -0.0389447 0.0642731 -0.0378282 -0.0378282 -0.0378282 -0.0378282 -0.0378282
internal_weight=10386.8 4396.69 3865.67 45.2297 5990.07 2463.18 1934.21 3820.44 3526.88 528.97 531.012 216.268 19.3181
internal_count=50000 13720 10339 137 36280 13824 10456 10202 22456 3368 3381 1377 123
is_linear=0
shrinkage=0.05


Tree=29
num_leaves=12
num_cat=0
split_feature=0 1 0 2 0 1 1 0 0 0 2
split_gain=8259.53 1945.07 5.68911 0.676823 0.465581 0.218797 0.0167662 2.45996e-05 5.68434e-14 5.68434e-14 5.68434e-14
threshold=-0.44853405638371174 1.1997436683544895 -0.45630484924917941 3.0957286437972882 0.44645132186505937 1.1997436683544895 1.2132879063987692 0.45409552365868994 -0.45630484924917941 0.96065120560420703 6.7587005347426077
decision_type=2 2 2 2 2 2 2 2 2 2 2
left_child=1 8 6 -4 -2 9 -3 -7 10 -6 -1
right_child=4 2 3 -5 5 7 -8 -9 -10 -11 -12
leaf_value=-0.037895302368657367 -0.037895302368657367 0.062578297778777076 0.045062783898748467 0.061376399767797164 -0.037895302368657367 -0.039084569956202762 0.063983037353743111 -0.039035390773455414 -0.037895302368657367 -0.037895302368657367 -0.037895302368657367
leaf_weight=520.35007882118225 3566.8441300392151 21.359512656927109 44.893200218677521 7.4069033861160269 495.73034065961838 25.770934671163559 3839.234073638916 1908.8415616750717 8.5771991014480573 41.297625303268433 6.0358067750930777
leaf_count=3276 22456 57 123 20 3121 137 10256 10202 54 260 38
internal_value=-0.000176378 0.0515276 0.0637534 0.0473732 -0.0382608 -0.0387882 0.0639753 -0.039036 -0.0378953 -0.0378953 -0.0378953
internal_weight=10486.3 4447.86 3912.89 52.3001 6038.48 2471.64 3860.59 1934.61 534.963 537.028 526.386
internal_count=50000 13824 10456 143 36176 13720 10313 10339 3368 3381 3314
is_linear=0
shrinkage=0.05


Tree=30
num_leaves=9
num_cat=0
split_feature=1 0 0 0 0 1 1 0
split_gain=2999.91 2562.74 6334.15 31.7946 10.857 0.737362 0.0336373 4.54747e-13
threshold=1.1997436683544895 -0.44853405638371174 0.44645132186505937 0.45409552365868994 -0.45630484924917941 2.0890825260585446 1.2132879063987692 0.15010773990276485
decision_type=2 2 2 2 2 2 2 2
left_child=-1 4 7 -4 6 -6 -2 -3
right_child=1 2 3 -5 5 -7 -8 -9
leaf_value=0.042991986618319857 -0.04650977289829638 0.042991986618319857 -0.0089742270712471154 -0.048660959654942118 -0.0359828167969444 -0.022209016521333634 -0.048637727022463259 0.042991986618319857
leaf_weight=3191.3132351636887 18.675598740577698 2962.1678522229195 51.249793887138367 3301.9378299117088 12.920485228300093 39.184218913316727 3317.5510749816895 1477.2953194379807
leaf_count=12214 57 11337 137 10202 36 107 10256 5654
internal_value=0.000234127 -0.01197 0.00381461 -0.0480544 -0.0482721 -0.0256245 -0.0486258 0.042992
internal_weight=14372.3 11181 7792.65 3353.19 3388.33 52.1047 3336.23 4439.46
internal_count=50000 37786 27330 10339 10456 143 10313 16991
is_linear=0
shrinkage=0.05


Tree=31
num_leaves=13
num_cat=0
split_feature=0 1 0 2 0 1 0 0 0 1 2 0
split_gain=7487.22 1714.35 16.3014 1.71096 0.413378 0.190501 0.000322379 9.09495e-13 2.27374e-13 2.27374e-13 1.13687e-13 5.68434e-14
threshold=0.44645132186505937 1.1997436683544895 0.45409552365868994 1.7914226685012407 -0.44853405638371174 1.1997436683544895 -0.45630484924917941 0.9923105776994251 0.43851370652444671 1.8604054256126643 1.2342168948910144 0.9923105776994251
decision_type=2 2 2 2 2 2 2 2 2 2 2 2
left_child=4 11 3 -3 5 10 -7 -4 9 -6 -1 -2
right_child=1 2 7 -5 8 6 -8 -9 -10 -11 -12 -13
leaf_value=-0.037520737955603796 -0.037520737955603796 0.025462884687345522 0.061021509513576669 0.04766910022155068 -0.037520737955603796 -0.038617265039383453 -0.038794764142641353 0.061021509513576669 -0.037520737955603796 -0.037520737955603796 -0.037520737955603796 -0.037520737955603796
leaf_weight=256.24614530801773 495.38938480615616 34.368624299764633 3738.7267513275146 11.602571725845335 1379.9814174771309 1827.0445964038372 25.944043919444084 54.281434535980225 29.149300336837769 1930.5462636351585 244.64591354131699 7.4360460042953482
leaf_count=1723 3331 103 10056 34 9279 10313 143 146 196 12981 1645 50
internal_value=-0.000164023 0.0492922 0.0606628 0.0310675 -0.0378784 -0.0383859 -0.0386198 0.0610215 -0.0375207 -0.0375207 -0.0375207 -0.0375207
internal_weight=10035.4 4341.8 3838.98 45.9712 5693.56 2353.88 1852.99 3793.01 3339.68 3310.53 500.892 502.825
internal_count=50000 13720 10339 137 36280 13824 10456 10202 22456 22260 3368 3381
is_linear=0
shrinkage=0.05


Tree=32
num_leaves=12
num_cat=0
split_feature=0 1 0 2 0 1 1 0 0 1 0
split_gain=7559.71 1725.84 5.63972 0.685788 0.431799 0.201311 0.0174467 0.000147359 2.27374e-13 2.27374e-13 5.68434e-14
threshold=-0.44853405638371174 1.1997436683544895 -0.45630484924917941 2.1615885756558892 0.44645132186505937 1.1997436683544895 1.2132879063987692 0.45409552365868994 0.43085841847561951 1.3202918722919728 -0.50477179335557154
decision_type=2 2 2 2 2 2 2 2 2 2 2
left_child=1 10 6 -4 8 -6 -3 -7 9 -2 -1
right_child=4 2 3 -5 5 7 -8 -9 -10 -11 -12
leaf_value=-0.037582370280770008 -0.037582370280770008 0.059333153164425903 0.047503652107369544 0.034139002715493943 -0.037582370280770008 -0.038826086186076691 0.060770296137343527 -0.038703720190853025 -0.037582370280770008 -0.037582370280770008 -0.037582370280770008
leaf_weight=458.01481939852238 921.4445923268795 21.235751509666443 40.234543293714523 12.606218427419661 508.55438567698002 24.938930556178093 3809.7926964759827 1828.7551901042461 58.962827324867249 2397.3202599585056 48.584166392683983
leaf_count=3045 6126 57 109 34 3381 137 10256 10202 392 15938 323
internal_value=-0.000169679 0.0492168 0.0605386 0.0443152 -0.037945 -0.0384636 0.0607623 -0.0387054 -0.0375824 -0.0375824 -0.0375824
internal_weight=10130.4 4390.47 3883.87 52.8408 5739.98 2362.25 3831.03 1853.69 3377.73 3318.76 506.599
internal_count=50000 13824 10456 143 36176 13720 10313 10339 22456 22064 3368
is_linear=0
shrinkage=0.05


Tree=33
num_leaves=9
num_cat=0
split_feature=1 0 0 0 0 2 1 0
split_gain=2764.56 2337.46 5814.84 30.7566 10.8823 0.748446 0.035176 4.54747e-13
threshold=1.1997436683544895 -0.44853405638371174 0.44645132186505937 0.45409552365868994 -0.45630484924917941 3.0957286437972882 1.2132879063987692 0.42173230104982357
decision_type=2 2 2 2 2 2 2 2
left_child=-1 4 7 -4 6 -6 -2 -3
right_child=1 2 3 -5 5 -7 -8 -9
leaf_value=0.042244547580256163 -0.045104050817890609 0.042244547580256163 -0.008304568833952742 -0.047337953988581698 -0.021774810471508328 -0.039317959218824833 -0.047315752042936747 0.042244547580256163
leaf_weight=3049.4635422825813 18.079183995723724 4134.2776155769825 51.278508633375168 3187.9222031235695 44.596972018480301 7.0393980145454398 3202.719220161438 107.85723352432251
leaf_count=12214 57 16559 137 10202 123 20 10256 432
internal_value=0.00022403 -0.0116918 0.00372547 -0.04672 -0.0469383 -0.0241664 -0.0473033 0.0422445
internal_weight=13803.2 10753.8 7481.34 3239.2 3272.43 51.6364 3220.8 4242.13
internal_count=50000 37786 27330 10339 10456 143 10313 16991
is_linear=0
shrinkage=0.05


Tree=34
num_leaves=14
num_cat=0
split_feature=0 1 0 1 0 1 0 0 0 0 1 2 1
split_gain=6867.93 1529.17 15.6304 1.67532 0.376519 0.172256 0.000499063 9.09495e-13 2.27374e-13 5.68434e-14 5.68434e-14 2.84217e-14 1.77636e-15
threshold=0.44645132186505937 1.1997436683544895 0.45409552365868994 4.7133260369885788 -0.44853405638371174 1.1997436683544895 -0.45630484924917941 0.96065120560420703 -0.22903738775790736 0.97698929024845749 3.5622326691245276 0.48846088063329063 0.84886333090628918
decision_type=2 2 2 2 2 2 2 2 2 2 2 2 2
left_child=4 9 3 -3 5 -1 -7 -4 10 11 -6 -2 -11
right_child=1 2 7 -5 8 6 -8 -9 -10 12 -12 -13 -14
leaf_value=-0.037235255515365599 -0.037235255515365599 0.023094214371296787 0.058221155953739771 0.044065022810607035 -0.037235255515365599 -0.038305228727883528 -0.038530104334006436 0.058221155953739771 -0.037235255515365599 -0.037235255515365578 -0.037235255515365599 -0.037235255515365599 -0.037235255515365599
leaf_weight=473.9273773431778 104.12893682718277 33.290833383798599 3480.929239988327 13.339973241090773 544.70691142976284 1747.2727185934782 25.025744155049324 264.3186092376709 2383.7083646655083 11.397897139191629 231.47581227123737 349.11336793005466 11.11646758019924
leaf_count=3368 740 99 9482 38 3871 10313 143 720 16940 81 1645 2481 79
internal_value=-0.000155647 0.0472614 0.057863 0.0290935 -0.0375871 -0.038082 -0.0383084 0.0582212 -0.0372353 -0.0372353 -0.0372353 -0.0372353 -0.0372353
internal_weight=9673.75 4267.64 3791.88 46.6308 5406.12 2246.23 1772.3 3745.25 3159.89 475.757 776.183 453.242 22.5144
internal_count=50000 13720 10339 137 36280 13824 10456 10202 22456 3381 5516 3221 160
is_linear=0
shrinkage=0.05


Tree=35
num_leaves=14
num_cat=0
split_feature=0 1 0 2 0 1 1 0 2 0 0 0 0
split_gain=6934.77 1540.04 5.66579 0.644835 0.393438 0.182076 0.0183538 0.000361577 2.27374e-13 5.68434e-14 5.68434e-14 2.84217e-14 1.77636e-15
threshold=-0.44853405638371174 1.1997436683544895 -0.45630484924917941 3.0957286437972882 0.44645132186505937 1.1997436683544895 1.2132879063987692 0.45409552365868994 0.31092380314572371 -0.48113613663166038 0.9923105776994251 -0.88048673432476832 -0.46422006793266929
decision_type=2 2 2 2 2 2 2 2 2 2 2 2 2
left_child=1 9 6 -4 8 10 -3 -7 -2 11 -6 -1 -11
right_child=4 2 3 -5 5 7 -8 -9 -10 12 -12 -13 -14
leaf_value=-0.037291970528567107 -0.037291970528567107 0.056519745700131518 0.039337785410132629 0.055164249464587291 -0.037291970528567107 -0.038580859737180784 0.058001915769855306 -0.03838596451279247 -0.037291970528567107 -0.0372919705285671 -0.037291970528567107 -0.037291970528567107 -0.037291970528567107
leaf_weight=103.61348879337311 421.2856137752533 21.003375113010406 45.729964435100555 7.4902579784393302 474.08864171802998 24.126105949282646 3760.1702995300293 1749.1533115208149 2774.792002081871 11.386097669601442 7.1163110435008994 349.69552467763424 14.659600749611853
leaf_count=728 2960 57 123 20 3331 137 10256 10202 19496 80 50 2457 103
internal_value=-0.000162494 0.0472026 0.0577657 0.0415652 -0.0376488 -0.0381545 0.0579937 -0.0383886 -0.037292 -0.037292 -0.037292 -0.037292 -0.037292
internal_weight=9764.31 4313.75 3834.39 53.2202 5450.56 2254.48 3781.17 1773.28 3196.08 479.355 481.205 453.309 26.0457
internal_count=50000 13824 10456 143 36176 13720 10313 10339 22456 3368 3381 3185 183
is_linear=0
shrinkage=0.05


Tree=36
num_leaves=10
num_cat=0
split_feature=1 0 0 0 0 1 1 0 0
split_gain=2550.74 2136.4 5346.3 29.8826 10.9457 0.721708 0.0369513 4.54747e-13 2.27374e-13
threshold=1.1997436683544895 -0.44853405638371174 0.44645132186505937 0.45409552365868994 -0.45630484924917941 2.0890825260585446 1.2132879063987692 0.41368319527225988 0.98483088504110572
decision_type=2 2 2 2 2 2 2 2 2
left_child=8 4 7 -4 6 -6 -2 -3 -1
right_child=1 2 3 -5 5 -7 -8 -9 -10
leaf_value=0.041563464901912373 -0.043828091865197372 0.041563464901912373 -0.0076737264048368061 -0.046155713612458488 -0.033189682696045927 -0.01940142925431675 -0.046134595663392224 0.041563464901912373 0.041563464901912373
leaf_weight=2882.5349428802729 17.462788760662079 3911.1099270433187 51.290735155344009 3070.244678914547 12.591171205043791 38.536641657352448 3084.2342052459717 136.25402754545212 26.917316630482674
leaf_count=12101 57 16419 137 10202 36 107 10256 572 113
internal_value=0.000213559 -0.011442 0.00364345 -0.0455234 -0.0457434 -0.022797 -0.0461216 0.0415635 0.0415635
internal_weight=13231.2 10321.7 7168.9 3121.54 3152.82 51.1278 3101.7 4047.36 2909.45
internal_count=50000 37786 27330 10339 10456 143 10313 16991 12214
is_linear=0
shrinkage=0.05


Tree=37
num_leaves=12
num_cat=0
split_feature=0 1 0 1 0 1 0 0 0 0 2
split_gain=6312.13 1370.71 15.1438 1.57243 0.338064 0.153623 0.000689549 9.09495e-13 2.27374e-13 2.84217e-14 2.84217e-14
threshold=0.44645132186505937 1.1997436683544895 0.45409552365868994 5.9569411646293373 -0.44853405638371174 1.1997436683544895 -0.45630484924917941 0.9923105776994251 0.39776180242403719 0.69244416682462318 0.13013342440405554
decision_type=2 2 2 2 2 2 2 2 2 2 2
left_child=4 9 3 -3 5 -1 -7 -4 -6 -2 -10
right_child=1 2 7 -5 8 6 -8 -9 10 -11 -12
leaf_value=-0.036970102527795881 -0.036970102527795881 0.023082754416974959 0.055789932446616175 0.047080194137399008 -0.036970102527795881 -0.038007428559810361 -0.038276683084983484 0.055789932446616175 -0.036970102527795881 -0.036970102527795881 -0.036970102527795881
leaf_weight=448.08121597766876 198.76286718249321 38.93227407336235 3627.6683313846588 8.2776345610618574 2830.5748073458672 1668.4596599042416 24.121986493468285 52.669011175632477 3.4590592682361594 251.04787842929363 153.52901521325111
leaf_count=3368 1494 114 10056 23 21276 10313 143 146 26 1887 1154
internal_value=-0.000147082 0.0454796 0.055429 0.0272904 -0.0373137 -0.0377933 -0.0380113 0.0557899 -0.0369701 -0.0369701 -0.0369701
internal_weight=9305.58 4177.36 3727.55 47.2099 5128.23 2140.66 1692.58 3680.34 2987.56 449.811 156.988
internal_count=50000 13720 10339 137 36280 13824 10456 10202 22456 3381 1180
is_linear=0
shrinkage=0.05


Tree=38
num_leaves=13
num_cat=0
split_feature=0 1 0 2 0 1 1 0 2 0 0 0
split_gain=6373.86 1380.96 5.73735 0.673619 0.35341 0.162435 0.0194604 0.000650484 4.54747e-13 2.84217e-14 2.84217e-14 7.10543e-15
threshold=-0.44853405638371174 1.1997436683544895 -0.45630484924917941 2.1615885756558892 0.44645132186505937 1.1997436683544895 1.2132879063987692 0.45409552365868994 5.5274013179829593 -0.45630484924917941 0.9923105776994251 0.42173230104982357
decision_type=2 2 2 2 2 2 2 2 2 2 2 2
left_child=1 9 6 -4 8 10 -3 -7 -2 -1 -6 -10
right_child=4 2 3 -5 5 7 -8 -9 11 -11 -12 -13
leaf_value=-0.037022352943260811 -0.037022352943260811 0.054059211161692766 0.042223116496839352 0.029035652364533562 -0.037022352943260811 -0.038348611844936584 0.055597335810191953 -0.03808277476056162 -0.037022352943260811 -0.037022352943260811 -0.037022352943260811 -0.037022352943260811
leaf_weight=445.96972918510437 2941.7315268516541 20.679217904806137 40.736662030220032 12.70313176512718 448.25744354724884 23.332937031984329 3693.5441417694092 1670.4780048727989 77.2440025806427 7.2668573856353751 6.728571653366088 2.9605715274810782
leaf_count=3314 21860 57 109 34 3331 137 10256 10202 574 54 50 22
internal_value=-0.000155134 0.0454354 0.0553547 0.0390883 -0.0373709 -0.0378611 0.0555888 -0.0380864 -0.0370224 -0.0370224 -0.0370224 -0.0370224
internal_weight=9391.63 4220.9 3767.66 53.4398 5170.73 2148.8 3714.22 1693.81 3021.94 453.237 454.986 80.2046
internal_count=50000 13824 10456 143 36176 13720 10313 10339 22456 3368 3381 596
is_linear=0
shrinkage=0.05


Tree=39
num_leaves=11
num_cat=0
split_feature=1 0 0 0 0 2 1 0 0 2
split_gain=2356 1956.22 4922.26 29.1443 11.0529 0.729997 0.0389521 4.54747e-13 2.27374e-13 1.42109e-14
threshold=1.1997436683544895 -0.44853405638371174 0.44645132186505937 0.45409552365868994 -0.45630484924917941 3.0957286437972882 1.2132879063987692 0.42173230104982357 0.92885997002009535 4.8529647615896971
decision_type=2 2 2 2 2 2 2 2 2 2
left_child=8 4 7 -4 6 -6 -2 -3 -1 -10
right_child=1 2 3 -5 5 -7 -8 -9 9 -11
leaf_value=0.040941653137148704 -0.042662943280307293 0.040941653137148704 -0.0070790164050014209 -0.045094936855616323 -0.019124774128431082 -0.036707601317064097 -0.045074924337187162 0.040941653137148704 0.040941653137148704 0.040941653137148704
leaf_weight=2669.599233224988 16.833819508552551 3758.0458814054728 51.291736215353012 2950.3008159995079 43.779006659984589 6.8231823444366446 2963.5001983642578 98.041899919509888 96.907155707478523 5.4467722177505484
leaf_count=11763 57 16559 137 10202 123 20 10256 432 427 24
internal_value=0.000203054 -0.0112167 0.00356795 -0.0444453 -0.0446679 -0.0214956 -0.0450613 0.0409417 0.0409417 0.0409417
internal_weight=12660.6 9888.62 6857.68 3001.59 3030.94 50.6022 2980.33 3856.09 2771.95 102.354
internal_count=50000 37786 27330 10339 10456 143 10313 16991 12214 451
is_linear=0
shrinkage=0.05


Tree=40
num_leaves=12
num_cat=0
split_feature=0 1 0 2 0 1 0 0 1 0 0
split_gain=5811.12 1233.9 14.802 1.52817 0.30002 0.135483 0.000894975 9.09495e-13 2.27374e-13 2.84217e-14 2.84217e-14
threshold=0.44645132186505937 1.1997436683544895 0.45409552365868994 1.7914226685012407 -0.44853405638371174 1.1997436683544895 -0.45630484924917941 0.9923105776994251 9.3732115545283197 -0.47263813147917016 0.67582967727975574
decision_type=2 2 2 2 2 2 2 2 2 2 2
left_child=4 10 3 -3 5 9 -7 -4 -6 -1 -2
right_child=1 2 7 -5 8 6 -8 -9 -10 -11 -12
leaf_value=-0.036723738344568664 -0.036723738344568664 0.020432116560045031 0.053664338108650282 0.041024549879475618 -0.036723738344568664 -0.037724173936929728 -0.038036714978073774 0.053664338108650282 -0.036723738344568664 -0.036723738344568664 -0.036723738344568664
leaf_weight=405.75290411710739 176.22849181294441 35.666922926902771 3549.6257972717285 12.054355651140211 2743.357228115201 1590.9736959934235 23.239931032061577 51.535935401916504 79.315391108393669 17.597709596157074 248.75619493424892
leaf_count=3228 1402 103 10056 34 21825 10313 143 146 631 140 1979
internal_value=-0.000138574 0.0439067 0.0532977 0.0256337 -0.0370575 -0.0375199 -0.0377287 0.0536643 -0.0367237 -0.0367237 -0.0367237
internal_weight=8934.1 4073.87 3648.88 47.7213 4860.24 2037.56 1614.21 3601.16 2822.67 423.351 424.985
internal_count=50000 13720 10339 137 36280 13824 10456 10202 22456 3368 3381
is_linear=0
shrinkage=0.05


Tree=41
num_leaves=10
num_cat=0
split_feature=0 1 0 2 0 1 1 0 0
split_gain=5868.18 1243.52 5.85697 0.624688 0.313784 0.143306 0.0207496 0.000991457 2.84217e-14
threshold=-0.44853405638371174 1.1997436683544895 -0.45630484924917941 3.0957286437972882 0.44645132186505937 1.1997436683544895 1.2132879063987692 0.45409552365868994 0.81101681075552867
decision_type=2 2 2 2 2 2 2 2 2
left_child=1 -1 6 -4 -2 8 -3 -7 -6
right_child=4 2 3 -5 5 7 -8 -9 -10
leaf_value=-0.036771919470436606 -0.036771919470436606 0.051890289767484769 0.034650545150887051 0.050232003359102453 -0.036771919470436606 -0.038128251782943524 0.053494169348291556 -0.037794449543853879 -0.036771919470436606
leaf_weight=428.24240159988403 2855.2884116172791 20.278575271368027 46.063551306724548 7.4767035245895377 278.33213096857071 22.560180470347404 3612.7980556488037 1593.0997469127178 151.56322526931763
leaf_count=3368 22456 57 123 20 2189 137 10256 10202 1192
internal_value=-0.000147823 0.0438752 0.0532433 0.0368264 -0.0371106 -0.0375832 0.0534852 -0.0377991 -0.0367719
internal_weight=9015.7 4114.86 3686.62 53.5403 4900.84 2045.56 3633.08 1615.66 429.895
internal_count=50000 13824 10456 143 36176 13720 10313 10339 3381
is_linear=0
shrinkage=0.05


Tree=42
num_leaves=11
num_cat=0
split_feature=1 0 0 0 0 2 1 0 0 0
split_gain=2178.26 1794.2 4537.42 28.5215 11.1814 0.73045 0.0411723 4.54747e-13 4.54747e-13 2.27374e-13
threshold=1.1997436683544895 -0.44853405638371174 0.44645132186505937 0.45409552365868994 -0.45630484924917941 2.1615885756558892 1.2132879063987692 0.9923105776994251 0.43085841847561951 0.54183181306371808
decision_type=2 2 2 2 2 2 2 2 2 2
left_child=7 4 8 -4 6 -6 -2 9 -3 -1
right_child=1 2 3 -5 5 -7 -8 -9 -10 -11
leaf_value=0.040372943935545746 -0.041592846261872249 0.040372943935545746 -0.0065175156228114818 -0.044139707954176904 -0.023599236729180906 -0.0093157238012864119 -0.044120793481311114 0.040372943935545746 0.040372943935545746 0.040372943935545746
leaf_weight=2037.8474228680134 16.198615908622742 3607.7478959262371 51.289351284503937 2829.2827681303024 38.378315597772598 11.673266679048536 2841.715663433075 10.79711467027664 61.327611327171326 588.87463411688805
leaf_count=9437 57 16707 137 10202 109 34 10256 50 284 2727
internal_value=0.00019271 -0.0110127 0.00349841 -0.0434698 -0.0436962 -0.020268 -0.0441065 0.0403729 0.0403729 0.0403729
internal_weight=12095.1 9457.61 6549.65 2880.57 2907.97 50.0516 2857.91 2637.52 3669.08 2626.72
internal_count=50000 37786 27330 10339 10456 143 10313 12214 16991 12164
is_linear=0
shrinkage=0.05


Tree=43
num_leaves=12
num_cat=0
split_feature=0 1 0 2 0 1 0 0 0 1 1
split_gain=5357.75 1114.84 14.5803 1.48209 0.263677 0.11838 0.00109272 4.54747e-13 2.27374e-13 2.84217e-14 1.42109e-14
threshold=0.44645132186505937 1.1997436683544895 0.45409552365868994 0.31803970907125939 -0.44853405638371174 1.1997436683544895 -0.45630484924917941 0.97698929024845749 0.37479857876560957 1.1748240644875314 8.0398286242771366
decision_type=2 2 2 2 2 2 2 2 2 2 2
left_child=4 -2 3 -3 5 9 -7 -4 -6 -1 -10
right_child=1 2 7 -5 8 6 -8 -9 10 -11 -12
leaf_value=-0.036494741992456975 -0.036494741992456975 0.0032357226481982064 0.051794474525027959 0.027786770262061361 -0.036494741992456975 -0.037455473336875704 -0.03780744945445122 0.051794474525027959 -0.036494741992456975 -0.036494741992456975 -0.036494741992456975
leaf_weight=386.43319165706635 401.26861824095249 7.2329860031604758 3363.05540817976 40.948239743709564 2454.9663911014795 1515.1202542632818 22.376388162374496 147.26700580120087 201.88048495352268 13.292542219161986 8.3078388869762403
leaf_count=3256 3381 21 9774 116 20685 10313 143 428 1701 112 70
internal_value=-0.000130251 0.0425106 0.0514195 0.0241012 -0.0368174 -0.0372613 -0.0374606 0.0517945 -0.0364947 -0.0364947 -0.0364947
internal_weight=8562.15 3959.77 3558.5 48.1812 4602.38 1937.22 1537.5 3510.32 2665.15 399.726 210.188
internal_count=50000 13720 10339 137 36280 13824 10456 10202 22456 3368 1771
is_linear=0
shrinkage=0.05


Tree=44
num_leaves=11
num_cat=0
split_feature=0 1 0 2 0 1 1 0 2 0
split_gain=5410.58 1123.88 6.00207 0.67017 0.275924 0.125271 0.0222111 0.00135864 4.54747e-13 2.84217e-14
threshold=-0.44853405638371174 1.1997436683544895 -0.45630484924917941 2.1615885756558892 0.44645132186505937 1.1997436683544895 1.2132879063987692 0.45409552365868994 3.1389554999324503 -0.47263813147917016
decision_type=2 2 2 2 2 2 2 2 2 2
left_child=1 9 6 -4 8 -6 -3 -7 -2 -1
right_child=4 2 3 -5 5 7 -8 -9 -10 -11
leaf_value=-0.036539216605570475 -0.036539216605570475 0.049964657332876881 0.03788013550154843 0.024718984149600096 -0.036539216605570475 -0.037918475900548108 0.051643360544188159 -0.037521002434028061 -0.036539216605570475 -0.036539216605570475
leaf_weight=387.55431917309761 2338.7726572155952 19.815235823392868 40.843371957540512 12.673884034156798 405.92352946847677 21.808473691344261 3520.5297827720642 1517.3259254097939 357.29914927482605 16.808427721261978
leaf_count=3228 19480 57 109 34 3381 137 10256 10202 2976 140
internal_value=-0.000140708 0.0424907 0.0513827 0.0347633 -0.0368667 -0.0373206 0.051634 -0.0375266 -0.0365392 -0.0365392
internal_weight=8639.35 3998.23 3593.86 53.5173 4641.13 1945.06 3540.35 1539.13 2696.07 404.363
internal_count=50000 13824 10456 143 36176 13720 10313 10339 22456 3368
is_linear=0
shrinkage=0.05


Tree=45
num_leaves=10
num_cat=0
split_feature=1 0 0 0 0 1 2 0 2
split_gain=2015.71 1649.38 4129.41 67.8401 27.9909 0.0436095 0.118875 2.27374e-13 2.27374e-13
threshold=1.1997436683544895 -0.45630484924917941 0.44645132186505937 -0.44853405638371174 0.45409552365868994 1.2132879063987692 1.7200333238525543 0.9923105776994251 0.64934742470978335
decision_type=2 2 2 2 2 2 2 2 2
left_child=7 5 3 -3 -4 6 -2 -1 -7
right_child=1 2 4 -5 -6 8 -8 -9 -10
leaf_value=0.039851952042266887 -0.043817394354044081 -0.019090317115838907 -0.0059883130478500367 0.039851952042266887 -0.043276742110403832 -0.043258911258426694 -0.034660807607406079 0.039851952042266887 -0.043258911258426694
leaf_weight=2496.3346751928329 10.10201784968376 49.510323464870453 51.280788391828537 3486.946930795908 2708.2048237323761 835.91262006759644 5.4605501890182486 10.261158645153044 1883.985803604126
leaf_count=12164 37 143 137 16991 10202 3152 20 50 7104
internal_value=0.000182708 -0.0108272 0.00325719 0.0390268 -0.0425838 -0.0432438 -0.0406046 0.039852 -0.0432589
internal_weight=11538 9031.4 6295.94 3536.46 2759.49 2735.46 15.5626 2506.6 2719.9
internal_count=50000 37786 27473 17134 10339 10313 57 12214 10256
is_linear=0
shrinkage=0.05


Tree=46
num_leaves=13
num_cat=0
split_feature=0 1 0 1 0 1 0 0 0 0 0 1
split_gain=4946.16 1010.52 14.4475 1.44862 0.229878 0.102648 0.00128961 4.54747e-13 2.27374e-13 2.84217e-14 3.55271e-15 3.55271e-15
threshold=0.44645132186505937 1.1997436683544895 0.45409552365868994 5.9569411646293373 -0.44853405638371174 1.1997436683544895 -0.45630484924917941 0.98483088504110572 0.43085841847561951 0.92885997002009535 0.97698929024845749 7.1678141456741651
decision_type=2 2 2 2 2 2 2 2 2 2 2 2
left_child=4 9 3 -3 5 -1 -7 -4 -6 -2 -11 -10
right_child=1 2 7 -5 8 6 -8 -9 11 10 -12 -13
leaf_value=-0.036281803629233826 -0.036281803629233826 0.018716708817346595 0.050140598290102971 0.041476763814434763 -0.036281803629233826 -0.03720115368251898 -0.037590920060174331 0.050140598290102971 -0.036281803629233826 -0.036281803629233826 -0.036281803629233826 -0.036281803629233826
leaf_weight=377.19081771373749 328.13809260725975 40.122552901506424 3316.889352530241 8.4663885533809644 2471.0030291080475 1441.147918254137 21.539344236254692 93.259309619665146 41.549226060509682 32.589824214577675 17.918803691864014 2.3518429845571509
leaf_count=3368 2930 114 9923 23 22064 10313 143 279 371 291 160 21
internal_value=-0.000122244 0.0412654 0.0497549 0.0226825 -0.0365925 -0.0370172 -0.0372069 0.0501406 -0.0362818 -0.0362818 -0.0362818 -0.0362818
internal_weight=8192.17 3837.38 3458.74 48.5889 4354.78 1839.88 1462.69 3410.15 2514.9 378.647 50.5086 43.9011
internal_count=50000 13720 10339 137 36280 13824 10456 10202 22456 3381 451 392
is_linear=0
shrinkage=0.05


Tree=47
num_leaves=13
num_cat=0
split_feature=0 1 0 2 0 1 1 0 0 2 0 1
split_gain=4995.11 1019 6.18532 0.63452 0.240693 0.108674 0.0238381 0.00173474 2.27374e-13 5.68434e-14 2.84217e-14 7.10543e-15
threshold=-0.44853405638371174 1.1997436683544895 -0.45630484924917941 3.0957286437972882 0.44645132186505937 1.1997436683544895 1.2132879063987692 0.45409552365868994 0.41368319527225988 0.78984496248831737 0.9923105776994251 7.4930998036043173
decision_type=2 2 2 2 2 2 2 2 2 2 2 2
left_child=1 9 6 -4 8 10 -3 -7 -2 -1 -6 -10
right_child=4 2 3 -5 5 7 -8 -9 11 -11 -12 -13
leaf_value=-0.036322890922274365 -0.036322890922274365 0.048243685145148187 0.030665361740804281 0.046440446334145041 -0.036322890922274365 -0.03771914176346168 0.05000579290058578 -0.037262239708841259 -0.036322890922274365 -0.036322890922274365 -0.036322890922274365 -0.036322890922274365
leaf_weight=132.67008964717388 2455.1330851018429 19.301542550325394 46.020079731941223 7.3993525505065909 377.39032332599163 21.077762246131897 3419.0625886917114 1443.4078321456909 85.765378192067146 248.91220064461231 5.6648202240467063 3.2855957299470893
leaf_count=1171 21670 57 123 20 3331 137 10256 10202 757 2197 50 29
internal_value=-0.000133893 0.0412558 0.0497336 0.0328504 -0.0366383 -0.0370727 0.0499959 -0.0372688 -0.0363229 -0.0363229 -0.0363229 -0.0363229
internal_weight=8265.09 3873.37 3491.78 53.4194 4391.72 1847.54 3438.36 1464.49 2544.18 381.582 383.055 89.051
internal_count=50000 13824 10456 143 36176 13720 10313 10339 22456 3368 3381 786
is_linear=0
shrinkage=0.05


Tree=48
num_leaves=10
num_cat=0
split_feature=1 0 0 0 0 1 2 0 2
split_gain=1866.79 1518.4 3813.42 63.4652 27.5297 0.0462569 0.120994 2.27374e-13 2.27374e-13
threshold=1.1997436683544895 -0.45630484924917941 0.44645132186505937 -0.44853405638371174 0.45409552365868994 1.2132879063987692 1.7200333238525543 -0.47263813147917016 4.6987214343005332
decision_type=2 2 2 2 2 2 2 2 2
left_child=8 5 3 -3 -4 6 -2 -7 -1
right_child=1 2 4 -5 -6 7 -8 -9 -10
leaf_value=0.039373959780207683 -0.043004641688204934 -0.017976889041270976 -0.0054911650504362039 0.039373959780207683 -0.042494885854576878 -0.042478103412648689 -0.033580247585627894 -0.042478103412648689 0.039373959780207683
leaf_weight=2260.3035616874695 9.6744502782821638 48.95213571190834 51.258797854185104 3310.1894342899323 2587.9210404157639 2521.3643774390221 5.2557688951492301 77.541457235813141 119.22994136810303
leaf_count=11602 37 143 137 16991 10202 9950 20 306 612
internal_value=0.000173122 -0.010658 0.00320096 0.0385382 -0.0417762 -0.0424622 -0.039687 -0.0424781 0.039374
internal_weight=10991.7 8612.16 5998.32 3359.14 2639.18 2613.84 14.9302 2598.91 2379.53
internal_count=50000 37786 27473 17134 10339 10313 57 10256 12214
is_linear=0
shrinkage=0.05


Tree=49
num_leaves=13
num_cat=0
split_feature=0 1 0 1 0 1 0 0 0 0 0 1
split_gain=4571.41 918.563 14.3743 1.37287 0.199044 0.0884326 0.00146749 4.54747e-13 2.27374e-13 2.84217e-14 2.84217e-14 2.84217e-14
threshold=0.44645132186505937 1.1997436683544895 0.45409552365868994 4.7133260369885788 -0.44853405638371174 1.1997436683544895 -0.45630484924917941 0.96065120560420703 -0.34015455024508107 0.9923105776994251 -0.3542665056535011 0.51921272062843637
decision_type=2 2 2 2 2 2 2 2 2 2 2 2
left_child=4 9 3 -3 5 11 -7 -4 10 -2 -6 -1
right_child=1 2 7 -5 8 6 -8 -9 -10 -11 -12 -13
leaf_value=-0.03608372965578268 -0.03608372965578268 0.016087590052016595 0.048670658393779855 0.034643834540155627 -0.03608372965578268 -0.036960896099779088 -0.037384821022653551 0.048670658393779855 -0.03608372965578268 -0.03608372965578268 -0.03608372965578268 -0.03608372965578268
leaf_weight=8.4495288133621198 351.81725596636534 35.00041389465332 3069.6238906979561 13.936440020799635 249.68357643485069 1369.2557868212461 20.723464846611023 233.08681726455688 2080.4852320700884 5.2809555083513251 41.613929405808449 347.2756342291832
leaf_count=80 3331 99 9482 38 2364 10313 143 720 19698 50 394 3288
internal_value=-0.000114585 0.0401498 0.0482721 0.0213721 -0.036382 -0.0367872 -0.0369672 0.0486707 -0.0360837 -0.0360837 -0.0360837 -0.0360837
internal_weight=7826.23 3708.75 3351.65 48.9369 4117.49 1745.7 1389.98 3302.71 2371.78 357.098 291.298 355.725
internal_count=50000 13720 10339 137 36280 13824 10456 10202 22456 3381 2758 3368
is_linear=0
shrinkage=0.05


Tree=50
num_leaves=12
num_cat=0
split_feature=0 1 0 1 0 1 1 0 0 0 2
split_gain=4616.83 926.519 6.38168 0.642165 0.208546 0.0936763 0.0256242 0.00211012 2.84217e-14 2.84217e-14 3.55271e-15
threshold=-0.44853405638371174 1.1997436683544895 -0.45630484924917941 2.0890825260585446 0.44645132186505937 1.1997436683544895 1.2132879063987692 0.45409552365868994 -0.53498752649717962 0.97698929024845749 0.22955371061351484
decision_type=2 2 2 2 2 2 2 2 2 2 2
left_child=1 8 6 -4 -2 9 -3 -7 -1 -6 -10
right_child=4 2 3 -5 5 7 -8 -9 10 -11 -12
leaf_value=-0.036121721693719064 -0.036121721693719064 0.046696229749738007 0.040612439867502202 0.027921660614359509 -0.036121721693719064 -0.037530508169616367 0.048549925854907555 -0.037017820443105302 -0.036121721693719064 -0.036121721693719064 -0.036121721693719064
leaf_weight=306.13352715969086 2399.4884767532349 18.748457312583923 13.282744288444517 39.944098889827728 344.17315566539764 20.367790579795837 3310.4596285820007 1371.547503888607 4.1672626733779898 17.096462249755859 49.579740524291992
leaf_count=2865 22456 57 36 107 3221 137 10256 10202 39 160 464
internal_value=-0.000127442 0.0401498 0.0482649 0.0310886 -0.0364246 -0.0368391 0.0485395 -0.0370253 -0.0361217 -0.0361217 -0.0361217
internal_weight=7894.99 3742.32 3382.43 53.2268 4152.67 1753.18 3329.21 1391.92 359.881 361.27 53.747
internal_count=50000 13824 10456 143 36176 13720 10313 10339 3368 3381 503
is_linear=0
shrinkage=0.05


Tree=51
num_leaves=11
num_cat=0
split_feature=1 0 0 0 0 1 2 0 0 0
split_gain=1730.14 1399.6 3524.73 59.4652 27.1307 0.0491133 0.123653 4.54747e-13 2.27374e-13 3.55271e-15
threshold=1.1997436683544895 -0.45630484924917941 0.44645132186505937 -0.44853405638371174 0.45409552365868994 1.2132879063987692 1.7200333238525543 -0.55830981120652801 0.97698929024845749 0.9923105776994251
decision_type=2 2 2 2 2 2 2 2 2 2
left_child=8 5 3 -3 -4 6 -2 -7 -1 -10
right_child=1 2 4 -5 -6 7 -8 -9 9 -11
leaf_value=0.038934815250582865 -0.042266784463458225 -0.016916244675079704 -0.005023360069823562 0.038934815250582865 -0.041784670919408677 -0.041768896876504716 -0.032541604089827612 -0.041768896876504716 0.038934815250582865 0.038934815250582851
leaf_weight=2227.0394340455532 9.2510817348957044 48.393203735351562 51.23163378238678 3139.1759601682425 2469.146223962307 2002.2273231744766 5.0542205572128287 477.22732865810394 20.32307431101799 9.2377610504627246
leaf_count=12054 37 143 137 16991 10202 8282 20 1974 110 50
internal_value=0.000164035 -0.0105033 0.00314908 0.0380869 -0.0410374 -0.041752 -0.0388308 -0.0417689 0.0389348 0.0389348
internal_weight=10458.3 8201.71 5707.95 3187.57 2520.38 2493.76 14.3053 2479.45 2256.6 29.5608
internal_count=50000 37786 27473 17134 10339 10313 57 10256 12214 160
is_linear=0
shrinkage=0.05


Tree=52
num_leaves=12
num_cat=0
split_feature=0 1 0 2 0 1 0 0 0 2 1
split_gain=4229.35 837.069 14.3559 1.36307 0.171348 0.0757703 0.00162725 4.54747e-13 2.27374e-13 5.68434e-14 1.42109e-14
threshold=0.44645132186505937 1.1997436683544895 0.45409552365868994 1.7914226685012407 -0.44853405638371174 1.1997436683544895 -0.45630484924917941 0.96065120560420703 -0.37020026578045556 2.4470358393946685 8.0398286242771366
decision_type=2 2 2 2 2 2 2 2 2 2 2
left_child=4 -2 3 -3 5 9 -7 -4 10 -1 -6
right_child=1 2 7 -5 8 6 -8 -9 -10 -11 -12
leaf_value=-0.035899418918580124 -0.035899418918580124 0.015322259662724744 0.047358551298718195 0.034477519009909481 -0.035899418918580124 -0.036734262802708376 -0.037189484868776129 0.047358551298718195 -0.035899418918580124 -0.035899418918580124 -0.035899418918580124
leaf_weight=261.33400853723288 336.59820299595594 36.821479707956314 2964.713978946209 12.419612616300581 187.46359545737505 1299.5993396043777 19.932296395301819 225.12065649032593 2039.5003805309534 73.969968892633915 8.6613557115197164
leaf_count=2625 3381 103 9482 34 1883 10313 143 720 20486 743 87
internal_value=-0.000107326 0.0391464 0.046945 0.0201536 -0.0361849 -0.0365706 -0.0367411 0.0473586 -0.0358994 -0.0358994 -0.0358994
internal_weight=7466.13 3575.67 3239.08 49.2411 3890.46 1654.84 1319.53 3189.83 2235.63 335.304 196.125
internal_count=50000 13720 10339 137 36280 13824 10456 10202 22456 3368 1970
is_linear=0
shrinkage=0.05


Tree=53
num_leaves=13
num_cat=0
split_feature=0 1 0 2 0 1 1 0 0 0 0 1
split_gain=4271.53 844.532 6.59513 0.626255 0.17966 0.0803145 0.0275673 0.00246639 2.27374e-13 2.84217e-14 2.84217e-14 1.42109e-14
threshold=-0.44853405638371174 1.1997436683544895 -0.45630484924917941 3.0957286437972882 0.44645132186505937 1.1997436683544895 1.2132879063987692 0.45409552365868994 0.36619160364932518 -0.55830981120652801 0.67582967727975574 7.0444956769971538
decision_type=2 2 2 2 2 2 2 2 2 2 2 2
left_child=1 9 6 -4 8 10 -3 -7 -2 -1 -6 -10
right_child=4 2 3 -5 5 7 -8 -9 11 -11 -12 -13
leaf_value=-0.035934578588926 -0.035934578588926 0.045296714738537969 0.027282791577277195 0.043084719952956853 -0.035934578588926 -0.037351278848768689 0.047250030072447352 -0.036787305803212524 -0.035934578588926 -0.035934578588926 -0.035934578588926 -0.035934578588926
leaf_weight=276.18066376447678 2063.599357843399 18.165613502264023 45.699177116155624 7.2671237587928763 141.21272450685501 19.678864002227783 3196.5389242172241 1301.9025870859623 185.53055530786514 63.052186548709869 199.32951626181602 12.691015183925627
leaf_count=2742 20488 57 123 20 1402 137 10256 10202 1842 626 1979 126
internal_value=-0.000121398 0.0391552 0.0469507 0.0294509 -0.0362246 -0.0366193 0.047239 -0.0367957 -0.0359346 -0.0359346 -0.0359346 -0.0359346
internal_weight=7530.85 3606.9 3267.67 52.9663 3923.94 1662.12 3214.7 1321.58 2261.82 339.233 340.542 198.222
internal_count=50000 13824 10456 143 36176 13720 10313 10339 22456 3368 3381 1968
is_linear=0
shrinkage=0.05


Tree=54
num_leaves=12
num_cat=0
split_feature=1 0 0 0 0 1 2 0 0 0 0
split_gain=1604.56 1291.59 3260.49 55.8039 26.7869 0.052183 0.126805 2.27374e-13 2.27374e-13 1.42109e-14 1.77636e-15
threshold=1.1997436683544895 -0.45630484924917941 0.44645132186505937 -0.44853405638371174 0.45409552365868994 1.2132879063987692 1.7200333238525543 0.8891792908347802 -0.47263813147917016 0.91264619986966466 0.90465577753231574
decision_type=2 2 2 2 2 2 2 2 2 2 2
left_child=7 5 3 -3 -4 6 -2 -1 -7 10 -9
right_child=1 2 4 -5 -6 8 -8 9 -10 -11 -12
leaf_value=0.038530841412680483 -0.041595313752589631 -0.015904506331357492 -0.0045828930488839448 0.038530841412680483 -0.041138026510319059 -0.041123218328783427 -0.031537658579030035 0.038530841412680476 -0.041123218328783427 0.038530841412680483 0.038530841412680483
leaf_weight=2018.6118775606155 8.8341986387968046 47.837960451841354 51.205612003803253 2974.1791893541813 2352.47082644701 2291.6590087115765 4.8567906022071829 17.329394370317463 70.477151423692703 95.049102455377579 7.0017755031585684
leaf_count=11532 37 143 137 16991 10202 9950 20 99 306 543 40
internal_value=0.000155488 -0.0103612 0.00310119 0.0376691 -0.0403593 -0.0411054 -0.0380274 0.0385308 -0.0411232 0.0385308 0.0385308
internal_weight=9939.51 7801.52 5425.69 3022.02 2403.68 2375.83 13.691 2137.99 2362.14 119.38 24.3312
internal_count=50000 37786 27473 17134 10339 10313 57 12214 10256 682 139
is_linear=0
shrinkage=0.05


Tree=55
num_leaves=11
num_cat=0
split_feature=0 1 0 2 0 1 0 0 2 0
split_gain=3916.42 764.498 14.3865 1.31822 0.146775 0.0646201 0.00176832 2.27374e-13 5.68434e-14 2.84217e-14
threshold=0.44645132186505937 1.1997436683544895 0.45409552365868994 0.31803970907125939 -0.44853405638371174 1.1997436683544895 -0.45630484924917941 0.42173230104982357 0.15004317761270974 0.96065120560420703
decision_type=2 2 2 2 2 2 2 2 2 2
left_child=4 9 3 -3 5 8 -7 -6 -1 -2
right_child=1 2 -4 -5 7 6 -8 -9 -10 -11
leaf_value=-0.035727865747970829 -0.035727865747970829 -0.00039958500924711581 0.046182784268055707 0.022443248862658818 -0.035727865747970829 -0.036520757826605486 -0.037004739011705805 -0.035727865747970829 -0.035727865747970829 -0.035727865747970829
leaf_weight=9.848403185606001 292.73206040263176 7.4310694634914389 3073.12092846632 42.083008170127869 2051.0003091394901 1232.2954072728753 19.166660070419312 55.244852155447006 306.05085328221321 24.386522173881531
leaf_count=105 3121 21 10202 116 21867 10313 143 589 3263 260
internal_value=-0.000100494 0.0382402 0.045752 0.019015 -0.0360005 -0.0363669 -0.0365282 -0.0357279 -0.0357279 -0.0357279
internal_weight=7113.36 3439.75 3122.64 49.5141 3673.61 1567.36 1251.46 2106.25 315.899 317.119
internal_count=50000 13720 10339 137 36280 13824 10456 22456 3368 3381
is_linear=0
shrinkage=0.05


Tree=56
num_leaves=14
num_cat=0
split_feature=0 1 0 2 0 1 1 0 1 0 0 2 1
split_gain=3955.64 771.502 6.82235 0.645134 0.154021 0.0685446 0.0296685 0.00278917 2.27374e-13 2.84217e-14 2.84217e-14 2.84217e-14 3.55271e-15
threshold=-0.44853405638371174 1.1997436683544895 -0.45630484924917941 2.1615885756558892 0.44645132186505937 1.1997436683544895 1.2132879063987692 0.45409552365868994 9.7630045313644747 -0.48113613663166038 0.98483088504110572 3.8579789368788742 14.084466545577472
decision_type=2 2 2 2 2 2 2 2 2 2 2 2 2
left_child=1 9 6 -4 8 10 -3 -7 -2 11 -6 -1 -10
right_child=4 2 3 -5 5 7 -8 -9 12 -11 -12 -13 -14
leaf_value=-0.035760419798179871 -0.035760419798179871 0.044023941356993619 0.030993908460136256 0.017949383180969277 -0.035760419798179871 -0.037180452491274441 0.046084914033071599 -0.036570182321199844 -0.035760419798179871 -0.035760419798179871 -0.035760419798179871 -0.035760419798179871 -0.035760419798179871
leaf_weight=274.44055679440498 2080.2252577766776 17.561510652303696 40.251932770013809 12.397733896970747 310.12162503600121 19.011071115732193 3078.8926200866699 1234.5924187302589 43.272784888744354 17.366051830351353 10.723299764096735 27.804662220180035 7.4968201890587798
leaf_count=2892 21921 57 109 34 3268 137 10256 10202 456 183 113 293 79
internal_value=-0.000115782 0.0382575 0.0457698 0.0279222 -0.0360375 -0.0364125 0.0460732 -0.0365794 -0.0357604 -0.0357604 -0.0357604 -0.0357604 -0.0357604
internal_weight=7174.16 3468.72 3149.1 52.6497 3705.44 1574.45 3096.45 1253.6 2130.99 319.611 320.845 302.245 50.7696
internal_count=50000 13824 10456 143 36176 13720 10313 10339 22456 3368 3381 3185 535
is_linear=0
shrinkage=0.05


Tree=57
num_leaves=11
num_cat=0
split_feature=1 0 0 0 0 1 0 1 0 2
split_gain=1489.01 1193.17 3018.25 52.4479 26.4864 0.0554705 0.132074 4.54747e-13 2.27374e-13 3.55271e-15
threshold=1.1997436683544895 -0.45630484924917941 0.44645132186505937 -0.44853405638371174 0.45409552365868994 1.2132879063987692 -0.60524986981333195 6.0496510766990452 0.9519512360082516 4.2609007733085864
decision_type=2 2 2 2 2 2 2 2 2 2
left_child=8 5 3 -3 -4 6 -2 -7 -1 -10
right_child=1 2 4 -5 -6 7 -8 -9 9 -11
leaf_value=0.038158783853661282 -0.041100983771587558 -0.014933829562891205 -0.0041689401205877181 0.038158783853661282 -0.040548012954028739 -0.040534126816392672 -0.030685821329654389 -0.040534126816392672 0.038158783853661282 0.038158783853661282
leaf_weight=1974.9618243277073 8.2747971415519697 47.297196000814438 51.177366346120834 2815.3852132856846 2238.3770605325699 1927.0594421625137 4.8150727003812781 320.37308442592621 44.572928160429001 4.3081640601158133
leaf_count=11919 36 143 137 16991 10202 8794 21 1462 269 26
internal_value=0.000147517 -0.0102304 0.00305697 0.0372816 -0.0397348 -0.0405152 -0.0372698 -0.0405341 0.0381588 0.0381588
internal_weight=9436.6 7412.76 5152.24 2862.68 2289.55 2260.52 13.0899 2247.43 2023.84 48.8811
internal_count=50000 37786 27473 17134 10339 10313 57 10256 12214 295
is_linear=0
shrinkage=0.05


Tree=58
num_leaves=11
num_cat=0
split_feature=0 1 0 1 0 1 0 0 2 2
split_gain=3629.57 699.597 14.4523 1.28568 0.125197 0.0548941 0.00189287 4.54747e-13 2.84217e-14 3.55271e-15
threshold=0.44645132186505937 1.1997436683544895 0.45409552365868994 5.9569411646293373 -0.44853405638371174 1.1997436683544895 -0.45630484924917941 0.92017810099485287 0.2759569594874845 0.18103699237054025
decision_type=2 2 2 2 2 2 2 2 2 2
left_child=4 8 3 -3 5 -1 -7 -4 9 -2
right_child=1 2 7 -5 -6 6 -8 -9 -10 -11
leaf_value=-0.035568135212799751 -0.035568135212799751 0.014279915433051758 0.045125497692010075 0.035546588270340136 -0.035568135212799751 -0.036319837680696188 -0.036830548609303036 0.045125497692010075 -0.035568135212799751 -0.035568135212799751
leaf_weight=297.48043620586395 15.810272589325903 41.163718700408936 2531.5125158727169 8.5898068547248823 1983.4384428262711 1167.426944501698 18.429434135556221 422.44958946108818 264.35835675895214 18.46003894507885
leaf_count=3368 179 114 8743 23 22456 10313 143 1459 2993 209
internal_value=-9.41121e-05 0.037419 0.0446754 0.0179515 -0.035828 -0.0361754 -0.0363278 0.0451255 -0.0355681 -0.0355681
internal_weight=6769.12 3302.34 3003.72 49.7535 3466.78 1483.34 1185.86 2953.96 298.629 34.2703
internal_count=50000 13720 10339 137 36280 13824 10456 10202 3381 388
is_linear=0
shrinkage=0.05


Tree=59
num_leaves=15
num_cat=0
split_feature=0 1 0 2 0 1 1 0 0 1 0 0 2 1
split_gain=3666.07 706.173 7.06691 0.645479 0.131489 0.0582721 0.0319312 0.00307489 1.13687e-13 1.13687e-13 2.84217e-14 2.84217e-14 2.84217e-14 4.44089e-16
threshold=-0.44853405638371174 1.1997436683544895 -0.45630484924917941 3.0957286437972882 0.44645132186505937 1.1997436683544895 1.2132879063987692 0.45409552365868994 0.3899490917268062 4.1658389826757682 -0.45630484924917941 -0.49601024820604761 4.9974851405645131 0.96316367032528827
decision_type=2 2 2 2 2 2 2 2 2 2 2 2 2 2
left_child=1 10 6 -4 8 12 -3 -7 9 -2 11 -1 -6 -12
right_child=4 2 3 -5 5 7 -8 -9 -10 -11 13 -13 -14 -15
leaf_value=-0.035598296455665347 -0.035598296455665347 0.042860208426271307 0.024279248367655458 0.040478221053608245 -0.035598296455665347 -0.037017940851668707 0.045036991470578824 -0.036365886844262701 -0.035598296455665347 -0.035598296455665347 -0.035598296455665347 -0.035598296455665347 -0.035598296455665347 -0.035598296455665333
leaf_weight=276.58824317157269 1445.2294244170189 16.943547517061234 45.180543005466461 7.118514120578765 289.5463353395462 18.36399745196104 2958.9037942886353 1169.7025870084763 123.05719251930714 438.51971219480038 3.0384491980075827 19.571187481284142 12.600627556443213 1.7873230576515196
leaf_count=3095 16172 57 123 20 3240 137 10256 10202 1377 4907 34 219 141 20
internal_value=-0.000110606 0.0374443 0.0447044 0.0264841 -0.0358625 -0.0362183 0.0450246 -0.036376 -0.0355983 -0.0355983 -0.0355983 -0.0355983 -0.0355983 -0.0355983
internal_weight=6826.15 3329.13 3028.15 52.2991 3497.02 1490.21 2975.85 1188.07 2006.81 1883.75 300.985 296.159 302.147 4.82577
internal_count=50000 13824 10456 143 36176 13720 10313 10339 22456 21079 3368 3314 3381 54
is_linear=0
shrinkage=0.05


Tree=60
num_leaves=12
num_cat=0
split_feature=1 0 0 0 0 1 2 0 0 0 1
split_gain=1382.55 1103.32 2795.83 49.3732 26.2159 0.0590209 0.137572 2.27374e-13 2.27374e-13 2.27374e-13 8.88178e-16
threshold=1.1997436683544895 -0.45630484924917941 0.44645132186505937 -0.44853405638371174 0.45409552365868994 1.2132879063987692 1.7200333238525543 0.9923105776994251 -0.43226688953074816 -0.46422006793266929 0.90653270645366535
decision_type=2 2 2 2 2 2 2 2 2 2 2
left_child=7 5 3 -3 -4 6 -2 8 -1 -7 -9
right_child=1 2 4 -5 -6 9 -8 10 -10 -11 -12
leaf_value=0.037815750533938403 -0.040452738129377441 -0.014012284968085948 -0.0037813037765517623 0.037815750533938403 -0.04000863783975539 -0.039995618569223498 -0.029502058238971271 0.037815750533938403 0.037815750533938403 -0.039995618569223498 0.037815750533938396
leaf_weight=542.89345347881317 8.0484435409307462 46.758565545082092 51.138550966978073 2662.9049272686243 2127.2513652443886 2105.1188213080168 4.4559434652328482 4.7017331421375266 1363.502611219883 30.611580446362495 3.1344887614250183
leaf_count=3464 37 143 137 16991 10202 10109 20 30 8700 147 20
internal_value=0.000140102 -0.0101096 0.00301608 0.0369214 -0.0391582 -0.0399756 -0.0365505 0.0378158 0.0378158 -0.0399956 0.0378158
internal_weight=8950.52 7036.29 4888.05 2709.66 2178.39 2148.23 12.5044 1914.23 1906.4 2135.73 7.83622
internal_count=50000 37786 27473 17134 10339 10313 57 12214 12164 10256 50
is_linear=0
shrinkage=0.05


Tree=61
num_leaves=13
num_cat=0
split_feature=0 1 0 2 0 1 0 0 0 0 0 0
split_gain=3366.18 641.337 14.5367 1.23609 0.106398 0.0464733 0.00198985 1.13687e-13 1.13687e-13 2.84217e-14 2.84217e-14 7.10543e-15
threshold=0.44645132186505937 1.1997436683544895 0.45409552365868994 1.7914226685012407 -0.44853405638371174 1.1997436683544895 -0.45630484924917941 0.41368319527225988 0.31282273773032993 -0.95209234960524658 0.9923105776994251 0.43085841847561951
decision_type=2 2 2 2 2 2 2 2 2 2 2 2
left_child=4 10 3 -3 5 9 -7 8 -6 -1 -2 -9
right_child=1 2 -4 -5 7 6 -8 11 -10 -11 -12 -13
leaf_value=-0.035419362025256564 -0.035419362025256564 0.01239841165166035 0.044171764708154607 0.030519267238085963 -0.035419362025256564 -0.036130932202752146 -0.036665077835778409 -0.035419362025256564 -0.035419362025256564 -0.035419362025256564 -0.035419362025256564 -0.035419362025256564
leaf_weight=23.944279432296753 276.93887079507113 37.371466487646103 2833.5594410896301 12.578457117080687 1588.7195683047175 1105.0480238348246 17.715261727571487 32.757104501128197 212.92117925733328 256.07076615095139 4.1569929569959632 32.590824782848358
leaf_count=288 3331 103 10202 34 19109 10313 143 394 2561 3080 50 392
internal_value=-8.8141e-05 0.0366726 0.0437004 0.0169616 -0.0356666 -0.0359956 -0.0361394 -0.0354194 -0.0354194 -0.0354194 -0.0354194 -0.0354194
internal_weight=6434.37 3164.61 2883.51 49.9499 3269.77 1402.78 1122.76 1866.99 1801.64 280.015 281.096 65.3479
internal_count=50000 13720 10339 137 36280 13824 10456 22456 21670 3368 3381 786
is_linear=0
shrinkage=0.05


Tree=62
num_leaves=11
num_cat=0
split_feature=0 1 0 1 0 1 1 0 1 0
split_gain=3400.18 647.515 7.31361 0.656604 0.111853 0.0493755 0.0343825 0.00332676 2.27374e-13 2.84217e-14
threshold=-0.44853405638371174 1.1997436683544895 -0.45630484924917941 2.0890825260585446 0.44645132186505937 1.1997436683544895 1.2132879063987692 0.45409552365868994 2.8156200688584581 0.9923105776994251
decision_type=2 2 2 2 2 2 2 2 2 2
left_child=1 -1 6 -4 8 9 -3 -7 -2 -6
right_child=4 2 3 -5 5 7 -8 -9 -10 -11
leaf_value=-0.03544733738459898 -0.03544733738459898 0.041789825304755931 0.034967686792051721 0.021921092886488358 -0.03544733738459898 -0.036864059431300673 0.044091505161679118 -0.036173834930459343 -0.03544733738459898 -0.03544733738459898
leaf_weight=283.3219997882843 1143.9714593589306 16.318409889936447 12.801261574029921 39.099112451076508 280.20949563384056 17.73710560798645 2837.7660202980042 1107.2892639189959 745.06619718670845 4.2060866951942435
leaf_count=3368 13599 57 36 107 3331 137 10256 10202 8857 50
internal_value=-0.000105869 0.0367055 0.0437401 0.025139 -0.0356988 -0.0360359 0.0440783 -0.0361847 -0.0354473 -0.0354473
internal_weight=6487.79 3189.31 2905.98 51.9004 3298.48 1409.44 2854.08 1125.03 1889.04 284.416
internal_count=50000 13824 10456 143 36176 13720 10313 10339 22456 3381
is_linear=0
shrinkage=0.05


Tree=63
num_leaves=11
num_cat=0
split_feature=1 0 0 0 0 1 0 0 0 0
split_gain=1284.36 1021.14 2591.33 46.5523 25.9783 0.0627697 0.142236 4.54747e-13 1.13687e-13 2.84217e-14
threshold=1.1997436683544895 -0.45630484924917941 0.44645132186505937 -0.44853405638371174 0.45409552365868994 1.2132879063987692 -0.60524986981333195 -0.48815094590144997 0.61251223481066375 0.94360478298292205
decision_type=2 2 2 2 2 2 2 2 2 2
left_child=8 5 3 -3 -4 6 -2 -7 -1 -10
right_child=1 2 4 -5 -6 7 -8 -9 9 -11
leaf_value=0.037499153712984311 -0.040042036883869023 -0.013132557377280677 -0.0034172209368823108 0.037499153712984311 -0.03951468485689439 -0.039502490615011057 -0.028731942636241094 -0.039502490615011057 0.037499153712984311 0.037499153712984311
leaf_weight=1460.5096378922462 7.528416246175766 46.231839925050735 51.103585064411163 2516.7869429439306 2019.3971757888794 1905.5660718679428 4.4071120172739011 121.76646268367767 296.69379357993603 51.99177311360836
leaf_count=9860 36 143 137 16991 10202 9640 21 616 2003 351
internal_value=0.000133258 -0.00999777 0.00297825 0.0365859 -0.0386237 -0.0394812 -0.0358659 -0.0395025 0.0374992 0.0374992
internal_weight=8481.98 6672.79 4633.52 2563.02 2070.5 2039.27 11.9355 2027.33 1809.2 348.686
internal_count=50000 37786 27473 17134 10339 10313 57 10256 12214 2354
is_linear=0
shrinkage=0.05


Tree=64
num_leaves=12
num_cat=0
split_feature=0 1 0 1 0 1 0 0 0 2 0
split_gain=3123.94 588.854 14.6481 1.22912 0.0901337 0.0392281 0.002064 2.27374e-13 1.13687e-13 5.68434e-14 2.84217e-14
threshold=0.44645132186505937 1.1997436683544895 0.45409552365868994 4.7133260369885788 -0.44853405638371174 1.1997436683544895 -0.45630484924917941 0.94360478298292205 -0.1607198069478398 4.2609007733085864 0.9923105776994251
decision_type=2 2 2 2 2 2 2 2 2 2 2
left_child=4 10 3 -3 5 -1 -7 -4 9 -6 -2
right_child=1 2 7 -5 8 6 -8 -9 -10 -11 -12
leaf_value=-0.035280770758684743 -0.035280770758684743 0.011121181494289039 0.043308980025621772 0.028515205245068648 -0.035280770758684743 -0.035953456098660547 -0.036508424118936775 0.043308980025621772 -0.035280770758684743 -0.035280770758684743 -0.035280770758684743
leaf_weight=263.46910792589188 260.57470264285803 35.975473135709763 2441.4351719915867 14.151305228471754 535.85611321032047 1045.1873554959893 17.02672515809536 271.506950289011 1186.4714845344424 34.341727547347546 3.9113584905862799
leaf_count=3368 3331 99 9181 38 6850 10313 143 1021 15167 439 50
internal_value=-8.25964e-05 0.0359918 0.0428141 0.0160317 -0.0355157 -0.0358269 -0.0359624 0.043309 -0.0352808 -0.0352808 -0.0352808
internal_weight=6109.91 3027.55 2763.07 50.1268 3082.35 1325.68 1062.21 2712.94 1756.67 570.198 264.486
internal_count=50000 13720 10339 137 36280 13824 10456 10202 22456 7289 3381
is_linear=0
shrinkage=0.05


Tree=65
num_leaves=15
num_cat=0
split_feature=0 1 0 2 0 1 1 0 0 0 0 1 2 1
split_gain=3155.65 594.664 7.56674 0.641913 0.0948546 0.041718 0.0369833 0.00353155 2.27374e-13 2.84217e-14 2.84217e-14 1.42109e-14 1.42109e-14 8.88178e-16
threshold=-0.44853405638371174 1.1997436683544895 -0.45630484924917941 2.1615885756558892 0.44645132186505937 1.1997436683544895 1.2132879063987692 0.45409552365868994 0.38268393104346293 -0.48113613663166038 0.88140726736234032 4.5693699150039668 0.21779767925105317 0.68324055758765534
decision_type=2 2 2 2 2 2 2 2 2 2 2 2 2 2
left_child=1 9 6 -4 8 10 -3 -7 -2 12 -6 -10 -1 -11
right_child=4 2 3 -5 5 7 -8 -9 11 13 -12 -13 -14 -15
leaf_value=-0.035306721760839793 -0.035306721760839793 0.04080158768262717 0.026964590766551607 0.013791259839932983 -0.035306721760839793 -0.036717176649825177 0.043236019190912224 -0.035993424530364033 -0.035306721760839793 -0.035306721760839793 -0.035306721760839793 -0.035306721760839793 -0.035306721760839793 -0.035306721760839793
leaf_weight=17.492834694683552 1652.8749959021807 15.691044688224791 39.388605177402496 12.084723383188246 208.72671986371279 17.130534715950489 2716.4998722076416 1047.3832338452339 101.94919043779373 4.8283389881253234 58.889905035495758 22.637786075472832 234.60978296399117 9.6566779762506467
leaf_count=221 20882 57 109 34 2637 137 10256 10202 1288 61 744 286 2964 122
internal_value=-0.000101566 0.0360322 0.0428642 0.0238718 -0.0355458 -0.0358648 0.043222 -0.0360051 -0.0353067 -0.0353067 -0.0353067 -0.0353067 -0.0353067 -0.0353067
internal_weight=6159.84 3050.25 2783.66 51.4733 3109.59 1332.13 2732.19 1064.51 1777.46 266.588 267.617 124.587 252.103 14.485
internal_count=50000 13824 10456 143 36176 13720 10313 10339 22456 3368 3381 1574 3185 183
is_linear=0
shrinkage=0.05


Tree=66
num_leaves=11
num_cat=0
split_feature=1 0 0 0 0 1 2 0 0 1
split_gain=1193.7 945.86 2403.07 43.9609 25.7613 0.0667942 0.149845 2.27374e-13 2.27374e-13 2.84217e-14
threshold=1.1997436683544895 -0.45630484924917941 0.44645132186505937 -0.44853405638371174 0.45409552365868994 1.2132879063987692 1.7200333238525543 0.62114649165884261 -0.46422006793266929 0.77029426128999867
decision_type=2 2 2 2 2 2 2 2 2 2
left_child=7 5 3 -3 -4 6 -2 -1 -7 -9
right_child=1 2 4 -5 -6 8 -8 9 -10 -11
leaf_value=0.037206686734546392 -0.039494587471239163 -0.01228771954843506 -0.0030766206998387832 0.037206686734546392 -0.039061613021506146 -0.039050197556536118 -0.027531157342649368 0.037206686734546392 -0.039050197556536118 0.037206686734546392
leaf_weight=1385.7004857808352 7.3068532794713956 45.726658344268799 51.061345785856247 2377.0254370421171 1915.0457170903683 1894.9140404611826 4.0783164501190186 134.02332815527916 27.554888114333153 189.00367049872875
leaf_count=9905 37 143 137 16991 10202 10109 20 958 147 1351
internal_value=0.000126992 -0.00989388 0.00294325 0.0362725 -0.0381271 -0.0390276 -0.0352091 0.0372067 -0.0390502 0.0372067
internal_weight=8031.44 6322.71 4388.86 2422.75 1966.11 1933.85 11.3852 1708.73 1922.47 323.027
internal_count=50000 37786 27473 17134 10339 10313 57 12214 10256 2309
is_linear=0
shrinkage=0.05


Tree=67
num_leaves=13
num_cat=0
split_feature=0 1 0 2 0 1 0 0 2 0 0 0
split_gain=2900.83 541.432 14.7704 1.18971 0.0761488 0.0330303 0.00212236 2.27374e-13 1.13687e-13 1.42109e-14 1.42109e-14 8.88178e-16
threshold=0.44645132186505937 1.1997436683544895 0.45409552365868994 0.31803970907125939 -0.44853405638371174 1.1997436683544895 -0.45630484924917941 0.48668580913566911 8.417917018917775 -0.45630484924917941 0.97698929024845749 0.98483088504110572
decision_type=2 2 2 2 2 2 2 2 2 2 2 2
left_child=4 10 3 -3 5 9 -7 -4 -6 -1 -2 -12
right_child=1 2 7 -5 8 6 -8 -9 -10 -11 11 -13
leaf_value=-0.035151624928926609 -0.035151624928926609 -0.0031249042881352686 0.042526445666123576 0.01839778826105902 -0.035151624928926609 -0.035786825750718586 -0.036360902279413881 0.042526445666123576 -0.035151624928926609 -0.035151624928926609 -0.035151624928926609 -0.035151624928926609
leaf_weight=243.83460335433483 236.9919304177165 7.5566923022270194 149.70270738005638 42.713671416044235 1645.9939383342862 987.85184597969055 16.366531617939472 2443.2803498208523 6.2540559098124495 3.9731649309396735 3.4581250324845305 8.3142155036330205
leaf_count=3314 3221 21 589 116 22371 10313 143 9613 85 54 47 113
internal_value=-7.74846e-05 0.0353691 0.042006 0.0151625 -0.0353745 -0.0356686 -0.0357962 0.0425264 -0.0351516 -0.0351516 -0.0351516 -0.0351516
internal_weight=5796.29 2892.02 2643.25 50.2704 2904.27 1252.03 1004.22 2592.98 1652.25 247.808 248.764 11.7723
internal_count=50000 13720 10339 137 36280 13824 10456 10202 22456 3368 3381 160
is_linear=0
shrinkage=0.05


Tree=68
num_leaves=11
num_cat=0
split_feature=0 1 0 2 0 1 1 0 2 0
split_gain=2930.42 546.897 7.83052 0.675115 0.0802279 0.0397827 0.0351634 0.00369804 2.27374e-13 1.42109e-14
threshold=-0.44853405638371174 1.1997436683544895 -0.45630484924917941 3.0957286437972882 0.44645132186505937 1.2132879063987692 1.1997436683544895 0.45409552365868994 1.6860947722876021 0.97698929024845749
decision_type=2 2 2 2 2 2 2 2 2 2
left_child=1 -1 5 -4 8 -3 9 -8 -2 -6
right_child=4 2 3 -5 6 -7 7 -9 -10 -11
leaf_value=-0.035175712512810875 -0.035175712512810875 0.039883267079392715 0.020401505968693164 0.037250283214784539 -0.035175712512810875 0.042459979468287765 -0.03657783518863289 -0.035824062317625575 -0.035175712512810875 -0.035175712512810875
leaf_weight=250.74702662229538 1093.2213001549244 15.06661820411682 44.166368871927261 6.8702237010002127 239.80290164798498 2595.969735622406 16.543534994125366 989.99331404268742 578.62407687306404 11.911972761154173
leaf_count=3368 14684 57 123 20 3221 10256 137 10202 7772 160
internal_value=-9.76928e-05 0.0354167 0.042066 0.0226696 -0.0354027 0.0424451 -0.0357043 -0.0358365 -0.0351757 -0.0351757
internal_weight=5842.92 2912.82 2662.07 51.0366 2930.1 2611.04 1258.25 1006.54 1671.85 251.715
internal_count=50000 13824 10456 143 36176 10313 13720 10339 22456 3381
is_linear=0
shrinkage=0.05


Tree=69
num_leaves=11
num_cat=0
split_feature=1 0 0 0 0 1 2 0 1 1
split_gain=1109.92 876.786 2229.54 41.5819 25.5683 0.0710313 0.154783 1.13687e-13 1.42109e-14 1.77636e-15
threshold=1.1997436683544895 -0.45630484924917941 0.44645132186505937 -0.44853405638371174 0.45409552365868994 1.2132879063987692 1.7200333238525543 0.85136498794098048 0.63232267596360348 0.52998710760286483
decision_type=2 2 2 2 2 2 2 2 2 2
left_child=7 5 3 -3 -4 6 -2 -1 9 -9
right_child=1 2 4 -5 -6 -7 -8 8 -10 -11
leaf_value=0.036936269066477803 -0.039059234851220655 -0.011485950608430693 -0.0027572570521765438 0.036936269066477803 -0.038645424902864843 -0.038634741117640634 -0.026622213653899548 0.036936269066477782 0.036936269066477803 0.036936269066477803
leaf_weight=1488.6709710359573 6.9427576065063459 45.229664027690887 51.02505499124527 2243.5700256228447 1814.3655811548233 1821.307234287262 3.9108857810497284 6.0740522146225002 98.373236954212189 19.674647390842438
leaf_count=11274 37 143 137 16991 10202 10256 20 46 745 149
internal_value=0.000121265 -0.00979713 0.00291079 0.0359794 -0.0376638 -0.0386107 -0.0345778 0.0369363 0.0369363 0.0369363
internal_weight=7599.14 5986.35 4154.19 2288.8 1865.39 1832.16 10.8536 1612.79 124.122 25.7487
internal_count=50000 37786 27473 17134 10339 10313 57 12214 940 195
is_linear=0
shrinkage=0.05


Tree=70
num_leaves=11
num_cat=0
split_feature=0 1 0 1 0 1 0 0 1 0
split_gain=2695.09 498.459 14.9112 1.15559 0.0641772 0.0277498 0.0021563 4.54747e-13 2.84217e-14 1.42109e-14
threshold=0.44645132186505937 1.1997436683544895 0.45409552365868994 5.9569411646293373 -0.44853405638371174 1.1997436683544895 -0.45630484924917941 0.9519512360082516 1.0846167826823188 -0.45630484924917941
decision_type=2 2 2 2 2 2 2 2 2 2
left_child=4 8 3 -3 5 9 -7 -4 -2 -1
right_child=1 2 7 -5 -6 6 -8 -9 -10 -11
leaf_value=-0.035031253910844905 -0.035031253910844905 0.010907500922901521 0.041815015391904693 0.031025660788464055 -0.035031253910844905 -0.035630459779094549 -0.036220807963914921 0.041815015391904693 -0.035031253910844905 -0.035031253910844905
leaf_weight=229.25994166731834 199.65123465657234 41.7935791015625 2260.7367470562458 8.6079690754413587 1553.488608956337 933.03010772913694 15.728726118803023 213.67976334691048 34.243714883923531 3.7356779873371115
leaf_count=3314 2886 114 9321 23 22456 10313 143 881 495 54
internal_value=-7.27561e-05 0.0347978 0.0412666 0.0143434 -0.0352425 -0.0355202 -0.0356402 0.041815 -0.0350313 -0.0350313
internal_weight=5493.96 2758.71 2524.82 50.4015 2735.24 1181.75 948.759 2474.42 233.895 232.996
internal_count=50000 13720 10339 137 36280 13824 10456 10202 3381 3368
is_linear=0
shrinkage=0.05


Tree=71
num_leaves=14
num_cat=0
split_feature=0 1 0 1 0 1 1 0 2 0 0 0 1
split_gain=2722.74 503.609 8.0912 0.657847 0.0676993 0.0427422 0.0295761 0.00381752 2.27374e-13 1.42109e-14 1.42109e-14 7.10543e-15 3.55271e-15
threshold=-0.44853405638371174 1.1997436683544895 -0.45630484924917941 2.0890825260585446 0.44645132186505937 1.2132879063987692 1.1997436683544895 0.45409552365868994 4.3610041084330602 -0.53498752649717962 0.91264619986966466 0.39776180242403719 0.95235589753803829
decision_type=2 2 2 2 2 2 2 2 2 2 2 2 2
left_child=1 9 5 -4 8 -3 10 -8 -2 -1 -6 -10 -11
right_child=4 2 3 -5 6 -7 7 -9 11 12 -12 -13 -14
leaf_value=-0.035053624531952807 -0.035053624531952807 0.039026940943128967 0.031565655626550719 0.018294518578981143 -0.035053624531952807 0.04175434421418886 -0.036444634042350425 -0.035665155624254409 -0.035053624531952807 -0.035053624531952807 -0.035053624531952807 -0.035053624531952807 -0.035053624531952807
leaf_weight=200.55382177233696 1480.8782197535038 14.448553919792174 12.357333004474638 38.216121107339859 198.66378575563431 2476.9024524688721 15.976074285805224 935.10977512598038 86.801654100418091 23.170441538095474 38.01072433590889 4.2700813710689536 12.040229439735411
leaf_count=2865 21155 57 36 107 2838 10256 137 10202 1240 331 543 61 172
internal_value=-9.42297e-05 0.0348528 0.0413366 0.0215372 -0.0352689 0.0417385 -0.0355538 -0.0356782 -0.0350536 -0.0350536 -0.0350536 -0.0350536 -0.0350536
internal_weight=5537.4 2777.69 2541.92 50.5735 2759.71 2491.35 1187.76 951.086 1571.95 235.764 236.675 91.0717 35.2107
internal_count=50000 13824 10456 143 36176 10313 13720 10339 22456 3368 3381 1301 503
is_linear=0
shrinkage=0.05


Tree=72
num_leaves=14
num_cat=0
split_feature=1 0 0 0 0 1 0 0 0 1 0 1 1
split_gain=1032.42 813.323 2069.45 39.3953 25.3863 0.0755191 0.162183 1.13687e-13 1.13687e-13 1.13687e-13 3.55271e-15 1.77636e-15 8.88178e-16
threshold=1.1997436683544895 -0.45630484924917941 0.44645132186505937 -0.44853405638371174 0.45409552365868994 1.2132879063987692 -0.60524986981333195 0.94360478298292205 -0.57250238408969656 0.51921272062843637 0.98483088504110572 0.65256410640821072 0.87361993603318699
decision_type=2 2 2 2 2 2 2 2 2 2 2 2 2
left_child=7 5 3 -3 -4 6 -2 9 -7 -1 11 -9 -12
right_child=1 2 4 -5 -6 8 -8 10 -10 -11 12 -13 -14
leaf_value=0.036686050990953747 -0.038773636672123558 -0.010721139213549974 -0.0024593858050519016 0.036686050990953747 -0.038262609265995402 -0.038252616788668974 -0.025810334561142831 0.036686050990953727 -0.038252616788668974 0.036686050990953747 0.036686050990953747 0.036686050990953747 0.036686050990953741
leaf_weight=47.704972743988037 6.5073372721672058 44.748992145061493 50.979792594909668 2116.3320937156677 1717.4713923037052 1342.3900701105595 3.8345131874084455 7.8470320701599148 381.57093152403831 1429.903621673584 7.4733638763427717 21.797311305999756 6.6014714241027832
leaf_count=383 36 143 137 16991 10202 7986 21 63 2270 11480 60 175 53
internal_value=0.000116072 -0.00970676 0.0028807 0.0357044 -0.0372305 -0.0382271 -0.0339672 0.0366861 -0.0382526 0.0366861 0.0366861 0.0366861 0.0366861
internal_weight=7185.16 5663.84 3929.53 2161.08 1768.45 1734.3 10.3419 1521.33 1723.96 1477.61 43.7192 29.6443 14.0748
internal_count=50000 37786 27473 17134 10339 10313 57 12214 10256 11863 351 238 113
is_linear=0
shrinkage=0.05


Tree=73
num_leaves=14
num_cat=0
split_feature=0 1 0 2 0 1 0 0 0 0 0 1 0
split_gain=2505.14 459.422 15.0538 1.13413 0.0539767 0.0232702 0.00217155 2.27374e-13 1.13687e-13 1.42109e-14 1.42109e-14 3.55271e-15 8.88178e-16
threshold=0.44645132186505937 1.1997436683544895 0.45409552365868994 1.7914226685012407 -0.44853405638371174 1.1997436683544895 -0.45630484924917941 0.97698929024845749 0.42173230104982357 -0.51272419547596071 0.97698929024845749 0.65256410640821072 0.9923105776994251
decision_type=2 2 2 2 2 2 2 2 2 2 2 2 2
left_child=4 10 3 -3 5 9 -7 -4 -6 -1 -2 -10 -12
right_child=1 2 7 -5 8 6 -8 -9 11 -11 12 -13 -14
leaf_value=-0.034919032654377305 -0.034919032654377305 0.0092418332992250298 0.041166839781121435 0.026527017350341492 -0.034919032654377305 -0.035483801271496543 -0.036088220536076264 0.041166839781121435 -0.034919032654377305 -0.034919032654377305 -0.034919032654377312 -0.034919032654377305 -0.034919032654377298
leaf_weight=194.9385669529438 209.43866716325283 37.834347933530807 2258.9332875609398 12.666912615299223 1421.855117931962 880.69524047523737 15.115516848862169 98.917888998985291 2.6009148359298697 24.058462232351303 7.1525157988071424 35.697556123137474 3.2511435449123383
leaf_count=2998 3221 103 9774 34 21867 10313 143 428 40 370 110 549 50
internal_value=-6.841e-05 0.0342723 0.0405883 0.0135774 -0.0351191 -0.0353811 -0.035494 0.0411668 -0.034919 -0.034919 -0.034919 -0.034919 -0.034919
internal_weight=5203.16 2628.19 2408.35 50.5013 2574.96 1114.81 895.811 2357.85 1460.15 218.997 219.842 38.2985 10.4037
internal_count=50000 13720 10339 137 36280 13824 10456 10202 22456 3368 3381 589 160
is_linear=0
shrinkage=0.05


Tree=74
num_leaves=15
num_cat=0
split_feature=0 1 0 2 0 1 1 0 0 0 0 0 1 1
split_gain=2530.99 464.278 8.3531 0.66585 0.0570172 0.0458866 0.0248335 0.00390347 1.13687e-13 2.84217e-14 1.42109e-14 1.42109e-14 1.42109e-14 8.88178e-16
threshold=-0.44853405638371174 1.1997436683544895 -0.45630484924917941 3.0957286437972882 0.44645132186505937 1.2132879063987692 1.1997436683544895 0.45409552365868994 0.25079587287186517 0.41368319527225988 -0.47263813147917016 0.96065120560420703 0.96316367032528827 1.060555050604169
decision_type=2 2 2 2 2 2 2 2 2 2 2 2 2 2
left_child=1 10 5 -4 8 -3 11 -8 -2 -10 12 -6 -1 -12
right_child=4 2 3 -5 6 -7 7 -9 9 -11 13 -13 -14 -15
leaf_value=-0.034939817939287431 -0.034939817939287431 0.038223938132901203 0.018204711023449147 0.035170187862159745 -0.034939817939287431 0.041111354751338453 -0.036318380852796241 -0.035516125796150232 -0.034939817939287431 -0.034939817939287431 -0.034939817939287431 -0.034939817939287431 -0.034939817939287431 -0.034939817939287417
leaf_weight=145.87188541889191 1153.6182981729507 13.840329214930533 43.428294837474823 6.6719217896461478 205.35234749317169 2359.8998527526855 15.427314095199106 882.70722948014736 272.20207035541534 51.716419458389282 7.1718698740005475 17.107212543487549 66.520738005638123 2.0397061109542847
leaf_count=2217 17533 57 123 20 3121 10256 137 10202 4137 786 109 260 1011 31
internal_value=-9.11678e-05 0.0343346 0.0406681 0.020464 -0.0351438 0.0410945 -0.0354128 -0.0355299 -0.0349398 -0.0349398 -0.0349398 -0.0349398 -0.0349398 -0.0349398
internal_weight=5243.58 2645.44 2423.84 50.1002 2598.13 2373.74 1120.59 898.135 1477.54 323.918 221.604 222.46 212.393 9.21158
internal_count=50000 13824 10456 143 36176 10313 13720 10339 22456 4923 3368 3381 3228 140
is_linear=0
shrinkage=0.05


Tree=75
num_leaves=10
num_cat=0
split_feature=1 0 0 0 0 1 2 0 0
split_gain=960.689 754.938 1921.58 37.3843 25.221 0.0803162 0.169326 1.13687e-13 1.13687e-13
threshold=1.1997436683544895 -0.45630484924917941 0.44645132186505937 -0.44853405638371174 0.45409552365868994 1.2132879063987692 1.7200333238525543 0.98483088504110572 -0.6366003718401293
decision_type=2 2 2 2 2 2 2 2 2
left_child=7 5 3 -3 -4 6 -2 -1 -7
right_child=1 2 4 -5 -6 8 -8 -9 -10
leaf_value=0.0364543408780197 -0.038317052621545639 -0.0099916082823761094 -0.0021807859993544102 0.0364543408780197 -0.037910061550526744 -0.037900708025965797 -0.024681548172379688 0.0364543408780197 -0.037900708025965797
leaf_weight=1420.9779830053449 6.2783499062061292 44.286171555519104 50.94061005115509 1995.1935302242637 1624.4318643212318 1086.6274649649858 3.5722152888774872 13.269193626940249 543.87016205489635
leaf_count=12101 37 143 137 16991 10202 6835 20 113 3421
internal_value=0.000111402 -0.00962208 0.00285276 0.0354458 -0.0368237 -0.0378735 -0.0333723 0.0364543 -0.0379007
internal_weight=6789.45 5355.2 3714.85 2039.48 1675.37 1640.35 9.85057 1434.25 1630.5
internal_count=50000 37786 27473 17134 10339 10313 57 12214 10256
is_linear=0
shrinkage=0.05


Tree=76
num_leaves=12
num_cat=0
split_feature=0 1 0 1 0 1 0 0 1 0 0
split_gain=2329.59 423.877 15.2079 1.10571 0.0453159 0.0194821 0.00217128 2.27374e-13 2.27374e-13 1.42109e-14 1.42109e-14
threshold=0.44645132186505937 1.1997436683544895 0.45409552365868994 4.7133260369885788 -0.44853405638371174 1.1997436683544895 -0.45630484924917941 0.9923105776994251 4.377504317769584 -0.45630484924917941 0.82706302695806055
decision_type=2 2 2 2 2 2 2 2 2 2 2
left_child=4 10 3 -3 5 9 -7 -4 -6 -1 -2
right_child=1 2 7 -5 8 6 -8 -9 -10 -11 -12
leaf_value=-0.03481438827584752 -0.03481438827584752 0.0082412381851613339 0.040575123315915583 0.024698372708555762 -0.03481438827584752 -0.035346293094923216 -0.035962902461526662 0.040575123315915583 -0.03481438827584752 -0.03481438827584752 -0.03481438827584752
leaf_weight=202.47719804942608 140.46321011334658 36.410608023405075 2211.6759495735168 14.181672573089598 1080.4486331641674 830.80736469477415 14.526599682867525 32.110649228096008 291.55738958716393 3.299266353249549 66.107522115111351
leaf_count=3314 2299 99 10056 38 17684 10313 143 146 4772 54 1082
internal_value=-6.44375e-05 0.0337874 0.0399639 0.0128544 -0.0350036 -0.0352507 -0.0353569 0.0405751 -0.0348144 -0.0348144 -0.0348144
internal_weight=4924.07 2500.95 2294.38 50.5923 2423.12 1051.11 845.334 2243.79 1372.01 205.776 206.571
internal_count=50000 13720 10339 137 36280 13824 10456 10202 22456 3368 3381
is_linear=0
shrinkage=0.05


Tree=77
num_leaves=13
num_cat=0
split_feature=0 1 0 2 1 0 1 0 0 2 2 1
split_gain=2353.79 428.461 8.6152 0.677236 0.0492554 0.0479382 0.0208194 0.003948 1.13687e-13 1.42109e-14 1.42109e-14 1.77636e-15
threshold=-0.44853405638371174 1.1997436683544895 -0.45630484924917941 2.1615885756558892 1.2132879063987692 0.44645132186505937 1.1997436683544895 0.45409552365868994 0.43085841847561951 0.13699012186712792 1.6860947722876021 1.8786363229361489
decision_type=2 2 2 2 2 2 2 2 2 2 2 2
left_child=1 9 4 -4 -3 8 10 -8 -2 -1 -7 -10
right_child=5 2 3 -5 -6 6 7 -9 11 -11 -12 -13
leaf_value=-0.034833713678832541 -0.034833713678832541 0.037466221068159382 0.022669067063883414 0.008861910269414729 0.0405243011687383 -0.034833713678832541 -0.036197629995692635 -0.035376415321499308 -0.034833713678832527 -0.034833713678832541 -0.034833713678832541 -0.034833713678832541
leaf_weight=4.7606087401509276 1364.1307953596115 13.244956210255621 38.035483598709106 11.586648881435393 2245.4544956684113 135.7700882256031 14.89716739207506 832.74706360697746 10.26313053071499 203.46965407580137 73.263913728296757 13.972695782780646
leaf_count=77 22064 57 109 34 10256 2196 137 10202 166 3291 1185 226
internal_value=-8.84909e-05 0.0338571 0.0400536 0.0194451 0.0405064 -0.0350269 -0.0352806 -0.0353908 -0.0348337 -0.0348337 -0.0348337 -0.0348337
internal_weight=4961.6 2516.55 2308.32 49.6221 2258.7 2445.04 1056.68 847.644 1388.37 208.23 209.034 24.2358
internal_count=50000 13824 10456 143 10313 36176 13720 10339 22456 3368 3381 392
is_linear=0
shrinkage=0.05


Tree=78
num_leaves=10
num_cat=0
split_feature=1 0 0 0 0 1 0 0 0
split_gain=894.234 701.164 1784.9 35.5335 25.0627 0.085338 0.17626 1.13687e-13 1.13687e-13
threshold=1.1997436683544895 -0.45630484924917941 0.44645132186505937 -0.44853405638371174 0.45409552365868994 1.2132879063987692 -0.60524986981333195 0.62914178556564715 -0.53498752649717962
decision_type=2 2 2 2 2 2 2 2 2
left_child=7 5 3 -3 -4 6 -2 -1 -7
right_child=1 2 4 -5 -6 8 -8 -9 -10
leaf_value=0.036239621721290145 -0.038077910829846962 -0.0092921517599524432 -0.0019212678312725798 0.036239621721290145 -0.037585016516872301 -0.037576270831756832 -0.023903653342973501 0.036239621721290145 -0.037576270831756832
leaf_weight=1100.9421017020941 5.8818259835243225 43.849201261997223 50.895366072654724 1880.0107788965106 1535.2767934501171 1314.3708599209785 3.4974481612443906 250.50582093000412 226.57421773672104
leaf_count=9950 36 143 137 16991 10202 8748 21 2264 1508
internal_value=0.000107249 -0.00954247 0.00282682 0.0352018 -0.0364407 -0.0375473 -0.0327925 0.0362396 -0.0375763
internal_weight=6411.8 5060.36 3510.03 1923.86 1586.17 1550.32 9.37927 1351.45 1540.95
internal_count=50000 37786 27473 17134 10339 10313 57 12214 10256
is_linear=0
shrinkage=0.05


Tree=79
num_leaves=13
num_cat=0
split_feature=0 1 0 2 0 1 0 0 0 0 0 1
split_gain=2167.2 391.445 15.3611 1.08241 0.0379876 0.0162888 0.00215867 4.54747e-13 1.13687e-13 1.42109e-14 3.55271e-15 3.55271e-15
threshold=0.44645132186505937 1.1997436683544895 0.45409552365868994 0.31803970907125939 -0.44853405638371174 1.1997436683544895 -0.45630484924917941 0.8965292679762138 0.41368319527225988 0.55717148023209795 0.45409552365868994 1.0219570480394902
decision_type=2 2 2 2 2 2 2 2 2 2 2 2
left_child=4 9 3 -3 5 -1 -7 -4 -6 10 -2 -10
right_child=1 2 7 -5 8 6 -8 -9 11 -11 -12 -13
leaf_value=-0.034716792333287831 -0.034716792333287831 -0.0051735492287811021 0.040033976009286293 0.015254836684993854 -0.034716792333287831 -0.035217417865393744 -0.03584460432170427 0.040033976009286293 -0.034716792333287831 -0.034716792333287831 -0.034716792333287831 -0.034716792333287831
leaf_weight=193.29865631461143 3.3861700482666484 7.6350291669368735 1733.1495366692543 43.024470597505569 1243.7000838294625 783.31584068387747 13.963871717453001 399.47518569231033 10.158510144799946 153.98464812710881 36.673943404108286 34.952162023633718
leaf_count=3368 59 21 8291 116 21670 10313 143 1911 177 2683 639 609
internal_value=-6.08388e-05 0.033339 0.0393876 0.012176 -0.0348957 -0.0351286 -0.0352284 0.040034 -0.0347168 -0.0347168 -0.0347168 -0.0347168
internal_weight=4656.72 2377.33 2183.28 50.6595 2279.39 990.578 797.28 2132.62 1288.81 194.045 40.0601 45.1107
internal_count=50000 13720 10339 137 36280 13824 10456 10202 22456 3381 698 786
is_linear=0
shrinkage=0.05


Tree=80
num_leaves=12
num_cat=0
split_feature=0 1 0 2 1 0 1 0 1 0 0
split_gain=2189.86 395.773 8.88223 0.680468 0.0527955 0.040248 0.0174323 0.00396284 2.27374e-13 1.42109e-14 1.42109e-14
threshold=-0.44853405638371174 1.1997436683544895 -0.45630484924917941 3.0957286437972882 1.2132879063987692 0.44645132186505937 1.1997436683544895 0.45409552365868994 2.7166207259447721 -0.45630484924917941 -0.61316306281799116
decision_type=2 2 2 2 2 2 2 2 2 2 2
left_child=1 9 4 -4 -3 8 -7 -8 -2 10 -1
right_child=5 2 3 -5 -6 6 7 -9 -10 -11 -12
leaf_value=-0.034734764083720615 -0.034734764083720615 0.036749417286077335 0.016175712736144512 0.033543946070015034 0.039987351143904337 -0.034734764083720615 -0.03608293673507746 -0.035245479458261043 -0.034734764083720615 -0.034734764083720615 -0.034734764083720615
leaf_weight=137.87752209603786 767.50271882861853 12.663996636867521 42.656161516904831 6.4986123442649832 2133.962354183197 196.3622165992856 14.384843736886976 785.18009850382805 536.70016077905893 3.1362199634313574 54.593458622694016
leaf_count=2374 13215 57 123 20 10256 3381 137 10202 9241 54 940
internal_value=-8.61899e-05 0.0334159 0.039487 0.0184719 0.0399682 -0.0349175 -0.0351569 -0.0352605 -0.0347348 -0.0347348 -0.0347348
internal_weight=4691.52 2391.39 2195.78 49.1548 2146.63 2300.13 995.927 799.565 1304.2 195.607 192.471
internal_count=50000 13824 10456 143 10313 36176 13720 10339 22456 3368 3314
is_linear=0
shrinkage=0.05


Tree=81
num_leaves=10
num_cat=0
split_feature=1 0 0 0 0 1 2 0 0
split_gain=832.632 651.579 1658.45 33.8305 24.9167 0.0906845 0.185304 1.13687e-13 1.13687e-13
threshold=1.1997436683544895 -0.45630484924917941 0.44645132186505937 -0.44853405638371174 0.45409552365868994 1.2132879063987692 1.7200333238525543 0.94360478298292205 -0.46422006793266929
decision_type=2 2 2 2 2 2 2 2 2
left_child=7 5 3 -3 -4 6 -2 -1 -7
right_child=1 2 4 -5 -6 8 -8 -9 -10
leaf_value=0.036040524811357048 -0.037686326663327128 -0.0086303615757385953 -0.0016790486526606276 0.036040524811357048 -0.037285018177563488 -0.037276839322842252 -0.022726549417768929 0.036040524811357048 -0.037276839322842252
leaf_weight=1236.2353251874447 5.6675489842891675 43.423188656568527 50.857673346996307 1770.6207881867886 1450.002531170845 1434.4398647993803 3.261102020740509 36.577476114034653 20.858903959393501
leaf_count=11863 37 143 137 16991 10202 10109 20 351 147
internal_value=0.000103567 -0.00946742 0.00280267 0.0349712 -0.0360785 -0.037246 -0.0322224 0.0360405 -0.0372768
internal_weight=6051.94 4779.13 3314.9 1814.04 1500.86 1464.23 8.92865 1272.81 1455.3
internal_count=50000 37786 27473 17134 10339 10313 57 12214 10256
is_linear=0
shrinkage=0.05


Tree=82
num_leaves=11
num_cat=0
split_feature=0 1 0 2 0 1 0 1 0 1
split_gain=2016.84 361.794 15.5221 1.04792 0.0318007 0.0136023 0.00213049 1.13687e-13 1.42109e-14 7.10543e-15
threshold=0.44645132186505937 1.1997436683544895 0.45409552365868994 1.7914226685012407 -0.44853405638371174 1.1997436683544895 -0.45630484924917941 6.0496510766990452 0.85136498794098048 9.7630045313644747
decision_type=2 2 2 2 2 2 2 2 2 2
left_child=4 8 3 -3 5 -1 -7 -6 -2 -9
right_child=1 2 -4 -5 7 6 -8 9 -10 -11
leaf_value=-0.03462574847919616 -0.03462574847919616 0.0073846235241554897 0.039538259977826139 0.02398046313506591 -0.03462574847919616 -0.035096657592499192 -0.035732318351992795 -0.03462574847919616 -0.03462574847919616 -0.03462574847919616
leaf_weight=181.52892562747002 131.56535257026553 38.039397895336151 2024.6823603510857 12.683551549911497 1080.1725648753345 738.16165874153376 13.421263106167315 101.32849767804146 50.664248839020729 28.835503328591585
leaf_count=3368 2441 103 10202 34 20041 10313 143 1880 940 535
internal_value=-5.75583e-05 0.0329228 0.0388538 0.0115345 -0.0347948 -0.0350142 -0.035108 -0.0346257 -0.0346257 -0.0346257
internal_weight=4401.08 2257.63 2075.41 50.7229 2143.45 933.112 751.583 1210.34 182.23 130.164
internal_count=50000 13720 10339 137 36280 13824 10456 22456 3381 2415
is_linear=0
shrinkage=0.05


Tree=83
num_leaves=14
num_cat=0
split_feature=0 1 0 2 1 0 1 0 0 0 0 0 2
split_gain=2038.09 365.89 9.14088 0.676937 0.056574 0.0337494 0.0145804 0.00394289 1.13687e-13 1.13687e-13 1.42109e-14 1.42109e-14 1.42109e-14
threshold=-0.44853405638371174 1.1997436683544895 -0.45630484924917941 2.1615885756558892 1.2132879063987692 0.44645132186505937 1.1997436683544895 0.45409552365868994 0.38268393104346293 0.33556965088635377 -0.46422006793266929 0.9519512360082516 4.6987214343005332
decision_type=2 2 2 2 2 2 2 2 2 2 2 2 2
left_child=1 10 4 -4 -3 8 11 -8 9 -2 12 -7 -1
right_child=5 2 3 -5 -6 6 7 -9 -10 -11 -12 -13 -14
leaf_value=-0.034642467025776356 -0.034642467025776356 0.036066300395503341 0.02080299406307037 0.0068607181828359842 0.039495425323180199 -0.034642467025776356 -0.035973081627763172 -0.035122801528089047 -0.034642467025776356 -0.034642467025776356 -0.034642467025776356 -0.034642467025776356 -0.034642467025776356
leaf_weight=168.91890865936875 1074.4922507554293 12.099746227264403 37.322969436645508 11.354659080505369 2025.7347354888916 168.31893836706877 13.890153288841246 739.94810988008976 85.850294552743435 64.469535045325756 5.6179036460816851 16.090112384408712 9.1631826460361463
leaf_count=3097 19700 57 109 34 10256 3086 137 10202 1574 1182 103 295 168
internal_value=-8.42405e-05 0.0330076 0.0389636 0.0175508 0.0394751 -0.0348153 -0.035041 -0.0351385 -0.0346425 -0.0346425 -0.0346425 -0.0346425 -0.0346425
internal_weight=4433.27 2270.21 2086.51 48.6776 2037.83 2163.06 938.247 753.838 1224.81 1138.96 183.7 184.409 178.082
internal_count=50000 13824 10456 143 10313 36176 13720 10339 22456 20882 3368 3381 3265
is_linear=0
shrinkage=0.05


Tree=84
num_leaves=9
num_cat=0
split_feature=1 0 0 0 0 1 0 0
split_gain=775.49 605.814 1541.37 32.2619 24.7756 0.0962713 0.191861 1.13687e-13
threshold=1.1997436683544895 -0.45630484924917941 0.44645132186505937 -0.44853405638371174 0.45409552365868994 1.2132879063987692 -0.60524986981333195 -0.48113613663166038
decision_type=2 2 2 2 2 2 2 2
left_child=-1 5 3 -3 -4 6 -2 -7
right_child=1 2 4 -5 -6 7 -8 -9
leaf_value=0.035855799312568416 -0.037485577148834291 -0.0079968459744546548 -0.0014538636739197799 0.035855799312568416 -0.037007869795582814 -0.037000218303223177 -0.02196980105578996 -0.037000218303223177
leaf_weight=1198.2137736827135 5.3083416223526001 43.023470938205719 50.818516582250595 1666.8454420045018 1368.5780650675297 1312.1890306770802 3.1895817071199399 61.337270468473434
leaf_count=12214 36 143 137 16991 10202 9798 21 458
internal_value=0.00010037 -0.00939639 0.0027802 0.0347524 -0.0357349 -0.0369674 -0.0316619 -0.0370002
internal_weight=5709.5 4511.29 3129.27 1709.87 1419.4 1382.02 8.49792 1373.53
internal_count=50000 37786 27473 17134 10339 10313 57 10256
is_linear=0
shrinkage=0.05


Tree=85
num_leaves=11
num_cat=0
split_feature=0 1 0 1 0 1 0 1 0 2
split_gain=1877.52 334.641 15.6817 1.04589 0.0265908 0.0113474 0.00209331 2.27374e-13 1.42109e-14 7.10543e-15
threshold=0.44645132186505937 1.1997436683544895 0.45409552365868994 5.9569411646293373 -0.44853405638371174 1.1997436683544895 -0.45630484924917941 2.9176989721097342 0.58873655434053163 1.271536970023089
decision_type=2 2 2 2 2 2 2 2 2 2
left_child=4 8 3 -3 5 -1 -7 -4 -2 -10
right_child=1 2 7 -5 -6 6 -8 -9 9 -11
leaf_value=-0.034540807507517771 -0.034540807507517771 0.007701417566326519 0.039083463982944343 0.026878858893162889 -0.034540807507517771 -0.034983526931253096 -0.035626256128752566 0.039083463982944343 -0.034540807507517771 -0.034540807507517771
leaf_weight=170.43322038650513 44.784263670444489 42.222495049238205 957.46624217927456 8.5491697490215284 1136.3564124107361 695.27881646156311 12.903397262096403 962.73635320365429 68.669204294681549 57.637600362300873
leaf_count=3368 885 114 5087 23 22456 10313 143 5115 1357 1139
internal_value=-5.46215e-05 0.0325357 0.0383583 0.0109306 -0.0347005 -0.0349071 -0.0349952 0.0390835 -0.0345408 -0.0345408
internal_weight=4157.04 2142.07 1970.97 50.7717 2014.97 878.615 708.182 1920.2 171.091 126.307
internal_count=50000 13720 10339 137 36280 13824 10456 10202 3381 2496
is_linear=0
shrinkage=0.05


Tree=86
num_leaves=15
num_cat=0
split_feature=0 1 0 2 1 0 1 0 0 1 0 0 1 1
split_gain=1897.46 338.519 9.40209 0.693014 0.0605375 0.0282717 0.0121845 0.00389769 1.13687e-13 1.13687e-13 1.42109e-14 1.42109e-14 1.77636e-15 8.88178e-16
threshold=-0.44853405638371174 1.1997436683544895 -0.45630484924917941 3.0957286437972882 1.2132879063987692 0.44645132186505937 1.1997436683544895 0.45409552365868994 0.43851370652444671 2.3474403199631566 -0.50477179335557154 0.9923105776994251 0.62266179541750466 4.769440773210694
decision_type=2 2 2 2 2 2 2 2 2 2 2 2 2 2
left_child=1 10 4 -4 -3 8 11 -8 9 -2 -1 -7 -12 -10
right_child=5 2 3 -5 -6 6 7 -9 13 -11 12 -13 -14 -15
leaf_value=-0.034556364561425489 -0.034556364561425489 0.035413802783800102 0.01433922727964179 0.032089308111856896 0.039044061338344677 -0.034556364561425489 -0.035868409447350841 -0.03500789241537465 -0.034556364561425489 -0.034556364561425489 -0.034556364561425447 -0.034556364561425489 -0.034556364561425489 -0.034556364561425475
leaf_weight=155.93355724588037 591.77937193214893 11.552969723939894 41.887009710073471 6.3299735784530631 1921.0092844963074 170.57953339442611 13.412410125136374 696.98603247106075 7.9375045560300332 548.14870172739029 3.2262115292251137 2.5604853406548491 13.314523771405218 2.099597979336977
leaf_count=3045 11556 57 123 20 10256 3331 137 10202 155 10704 63 50 260 41
internal_value=-8.26399e-05 0.0326282 0.0384782 0.0166695 0.0390224 -0.0347198 -0.0349325 -0.0350241 -0.0345564 -0.0345564 -0.0345564 -0.0345564 -0.0345564 -0.0345564
internal_weight=4186.76 2153.25 1980.78 48.217 1932.56 2033.5 883.538 710.398 1149.97 1139.93 172.474 173.14 16.5407 10.0371
internal_count=50000 13824 10456 143 10313 36176 13720 10339 22456 22260 3368 3381 323 196
is_linear=0
shrinkage=0.05


Tree=87
num_leaves=9
num_cat=0
split_feature=1 0 0 0 0 1 2 0
split_gain=722.456 563.531 1432.89 30.8172 24.6355 0.102198 0.202681 1.13687e-13
threshold=1.1997436683544895 -0.45630484924917941 0.44645132186505937 -0.44853405638371174 0.45409552365868994 1.2132879063987692 1.7200333238525543 -0.49601024820604761
decision_type=2 2 2 2 2 2 2 2
left_child=-1 5 3 -3 -4 6 -2 -7
right_child=1 2 4 -5 -6 7 -8 -9
leaf_value=0.035684313579896175 -0.03714822898453312 -0.0073986971616780044 -0.0012449382195580002 0.035684313579896175 -0.036751605651516507 -0.036744452760658762 -0.020736581455083489 -0.036744452760658762
leaf_weight=1127.5145196914673 5.1100553423166257 42.635158866643906 50.773213744163513 1568.4951043128967 1290.9495794773102 1199.818963855505 2.9773777425289154 95.753082185983658
leaf_count=12214 37 143 137 16991 10202 9498 20 758
internal_value=9.75985e-05 -0.00932902 0.00275921 0.0345442 -0.035408 -0.0367095 -0.0311063 -0.0367445
internal_weight=5384.03 4256.51 2952.85 1611.13 1341.72 1303.66 8.08743 1295.57
internal_count=50000 37786 27473 17134 10339 10313 57 10256
is_linear=0
shrinkage=0.05


Tree=88
num_leaves=13
num_cat=0
split_feature=0 1 0 1 0 1 0 0 0 0 1 2
split_gain=1748.33 309.737 15.8351 0.998167 0.0222135 0.00945858 0.0020444 2.27374e-13 5.68434e-14 1.42109e-14 1.42109e-14 8.88178e-16
threshold=0.44645132186505937 1.1997436683544895 0.45409552365868994 4.7133260369885788 -0.44853405638371174 1.1997436683544895 -0.45630484924917941 0.7240775982462746 0.22761032679523455 -0.52752153697499737 0.5499983061842223 0.53706138071885889
decision_type=2 2 2 2 2 2 2 2 2 2 2 2
left_child=4 10 3 -3 5 9 -7 -4 -6 -1 11 -2
right_child=1 2 7 -5 8 6 -8 -9 -10 -11 -12 -13
leaf_value=-0.034461537906509791 -0.034461537906509791 0.0060112323001415774 0.038665633671972774 0.021650578981308413 -0.034461537906509791 -0.034877579256214507 -0.035525532024301983 0.038665633671972774 -0.034461537906509791 -0.034461537906509791 -0.034461537906509791 -0.034461537906509791
leaf_weight=138.22358898818493 3.5149641185998908 36.664781391620636 898.26842160522938 14.136027276515959 804.73678509891033 654.59586082398891 12.404272980988024 921.09517522156239 261.91232635080814 21.754777923226357 148.4359847381711 8.6449117511510831
leaf_count=2910 74 99 5037 38 16942 10313 143 5165 5514 458 3125 182
internal_value=-5.19666e-05 0.0321746 0.0378968 0.0103631 -0.0346123 -0.0348068 -0.0348896 0.0386656 -0.0344615 -0.0344615 -0.0344615 -0.0344615
internal_weight=3924.39 2030.76 1870.16 50.8008 1893.63 826.979 667 1819.36 1066.65 159.978 160.596 12.1599
internal_count=50000 13720 10339 137 36280 13824 10456 10202 22456 3368 3381 256
is_linear=0
shrinkage=0.05


Tree=89
num_leaves=14
num_cat=0
split_feature=0 1 0 1 1 0 1 0 0 0 0 1 0
split_gain=1767.06 313.412 9.65327 0.684945 0.0647538 0.0236638 0.0101754 0.00383317 1.13687e-13 1.42109e-14 1.42109e-14 1.42109e-14 3.55271e-15
threshold=-0.44853405638371174 1.1997436683544895 -0.45630484924917941 2.0890825260585446 1.2132879063987692 0.44645132186505937 1.1997436683544895 0.45409552365868994 0.24354217707201989 -0.64470163848090478 0.9923105776994251 5.6287653436854281 -0.62058445896341308
decision_type=2 2 2 2 2 2 2 2 2 2 2 2 2
left_child=1 9 4 -4 -3 8 10 -8 -2 -1 -7 -10 -11
right_child=5 2 3 -5 -6 6 7 -9 11 12 -12 -13 -14
leaf_value=-0.034476028791706519 -0.034476028791706519 0.034785889951767381 0.026474676581028318 0.012464066852945906 0.038629338777428204 -0.034476028791706519 -0.035768923896797533 -0.034900281897265781 -0.034476028791706519 -0.034476028791706519 -0.034476028791706519 -0.034476028791706519 -0.034476028791706519
leaf_weight=104.74246517568827 833.32509237527847 11.025185108184813 11.48619085550308 36.265837222337723 1819.9600703716278 160.1180135384202 12.951021976768969 656.22325222194195 216.93563347309828 7.11421975493431 2.4034526199102393 29.177914805710316 50.0398835465312
leaf_count=2179 17336 57 36 107 10256 3331 137 10202 4513 148 50 607 1041
internal_value=-8.1365e-05 0.0322752 0.0380274 0.0158342 0.0386062 -0.0346305 -0.0348309 -0.0349171 -0.034476 -0.034476 -0.034476 -0.034476 -0.034476
internal_weight=3951.77 2040.63 1878.74 47.752 1830.99 1911.13 831.696 669.174 1079.44 161.897 162.521 246.114 57.1541
internal_count=50000 13824 10456 143 10313 36176 13720 10339 22456 3368 3381 5120 1189
is_linear=0
shrinkage=0.05


Tree=90
num_leaves=10
num_cat=0
split_feature=1 0 0 0 0 1 2 0 1
split_gain=673.208 524.433 1332.33 29.4856 24.4988 0.10838 0.209407 1.13687e-13 1.13687e-13
threshold=1.1997436683544895 -0.45630484924917941 0.44645132186505937 -0.44853405638371174 0.45409552365868994 1.2132879063987692 1.7200333238525543 -0.47263813147917016 1.1748240644875314
decision_type=2 2 2 2 2 2 2 2 2
left_child=8 5 3 -3 -4 6 -2 -7 -1
right_child=1 2 4 -5 -6 7 -8 -9 -10
leaf_value=0.035525037084477101 -0.036895901945873534 -0.0068310057771703916 -0.0010510135089280006 0.035525037084477101 -0.036514458176484729 -0.036507774437700889 -0.019826923699014082 -0.036507774437700889 0.035525037084477101
leaf_weight=1026.3611304759979 4.8375039100646964 42.265421211719513 50.729157447814941 1475.3724169135094 1217.04418002069 1184.9213898181915 2.8587397038936615 36.44079852104187 34.212037682533264
leaf_count=11820 37 143 137 16991 10202 9950 20 306 394
internal_value=9.52584e-05 -0.00926485 0.0027396 0.0343454 -0.0350954 -0.0364705 -0.0305557 -0.0365078 0.035525
internal_weight=5075.04 4014.47 2785.41 1517.64 1267.77 1229.06 7.69624 1221.36 1060.57
internal_count=50000 37786 27473 17134 10339 10313 57 10256 12214
is_linear=0
shrinkage=0.05


Tree=91
num_leaves=10
num_cat=0
split_feature=0 1 0 2 0 1 0 0 2
split_gain=1628.47 286.86 15.9867 0.989093 0.0185407 0.00787826 0.00198712 1.13687e-13 5.68434e-14
threshold=0.44645132186505937 1.1997436683544895 0.45409552365868994 0.31803970907125939 -0.44853405638371174 1.1997436683544895 -0.45630484924917941 0.98483088504110572 4.1630282513106751
decision_type=2 2 2 2 2 2 2 2 2
left_child=4 -2 3 -3 5 -1 -7 -4 -6
right_child=1 2 7 -5 8 6 -8 -9 -10
leaf_value=-0.03438756003053707 -0.03438756003053707 -0.0067013803849854409 0.038281255378783775 0.01277105828850207 -0.03438756003053707 -0.034778363691930429 -0.035429996750987812 0.038281255378783775 -0.03438756003053707
leaf_weight=150.13204470276833 150.71153299883008 7.6827440261840811 1675.1883772313595 43.138673633337021 934.98207768425345 616.03768652677536 11.925699934363363 47.100429028272629 66.017089728266001
leaf_count=3368 3381 21 9923 116 20975 10313 143 279 1481
internal_value=-4.96059e-05 0.0318367 0.0374657 0.00982738 -0.0345299 -0.0347129 -0.0347907 0.0382813 -0.0343876
internal_weight=3702.92 1923.82 1773.11 50.8214 1779.09 778.095 627.963 1722.29 1001
internal_count=50000 13720 10339 137 36280 13824 10456 10202 22456
is_linear=0
shrinkage=0.05


Tree=92
num_leaves=15
num_cat=0
split_feature=0 1 0 2 1 0 1 0 0 1 0 0 1 1
split_gain=1646.07 290.348 9.89939 0.684598 0.0691692 0.0197936 0.00849279 0.00374855 5.68434e-14 5.68434e-14 1.42109e-14 1.42109e-14 7.10543e-15 8.88178e-16
threshold=-0.44853405638371174 1.1997436683544895 -0.45630484924917941 2.1615885756558892 1.2132879063987692 0.44645132186505937 1.1997436683544895 0.45409552365868994 0.35881350059209199 5.9569411646293373 -0.48113613663166038 0.94360478298292205 10.190923523287273 0.59104442319125894
decision_type=2 2 2 2 2 2 2 2 2 2 2 2 2 2
left_child=1 10 4 -4 -3 8 11 -8 9 -2 -1 -7 -10 -12
right_child=5 2 3 -5 -6 6 7 -9 12 -11 13 -13 -14 -15
leaf_value=-0.034401054088121781 -0.034401054088121781 0.034180452373518494 0.018353245448603721 0.0041225392191703604 0.038247796902711712 -0.034401054088121781 -0.035673901327886205 -0.034799516994872166 -0.034401054088121781 -0.034401054088121781 -0.034401054088121809 -0.034401054088121781 -0.034401054088121781 -0.034401054088121774
leaf_weight=143.67891639471054 812.22571104764938 10.516564652323721 36.27809077501297 11.018019437789915 1722.7058391571045 136.68669283390045 12.505625635385512 617.58531653136015 95.725796103477478 103.12401974201202 1.2180002331733684 15.834003031253813 1.9397781491279591 7.037334680557251
leaf_count=3185 18005 57 109 34 10256 3030 137 10202 2122 2286 27 351 43 156
internal_value=-8.04043e-05 0.0319458 0.0376073 0.0150381 0.0382231 -0.034547 -0.0347358 -0.0348169 -0.0344011 -0.0344011 -0.0344011 -0.0344011 -0.0344011 -0.0344011
internal_weight=3728.08 1932.45 1780.52 47.2961 1733.22 1795.63 782.612 630.091 1013.02 915.35 151.934 152.521 97.6656 8.25533
internal_count=50000 13824 10456 143 10313 36176 13720 10339 22456 20291 3368 3381 2165 183
is_linear=0
shrinkage=0.05


Tree=93
num_leaves=10
num_cat=0
split_feature=1 0 0 0 1 0 0 0 2
split_gain=627.451 488.252 1239.37 26.5784 0.114863 0.220422 1.13687e-13 1.13687e-13 5.68434e-14
threshold=1.1997436683544895 -0.45630484924917941 0.45409552365868994 -0.44853405638371174 1.2132879063987692 -0.60524986981333195 0.96065120560420703 -0.46422006793266929 2.0966436043748153
decision_type=2 2 2 2 2 2 2 2 2
left_child=8 4 3 -3 5 -2 -4 -6 -1
right_child=1 2 6 -5 7 -7 -8 -9 -10
leaf_value=0.035377027741882443 -0.036767876612755858 -0.006289000263443114 -0.036294836244617462 0.034099156739853628 -0.036288587623621096 -0.018878458556353925 -0.036294836244617462 -0.036288587623621096 0.035377027741882443
leaf_weight=734.91015700250864 4.5562404245138168 41.921860456466675 1065.8412558585405 1437.9680125042796 1134.3130201548338 2.7679274529218665 80.932894349098206 16.494610145688057 262.33377785235643
leaf_count=9001 36 143 9482 17128 10109 21 720 147 3213
internal_value=9.33567e-05 -0.00920343 0.00272127 0.0329551 -0.0362489 -0.0300072 -0.0362948 -0.0362886 0.035377
internal_weight=4782.04 3784.8 2626.66 1479.89 1158.13 7.32417 1146.77 1150.81 997.244
internal_count=50000 37786 27473 17271 10313 57 10202 10256 12214
is_linear=0
shrinkage=0.05


Tree=94
num_leaves=14
num_cat=0
split_feature=0 1 0 2 0 1 0 1 0 0 1 1 1
split_gain=1517.18 265.817 16.1403 0.96976 0.0154653 0.0065585 0.00192581 2.27374e-13 5.68434e-14 1.42109e-14 1.42109e-14 3.55271e-15 2.22045e-16
threshold=0.44645132186505937 1.1997436683544895 0.45409552365868994 1.7914226685012407 -0.44853405638371174 1.1997436683544895 -0.45630484924917941 11.496650687858279 0.38268393104346293 0.45409552365868994 1.1870294290036889 3.5943942269853082 0.86168527020564356
decision_type=2 2 2 2 2 2 2 2 2 2 2 2 2
left_child=4 9 3 -3 5 10 -7 -4 -6 12 -1 -10 -2
right_child=1 2 7 -5 8 6 -8 -9 11 -11 -12 -13 -14
leaf_value=-0.034318505185611935 -0.034318505185611921 0.0053445128128921902 0.037927243559145729 0.02131506847695638 -0.034318505185611935 -0.034685468033109117 -0.035339738734811312 0.037927243559145729 -0.034318505185611935 -0.034318505185611935 -0.034318505185611935 -0.034318505185611935 -0.034318505185611907
leaf_weight=138.52085959911346 1.1710700690746301 38.188499242067337 1605.8999011963606 12.655188649892805 873.36732794344425 579.52627027779818 11.469625346362589 23.153573200106621 48.05569676309824 138.93909890949726 2.3421401381492606 17.775170691311359 1.2965418621897695
leaf_count=3312 28 103 10057 34 20882 10313 143 145 1149 3322 56 425 31
internal_value=-4.75533e-05 0.0315194 0.0370614 0.00931965 -0.0344528 -0.0346251 -0.0346982 0.0379272 -0.0343185 -0.0343185 -0.0343185 -0.0343185 -0.0343185
internal_weight=3492.36 1821.3 1679.9 50.8437 1671.06 731.859 590.996 1629.05 939.198 141.407 140.863 65.8309 2.46761
internal_count=50000 13720 10339 137 36280 13824 10456 10202 22456 3381 3368 1574 59
is_linear=0
shrinkage=0.05


Tree=95
num_leaves=12
num_cat=0
split_feature=0 1 0 2 1 0 1 0 0 0 1
split_gain=1533.74 269.13 10.1454 0.712265 0.0738168 0.0165471 0.00708527 0.00364394 5.68434e-14 1.42109e-14 1.77636e-15
threshold=-0.44853405638371174 1.1997436683544895 -0.45630484924917941 3.0957286437972882 1.2132879063987692 0.44645132186505937 1.1997436683544895 0.45409552365868994 0.42173230104982357 0.9923105776994251 0.63232267596360348
decision_type=2 2 2 2 2 2 2 2 2 2 2
left_child=1 -1 4 -4 -3 8 9 -8 -2 -7 -10
right_child=5 2 3 -5 -6 6 7 -9 10 -11 -12
leaf_value=-0.034331072921431297 -0.034331072921431297 0.033593295981527563 0.011892076796275583 0.030218409779357622 0.037896359739666381 -0.034331072921431297 -0.035582713695547184 -0.034705178686581246 -0.03433107292143122 -0.034331072921431297 -0.034331072921431297
leaf_weight=142.55574825406075 925.55420043691993 10.027771919965742 40.767876893281937 6.0944766998291007 1629.3184192180634 140.98966669663787 12.07582178711891 580.99473236501217 1.5660815574228788 2.116326428949832 23.364243775606155
leaf_count=3368 21867 57 123 20 10256 3331 137 10202 37 50 552
internal_value=-7.97517e-05 0.0316372 0.0372143 0.0142754 0.03787 -0.0344689 -0.0346469 -0.034723 -0.0343311 -0.0343311 -0.0343311
internal_weight=3515.43 1828.76 1686.21 46.8624 1639.35 1686.66 736.177 593.071 950.485 143.106 24.9303
internal_count=50000 13824 10456 143 10313 36176 13720 10339 22456 3381 589
is_linear=0
shrinkage=0.05


Tree=96
num_leaves=11
num_cat=0
split_feature=1 0 0 0 0 1 2 0 0 1
split_gain=584.893 454.758 1154.83 27.1291 22.7268 0.12172 0.228706 1.13687e-13 5.68434e-14 1.77636e-15
threshold=1.1997436683544895 -0.45630484924917941 0.44645132186505937 -0.44853405638371174 0.45409552365868994 1.2132879063987692 1.7200333238525543 -0.7480780273159553 0.96065120560420703 0.57183680294998063
decision_type=2 2 2 2 2 2 2 2 2 2
left_child=8 5 3 -3 -4 6 -2 -7 -1 -10
right_child=1 2 4 -5 -6 7 -8 -9 9 -11
leaf_value=0.03523942910348616 -0.036470756572610653 -0.0057791935278825382 -0.0018670254061584118 0.035241870146342461 -0.036091302106140137 -0.036085462013021034 -0.017762656661670633 -0.036085462013021034 0.035239429103486111 0.03523942910348616
leaf_weight=917.4250013679266 4.3576924428343764 41.589259147644043 50.788621425628662 1305.4827072098851 1080.0397638380527 502.69808714091778 2.6133752763271332 581.10926659405231 2.5326271578669575 17.421404995024204
leaf_count=11954 37 143 137 16991 10202 4757 20 5499 33 227
internal_value=9.10105e-05 -0.00914137 0.00270085 0.0339754 -0.0345542 -0.0360431 -0.0294573 -0.0360855 0.0352394 0.0352394
internal_weight=4506.06 3568.68 2477.9 1347.07 1130.83 1090.78 6.97107 1083.81 937.379 19.954
internal_count=50000 37786 27473 17134 10339 10313 57 10256 12214 260
is_linear=0
shrinkage=0.05


Tree=97
num_leaves=14
num_cat=0
split_feature=0 1 0 1 0 1 0 1 0 0 2 0 0
split_gain=1415.52 246.677 15.1066 0.938478 0.0128207 0.00545742 0.00185769 8.53219e-08 1.13687e-13 5.68434e-14 2.13163e-14 1.42109e-14 7.10543e-15
threshold=0.44645132186505937 1.1997436683544895 0.45409552365868994 5.9569411646293373 -0.44853405638371174 1.1997436683544895 -0.45630484924917941 1.1997436683544895 0.51824035513028432 0.43851370652444671 0.62200388045813138 0.40601430057245508 -0.45630484924917941
decision_type=2 2 2 2 2 2 2 2 2 2 2 2 2
left_child=4 10 3 -3 5 12 -7 11 -4 -9 -2 -6 -1
right_child=1 2 8 -5 7 6 -8 9 -10 -11 -12 -13 -14
leaf_value=-0.034254034113033502 -0.034254034113033502 0.0068387564692419314 0.037600835634189027 0.025048653171695124 -0.034254034113033502 -0.034598506716905945 -0.035253923952613668 -0.034255180594094187 0.037600835634189027 -0.034255180594094187 -0.034254034113033502 -0.034254034113033502 -0.034254034113033502
leaf_weight=130.02236882597208 38.802692446857691 42.290327906608582 175.67168211936951 8.4969519078731519 204.096669472754 544.98182433471084 11.030120626091955 661.79629933834076 1364.0211881399155 5.6170982196927062 93.848372429609299 10.318612854927776 2.1186505481600753
leaf_count=3314 989 114 1164 23 5202 10313 143 16848 9038 143 2392 263 54
internal_value=-3.81934e-05 0.0312524 0.0367158 0.00988536 -0.0343811 -0.0345429 -0.0346115 -0.0342549 0.0376008 -0.0342552 -0.034254 -0.034254 -0.034254
internal_weight=3293.11 1723.13 1590.48 50.7873 1569.98 688.153 556.012 881.829 1539.69 667.413 132.651 214.415 132.141
internal_count=50000 13720 10339 137 36280 13824 10456 22456 10202 16991 3381 5465 3368
is_linear=0
shrinkage=0.05


Tree=98
num_leaves=15
num_cat=0
split_feature=0 1 0 2 1 0 1 0 1 0 0 0 0 2
split_gain=1429.68 249.589 10.3794 0.687247 0.0787485 0.0136703 0.00587559 0.00318318 8.79933e-08 5.68434e-14 1.42109e-14 7.10543e-15 7.10543e-15 8.88178e-16
threshold=-0.44853405638371174 1.1997436683544895 -0.45630484924917941 3.0957286437972882 1.2132879063987692 0.44645132186505937 1.1997436683544895 0.45409552365868994 1.1997436683544895 0.32758855782400392 0.35881350059209199 -0.48815094590144997 -0.95975564629840959 1.9072241674686818
decision_type=2 2 2 2 2 2 2 2 2 2 2 2 2 2
left_child=1 11 4 -4 -3 8 -7 -8 10 -10 -2 12 -1 -13
right_child=5 2 3 -5 -6 6 7 -9 9 -11 -12 13 -14 -15
leaf_value=-0.034265747092359147 -0.034265747092359147 0.033020110185494354 0.011212244421709193 0.029368186957347987 0.03757230278361251 -0.034265747092359147 -0.035457989405294238 -0.034616871852299454 -0.034266904443175178 -0.034266904443175178 -0.034265747092359147 -0.034265747092359147 -0.034265747092359147 -0.034265747092359126
leaf_weight=8.9338975958526117 194.95749864727259 9.5593661069869977 40.446233212947845 5.983151674270629 1539.8295984268188 134.24670120701194 11.48476694524288 546.37222043424845 587.50795280560851 87.933391407132149 22.036947403103113 6.5515249036252481 116.06125632300973 2.18384163454175
leaf_count=225 4910 57 123 20 10256 3381 137 10202 14779 2212 555 165 2923 55
internal_value=-8.57919e-05 0.0313477 0.0368462 0.0135519 0.0375442 -0.034396 -0.0345627 -0.0346342 -0.0342666 -0.0342669 -0.0342657 -0.0342657 -0.0342657 -0.0342657
internal_weight=3314.09 1729.55 1595.82 46.4294 1549.39 1584.54 692.104 557.857 892.436 675.441 216.994 133.731 124.995 8.73537
internal_count=50000 13824 10456 143 10313 36176 13720 10339 22456 16991 5465 3368 3148 220
is_linear=0
shrinkage=0.05


Tree=99
num_leaves=10
num_cat=0
split_feature=1 0 0 0 0 1 0 0 1
split_gain=545.347 423.701 1074.25 26.0832 22.6883 0.128835 0.239546 5.68434e-14 1.77636e-15
threshold=1.1997436683544895 -0.45630484924917941 0.44645132186505937 -0.44853405638371174 0.45409552365868994 1.2132879063987692 -0.60524986981333195 0.94360478298292205 1.1612474784863989
decision_type=2 2 2 2 2 2 2 2 2
left_child=7 5 3 -3 -4 6 -2 -1 -9
right_child=1 2 4 -5 -6 -7 -8 8 -10
leaf_value=0.035111456372426818 -0.036364500019788332 -0.0052969679836392027 -0.0016446447531704826 0.035113722941886881 -0.035902558487133855 -0.035897096078985752 -0.016804907596218385 0.035111456372426818 0.035111456372426818
leaf_weight=855.51717496663332 4.1058816760778427 41.274334609508514 50.742446929216385 1226.734127573669 1016.7319453805685 1020.2512472867966 2.5298253670334807 23.726304523646835 1.5865613967180241
leaf_count=11863 36 143 137 16991 10202 10256 21 329 22
internal_value=8.98352e-05 -0.00908467 0.0026846 0.0337983 -0.0342741 -0.0358519 -0.0289075 0.0351115 0.0351115
internal_weight=4243.2 3362.37 2335.48 1268.01 1067.47 1026.89 6.63571 880.83 25.3129
internal_count=50000 37786 27473 17134 10339 10313 57 12214 351
is_linear=0
shrinkage=0.05


Tree=100
num_leaves=14
num_cat=0
split_feature=0 1 0 2 0 1 0 1 0 0 0 0 1
split_gain=1319.32 228.792 15.3193 0.907643 0.0106844 0.00453962 0.00178622 6.90891e-08 1.13687e-13 1.42109e-14 7.10543e-15 7.10543e-15 4.44089e-16
threshold=0.44645132186505937 1.1997436683544895 0.45409552365868994 0.31803970907125939 -0.44853405638371174 1.1997436683544895 -0.45630484924917941 1.1997436683544895 0.97698929024845749 0.40601430057245508 -0.52033848973582952 0.98483088504110572 1.0709010739301179
decision_type=2 2 2 2 2 2 2 2 2 2 2 2 2
left_child=4 11 3 -3 5 10 -7 9 -4 -6 -1 -2 -13
right_child=1 2 8 -5 7 6 -8 -9 -10 -11 -12 12 -14
leaf_value=-0.034193841299543337 -0.034193841299543337 -0.0064793896261877331 0.037299571065536934 0.012185572012343378 -0.034193841299543337 -0.034517105275409958 -0.035172571097083584 -0.034194906569409343 0.037299571065536934 -0.034193841299543337 -0.034193841299543337 -0.034193841299543337 -0.034193841299543302
leaf_weight=108.96003720536828 120.25714339315891 7.6719351708888999 1393.2004552781582 43.127737760543823 191.42523253709078 512.32367695495486 10.609014034271238 625.97874638065696 61.007754743099213 9.6779769621789438 14.9769453369081 3.3486536256968966 0.80956461280584324
leaf_count=2961 3268 21 9774 116 5202 10313 143 16991 428 263 407 91 22
internal_value=-3.66711e-05 0.0309698 0.0363567 0.00936673 -0.0343137 -0.0344659 -0.0345304 -0.0341946 0.0372996 -0.0341938 -0.0341938 -0.0341938 -0.0341938
internal_weight=3103.37 1629.42 1505.01 50.7997 1473.95 646.87 522.933 827.082 1454.21 201.103 123.937 124.415 4.15822
internal_count=50000 13720 10339 137 36280 13824 10456 22456 10202 5465 3368 3381 113
is_linear=0
shrinkage=0.05


Tree=101
num_leaves=14
num_cat=0
split_feature=0 1 0 2 1 0 1 0 1 0 1 0 0
split_gain=1332.68 231.573 10.6063 0.720236 0.0838892 0.0114188 0.00489854 0.00308432 7.21573e-08 1.42109e-14 1.42109e-14 7.10543e-15 8.88178e-16
threshold=-0.44853405638371174 1.1997436683544895 -0.45630484924917941 2.1615885756558892 1.2132879063987692 0.44645132186505937 1.1997436683544895 0.45409552365868994 1.1997436683544895 0.24354217707201989 0.5499983061842223 0.58873655434053163 -0.51272419547596071
decision_type=2 2 2 2 2 2 2 2 2 2 2 2 2
left_child=1 10 4 -4 -3 8 11 -8 9 -2 12 -7 -1
right_child=5 2 3 -5 -6 6 7 -9 -10 -11 -12 -13 -14
leaf_value=-0.034204757303822386 -0.034204757303822386 0.032460345109242859 0.016300174983403224 0.0014790129055952841 0.037273187472853853 -0.034204757303822386 -0.035376968367001375 -0.034534217210385819 -0.034205839475568621 -0.034204757303822386 -0.034204757303822386 -0.034204757303822386 -0.034204757303822386
leaf_weight=8.6400141417980176 156.26508335769176 9.1107680946588498 35.336439728736877 10.672614216804503 1454.2375428676605 32.958674635738134 11.091209672391413 513.63747530430555 633.51519643142819 47.259387698024511 115.96984498947859 92.95463490486145 0.81931168586015601
leaf_count=232 4196 57 109 34 10256 885 137 10202 16991 1269 3114 2496 22
internal_value=-8.56348e-05 0.0310752 0.0365 0.0128621 0.0372432 -0.0343277 -0.0344848 -0.034552 -0.0342056 -0.0342048 -0.0342048 -0.0342048 -0.0342048
internal_weight=3122.47 1634.79 1509.36 46.0091 1463.35 1487.68 650.642 524.729 837.04 203.524 125.429 125.913 9.45933
internal_count=50000 13824 10456 143 10313 36176 13720 10339 22456 5465 3368 3381 254
is_linear=0
shrinkage=0.05


Tree=102
num_leaves=10
num_cat=0
split_feature=1 0 0 0 0 1 2 0 0
split_gain=508.557 394.9 999.374 25.1179 22.647 0.136333 0.249167 5.68434e-14 5.68434e-14
threshold=1.1997436683544895 -0.45630484924917941 0.44645132186505937 -0.44853405638371174 0.45409552365868994 1.2132879063987692 1.7200333238525543 -0.33184266279706515 -0.48113613663166038
decision_type=2 2 2 2 2 2 2 2 2
left_child=7 5 3 -3 -4 6 -2 -1 -7
right_child=1 2 4 -5 -6 8 -8 -9 -10
leaf_value=0.034992386758183204 -0.036105420904945097 -0.004838207195054553 -0.0014377318396741211 0.03499449917199219 -0.035727420197501768 -0.035722314026431813 -0.015635112940709635 0.034992386758183204 -0.035722314026431813
leaf_weight=275.31961679458618 3.925503358244895 40.98458194732666 50.705130249261856 1152.3965479806066 956.73485434055328 917.15073774755001 2.3926326483488083 552.12964490056038 42.871508255600929
leaf_count=4064 37 143 137 16991 10202 9798 20 8150 458
internal_value=8.90567e-05 -0.00902975 0.00266931 0.0336265 -0.0340016 -0.0356741 -0.0283535 0.0349924 -0.0357223
internal_weight=3994.61 3167.16 2200.82 1193.38 1007.44 966.34 6.31814 827.449 960.022
internal_count=50000 37786 27473 17134 10339 10313 57 12214 10256
is_linear=0
shrinkage=0.05


Tree=103
num_leaves=14
num_cat=0
split_feature=0 1 0 1 0 1 0 1 1 0 0 1 0
split_gain=1229.86 212.284 15.5273 0.89768 0.00890145 0.00377554 0.00171281 5.7017e-08 2.27374e-13 2.84217e-14 7.10543e-15 7.10543e-15 8.88178e-16
threshold=0.44645132186505937 1.1997436683544895 0.45409552365868994 4.7133260369885788 -0.44853405638371174 1.1997436683544895 -0.45630484924917941 1.1997436683544895 4.9322549222366847 0.42173230104982357 0.94360478298292205 1.0846167826823188 0.9923105776994251
decision_type=2 2 2 2 2 2 2 2 2 2 2 2 2
left_child=4 10 3 -3 5 11 -7 9 -4 -6 -2 -1 -12
right_child=1 2 8 -5 7 6 -8 -9 -10 -11 12 -13 -14
leaf_value=-0.034137628817956366 -0.034137628817956366 0.0047649044916624472 0.037021259322398831 0.019619712317039337 -0.034137628817956366 -0.034440916632026947 -0.03509542149795445 -0.034138628154329269 0.037021259322398831 -0.034137628817956366 -0.034137628817956366 -0.034137628817956366 -0.034137628817956324
leaf_weight=99.279497612267733 104.55922063440084 36.754139304161072 1072.6833137273788 14.060926228761671 183.1684300750494 481.47104002907872 10.20788514614105 587.0184150673449 299.88851201534271 5.4177549965679637 10.386906076222655 16.943424861878157 1.7253996804356582
leaf_count=2877 3030 99 7973 38 5308 10313 143 16991 2229 157 301 491 50
internal_value=-3.54253e-05 0.0307017 0.0360164 0.00887535 -0.0342507 -0.0343939 -0.0344545 -0.0341384 0.0370213 -0.0341376 -0.0341376 -0.0341376 -0.0341376
internal_weight=2923.56 1540.06 1423.39 50.8151 1383.51 607.902 491.679 775.605 1372.57 188.586 116.672 116.223 12.1123
internal_count=50000 13720 10339 137 36280 13824 10456 22456 10202 5465 3381 3368 351
is_linear=0
shrinkage=0.05


Tree=104
num_leaves=14
num_cat=0
split_feature=0 1 0 2 1 0 1 0 1 0 0 0 2
split_gain=1242.48 214.942 10.8312 0.695006 0.0893267 0.00953583 0.00408335 0.00297299 5.93265e-08 1.42109e-14 1.42109e-14 7.10543e-15 1.77636e-15
threshold=-0.44853405638371174 1.1997436683544895 -0.45630484924917941 3.0957286437972882 1.2132879063987692 0.44645132186505937 1.1997436683544895 0.45409552365868994 1.1997436683544895 0.41368319527225988 0.87302043016584918 -0.5967601488964962 1.8287546422519059
decision_type=2 2 2 2 2 2 2 2 2 2 2 2 2
left_child=1 11 4 -4 -3 8 10 -8 9 -2 -7 -1 -13
right_child=5 2 3 -5 -6 6 7 -9 -10 -11 -12 12 -14
leaf_value=-0.034147808292706659 -0.034147808292706659 0.03190929013826798 0.0098360863367708707 0.028307236515836921 0.036996841171816251 -0.034147808292706659 -0.035299044084932424 -0.034456853968483171 -0.034148821579672424 -0.034147808292706659 -0.034147808292706659 -0.034147808292706652 -0.034147808292706659
leaf_weight=86.087220460176468 183.38498768210411 8.6824561208486539 39.773513108491898 5.84042203426361 1372.511992931366 90.173307597637177 10.711363852024077 482.71003951877356 594.09185189753771 7.4736978411674491 27.904133528470993 21.024140655994419 10.512070327997206
leaf_count=2465 5251 57 123 20 10256 2582 137 10202 16991 214 799 602 301
internal_value=-8.57497e-05 0.0308176 0.0361732 0.0122011 0.0369649 -0.0342639 -0.0344119 -0.0344751 -0.0341486 -0.0341478 -0.0341478 -0.0341478 -0.0341478
internal_weight=2940.88 1544.43 1426.81 45.6139 1381.19 1396.45 611.499 493.421 784.951 190.859 118.077 117.623 31.5362
internal_count=50000 13824 10456 143 10313 36176 13720 10339 22456 5465 3381 3368 903
is_linear=0
shrinkage=0.05


Tree=105
num_leaves=11
num_cat=0
split_feature=1 0 0 0 0 1 0 1 0 1
split_gain=474.321 368.173 929.781 24.2256 22.5947 0.144097 0.259856 1.13687e-13 5.68434e-14 4.44089e-16
threshold=1.1997436683544895 -0.45630484924917941 0.44645132186505937 -0.44853405638371174 0.45409552365868994 1.2132879063987692 -0.60524986981333195 1.7415011478900766 0.98483088504110572 1.0709010739301179
decision_type=2 2 2 2 2 2 2 2 2 2
left_child=8 5 3 -3 -4 6 -2 -7 -1 -10
right_child=1 2 4 -5 -6 7 -8 -9 9 -11
leaf_value=0.034881561495602814 -0.036017546164071164 -0.0044086065101507418 -0.0012462587471087868 0.03488352881370365 -0.035564814134416492 -0.035560042378474981 -0.014663552305462908 -0.035560042378474981 0.034881561495602814 0.034881561495602793
leaf_weight=769.90115587413311 3.7006712406873703 40.7039794921875 50.660881876945496 1082.2667869627476 899.92786154150963 167.727430164814 2.3164455592632285 735.27126997709274 5.7896872311830512 1.3997046053409574
leaf_count=12101 36 143 137 16991 10202 1905 21 8351 91 22
internal_value=8.8608e-05 -0.00897647 0.00265482 0.0334593 -0.0337358 -0.0355087 -0.0277968 -0.03556 0.0348816 0.0348816
internal_weight=3759.67 2982.58 2073.56 1122.97 950.589 909.016 6.01712 902.999 777.091 7.18939
internal_count=50000 37786 27473 17134 10339 10313 57 10256 12214 113
is_linear=0
shrinkage=0.05


Tree=106
num_leaves=11
num_cat=0
split_feature=0 1 0 2 0 1 0 1 0 0
split_gain=1146.65 197.035 15.7198 0.895188 0.00741421 0.00313945 0.00163687 4.65054e-08 1.42109e-14 7.10543e-15
threshold=0.44645132186505937 1.1997436683544895 0.45409552365868994 1.7914226685012407 -0.44853405638371174 1.1997436683544895 -0.45630484924917941 1.1997436683544895 0.43085841847561951 -0.49601024820604761
decision_type=2 2 2 2 2 2 2 2 2 2
left_child=4 -2 3 -3 5 9 -7 8 -6 -1
right_child=1 2 -4 -5 7 6 -8 -9 -10 -11
leaf_value=-0.034085134939556783 -0.034085134939556783 0.0045991954164993588 0.036763922479495156 0.01996015469246042 -0.034085134939556783 -0.03436960945737768 -0.035022078021878136 -0.034086067011287385 -0.034085134939556783 -0.034085134939556783
leaf_weight=100.13906883075833 109.39263060316443 38.196700483560562 1294.7327901721001 12.617635220289229 173.32633012160659 452.34347354620695 9.8211989477276784 550.39707589894533 3.4943519979715338 8.8329453282058221
leaf_count=3095 3381 103 10202 34 5357 10313 143 16991 108 273
internal_value=-3.43821e-05 0.0304468 0.0356933 0.00841345 -0.0341917 -0.0343266 -0.0343835 -0.0340858 -0.0340851 -0.0340851
internal_weight=2753.29 1454.94 1345.55 50.8143 1298.35 571.137 462.165 727.218 176.821 108.972
internal_count=50000 13720 10339 137 36280 13824 10456 22456 5465 3368
is_linear=0
shrinkage=0.05


Tree=107
num_leaves=13
num_cat=0
split_feature=0 1 0 2 1 0 1 0 1 0 0 0
split_gain=1158.58 199.579 11.0425 0.719075 0.0949851 0.00796399 0.00340426 0.002857 4.82689e-08 5.68434e-14 1.42109e-14 7.10543e-15
threshold=-0.44853405638371174 1.1997436683544895 -0.45630484924917941 2.1615885756558892 1.2132879063987692 0.44645132186505937 1.1997436683544895 0.45409552365868994 1.1997436683544895 0.43851370652444671 -0.22903738775790736 0.98483088504110572
decision_type=2 2 2 2 2 2 2 2 2 2 2 2
left_child=1 -1 4 -4 -3 8 11 -8 10 -10 -2 -7
right_child=5 2 3 -5 -6 6 7 -9 9 -11 -12 -13
leaf_value=-0.034094625348208112 -0.034094625348208112 0.03136686848036202 0.015039313830357249 0.00010150564721228891 0.036741308723085252 -0.034094625348208112 -0.035224821467025852 -0.034384460819897079 -0.034095569253901011 -0.034095569253901011 -0.034094625348208112 -0.034094625348208112
leaf_weight=110.28620129823685 42.63439254462719 8.2736220806837064 34.731764554977417 10.489540249109266 1294.5994594097137 107.01167038083076 10.344622146338223 453.50968365371227 552.34646451473236 4.6881258562207213 136.3187220916152 3.7002199366688719
leaf_count=3368 1302 57 109 34 10256 3268 137 10202 16848 143 4163 113
internal_value=-8.61229e-05 0.0305737 0.0358641 0.0115743 0.0367072 -0.0342042 -0.0343437 -0.0344032 -0.0340953 -0.0340956 -0.0340946 -0.0340946
internal_weight=2768.93 1458.38 1348.09 45.2213 1302.87 1310.55 574.566 463.854 735.988 557.035 178.953 110.712
internal_count=50000 13824 10456 143 10313 36176 13720 10339 22456 16991 5465 3381
is_linear=0
shrinkage=0.05


Tree=108
num_leaves=11
num_cat=0
split_feature=1 0 0 0 0 1 2 0 0 0
split_gain=442.448 343.36 865.063 23.4012 22.5374 0.152247 0.270637 5.68434e-14 5.68434e-14 7.10543e-15
threshold=1.1997436683544895 -0.45630484924917941 0.44645132186505937 -0.44853405638371174 0.45409552365868994 1.2132879063987692 1.7200333238525543 0.71603692857555612 -0.9197361604868014 0.9923105776994251
decision_type=2 2 2 2 2 2 2 2 2 2
left_child=7 5 3 -3 -4 6 -2 -1 -7 -9
right_child=1 2 4 -5 -6 8 -8 9 -10 -11
leaf_value=0.034778380211514172 -0.035790823489890593 -0.0040009223334062953 -0.0010687403327512227 0.034780208064769412 -0.035413776280932875 -0.035409313281456786 -0.013441160791920322 0.034778380211514172 -0.035409313281456786 0.034778380211514172
leaf_weight=625.90922547131777 3.5376788899302474 40.447327464818954 50.623261332511902 1016.1447645761073 846.18691731989384 123.35147492587566 2.1949157565832138 100.71415863186121 725.70404644310474 2.9867781326174727
leaf_count=10478 37 143 137 16991 10202 1490 20 1686 8766 50
internal_value=8.85269e-05 -0.00892442 0.0026411 0.0332956 -0.0334751 -0.0353545 -0.0272335 0.0347784 -0.0354093 0.0347784
internal_weight=3537.8 2808.19 1953.4 1056.59 896.81 854.788 5.73259 729.61 849.056 103.701
internal_count=50000 37786 27473 17134 10339 10313 57 12214 10256 1736
is_linear=0
shrinkage=0.05


Tree=109
num_leaves=15
num_cat=0
split_feature=0 1 0 1 0 1 0 1 0 0 0 0 2 2
split_gain=1069.2 182.936 15.9052 0.85087 0.00617526 0.00261061 0.00156074 3.78534e-08 1.13687e-13 2.84217e-14 1.42109e-14 7.10543e-15 7.10543e-15 2.22045e-16
threshold=0.44645132186505937 1.1997436683544895 0.45409552365868994 5.9569411646293373 -0.44853405638371174 1.1997436683544895 -0.45630484924917941 1.1997436683544895 0.8965292679762138 -0.079822990777256173 0.40601430057245508 -0.45630484924917941 5.1540166843928636 7.4047540608315732
decision_type=2 2 2 2 2 2 2 2 2 2 2 2 2 2
left_child=4 12 3 -3 5 11 -7 10 -4 -9 -6 -1 -2 -14
right_child=1 2 8 -5 7 6 -8 9 -10 -11 -12 -13 13 -15
leaf_value=-0.034036103553110472 -0.034036103553110472 0.0050967252894258495 0.036525786016261788 0.022514000140581608 -0.034036103553110472 -0.034302880655328723 -0.034952457588876044 -0.034036972053219088 0.036525786016261788 -0.034036972053219088 -0.034036103553110472 -0.034036103553110472 -0.034036103553110465 -0.034036103553110431
leaf_weight=100.52066464722157 98.761401355266571 42.414375007152557 991.97854407131672 8.4008603692054731 157.78771801292896 424.86153431236744 9.4529305398464185 213.60953583568335 228.64202119410038 302.37562529370189 7.977349065244197 1.6379347890615452 2.9118840694427486 0.87963164597749699
leaf_count=3314 3256 114 8291 23 5202 10313 143 7034 1911 9957 263 54 96 29
internal_value=-3.35978e-05 0.0302033 0.0353847 0.00797618 -0.0341366 -0.0342635 -0.034317 -0.0340368 0.0365258 -0.034037 -0.0340361 -0.0340361 -0.0340361 -0.0340361
internal_weight=2592.21 1373.99 1271.44 50.8152 1218.22 536.473 434.314 681.75 1220.62 515.985 165.765 102.159 102.553 3.79152
internal_count=50000 13720 10339 137 36280 13824 10456 22456 10202 16991 5465 3368 3381 125
is_linear=0
shrinkage=0.05


Tree=110
num_leaves=15
num_cat=0
split_feature=0 1 0 1 1 0 1 0 1 0 0 0 0 0
split_gain=1080.5 185.372 11.2507 0.70357 0.100951 0.00665134 0.00283841 0.00273411 3.95486e-08 2.84217e-14 1.42109e-14 7.10543e-15 7.10543e-15 1.77636e-15
threshold=-0.44853405638371174 1.1997436683544895 -0.45630484924917941 2.0890825260585446 1.2132879063987692 0.44645132186505937 1.1997436683544895 0.45409552365868994 1.1997436683544895 0.43085841847561951 0.43851370652444671 -0.88048673432476832 0.9923105776994251 -0.92784808879409408
decision_type=2 2 2 2 2 2 2 2 2 2 2 2 2 2
left_child=1 11 4 -4 -3 8 12 -8 10 -10 -2 13 -7 -1
right_child=5 2 3 -5 -6 6 7 -9 9 -11 -12 -13 -14 -15
leaf_value=-0.034044953057981407 -0.034044953057981421 0.030828888569501757 0.022216326229634049 0.0074858939392537516 0.036504833944111456 -0.034044953057981421 -0.035153500833309204 -0.034316715834787979 -0.03404583548351614 -0.03404583548351614 -0.034044953057981421 -0.034044953057981421 -0.034044953057981421 -0.034044953057981421
leaf_weight=13.292320091277363 166.13865204155445 7.8844657391309729 10.621218681335447 34.233099579811096 1220.4273498058319 102.2557002864778 9.9907042533159238 425.95720443129539 513.48365516401827 8.728638179600237 1.627004537731408 81.043244898319244 1.5349099412560452 9.0559686534106714
leaf_count=433 5412 57 36 107 10256 3331 137 10202 16707 284 53 2640 50 295
internal_value=-8.67513e-05 0.0303415 0.0355702 0.010974 0.0364684 -0.0341485 -0.0342799 -0.0343359 -0.0340456 -0.0340458 -0.034045 -0.034045 -0.034045 -0.034045
internal_weight=2606.27 1376.56 1273.17 44.8543 1228.31 1229.72 539.739 435.948 689.978 522.212 167.766 103.392 103.791 22.3483
internal_count=50000 13824 10456 143 10313 36176 13720 10339 22456 16991 5465 3368 3381 728
is_linear=0
shrinkage=0.05


Tree=111
num_leaves=10
num_cat=0
split_feature=1 0 0 0 1 0 0 0 2
split_gain=412.769 320.309 805.028 22.3076 0.160668 0.281162 5.68434e-14 5.68434e-14 5.68434e-14
threshold=1.1997436683544895 -0.45630484924917941 0.45409552365868994 0.44645132186505937 1.2132879063987692 -0.60524986981333195 0.98483088504110572 -0.46422006793266929 2.8974407721983888
decision_type=2 2 2 2 2 2 2 2 2
left_child=8 4 3 -3 5 -2 -4 -6 -1
right_child=1 2 6 -5 7 -7 -8 -9 -10
leaf_value=0.034682279986866696 -0.03571854863088153 0.033134950164911532 -0.035273406120456166 -0.00090479627109185342 -0.035269232492692523 -0.012453940276141974 -0.035273406120456166 -0.035269232492692523 0.034682279986866696
leaf_weight=580.06842833012342 3.3373841047286987 994.03360643982887 773.63463197648525 50.579583197832108 786.62757921218872 2.1259759068489066 21.75189583003521 11.438743114471434 104.79921629279852
leaf_count=10345 36 17134 9923 137 10109 21 279 147 1869
internal_value=8.87512e-05 -0.00887351 0.00262799 0.0314868 -0.0352107 -0.0266655 -0.0352734 -0.0352692 0.0346823
internal_weight=3328.4 2643.53 1840 1044.61 803.53 5.46336 795.387 798.066 684.868
internal_count=50000 37786 27473 17271 10313 57 10202 10256 12214
is_linear=0
shrinkage=0.05


Tree=112
num_leaves=15
num_cat=0
split_feature=0 1 0 2 0 1 0 1 0 0 0 0 2 1
split_gain=997.109 169.891 16.0756 0.838792 0.00514294 0.00217093 0.00148316 3.13108e-08 1.13687e-13 2.84217e-14 2.84217e-14 1.42109e-14 7.10543e-15 1.11022e-16
threshold=0.44645132186505937 1.1997436683544895 0.45409552365868994 1.7914226685012407 -0.44853405638371174 1.1997436683544895 -0.45630484924917941 1.1997436683544895 0.9923105776994251 -0.38564166298685726 0.43851370652444671 0.9923105776994251 0.11244261593474393 0.90653270645366535
decision_type=2 2 2 2 2 2 2 2 2 2 2 2 2 2
left_child=4 11 3 -3 5 12 -7 9 -4 -6 -9 -2 -1 -13
right_child=1 2 8 -5 7 6 -8 10 -10 -11 -12 13 -14 -15
leaf_value=-0.033990298333706974 -0.033990298333706974 0.003878846197398594 0.03630525799887175 0.018763500992075355 -0.033990298333706974 -0.034240436912407905 -0.034886084798085963 -0.03399111419033625 0.03630525799887175 -0.033990298333706974 -0.03399111419033625 -0.033990298333706981 -0.033990298333706974 -0.033990298333706918
leaf_weight=0.62549860030412574 94.706174436956644 38.22263365983963 1133.6892657279968 12.580070734024046 10.150136377662418 398.94716396555305 9.0976643860340101 479.58815789222717 16.459689021110535 145.22940228879452 4.0705785006284705 0.85295263677835353 95.132650755345821 0.56863509118556976
leaf_count=22 3331 103 10056 34 357 10313 143 16848 146 5108 143 30 3346 20
internal_value=-3.29938e-05 0.0299699 0.0350895 0.00756467 -0.0340851 -0.0342046 -0.0342548 -0.0339909 0.0363053 -0.0339903 -0.0339911 -0.0339903 -0.0339903 -0.0339903
internal_weight=2439.92 1297.08 1200.95 50.8027 1142.84 503.803 408.045 639.038 1150.15 155.38 483.659 96.1278 95.7581 1.42159
internal_count=50000 13720 10339 137 36280 13824 10456 22456 10202 5465 16991 3381 3368 50
is_linear=0
shrinkage=0.05


Tree=113
num_leaves=13
num_cat=0
split_feature=0 1 0 2 1 0 1 0 1 0 1 0
split_gain=1007.81 172.226 11.4447 0.706823 0.107148 0.00555627 0.00236723 0.00260987 3.21411e-08 1.42109e-14 1.42109e-14 7.10543e-15
threshold=-0.44853405638371174 1.1997436683544895 -0.45630484924917941 3.0957286437972882 1.2132879063987692 0.44645132186505937 1.1997436683544895 0.45409552365868994 1.1997436683544895 0.34302705097742353 1.1211894176415762 0.9519512360082516
decision_type=2 2 2 2 2 2 2 2 2 2 2 2
left_child=1 10 4 -4 -3 8 11 -8 9 -2 -1 -7
right_child=5 2 3 -5 -6 6 7 -9 -10 -11 -12 -13
leaf_value=-0.033998558438893538 -0.033998558438893538 0.030295660886283989 0.0080015782744631992 0.026931226613986461 0.036285827936858001 -0.033998558438893538 -0.035085495816363763 -0.034253323617268509 -0.033999380095839464 -0.033998558438893538 -0.033998558438893538 -0.033998558438893538
leaf_weight=87.073541767895222 138.72489916160703 7.5140369385480872 38.842252224683762 5.6484645605087271 1149.9077125787735 88.800049535930157 9.6490491740405542 399.97469075769186 489.49982381798327 18.531183376908302 9.8410942777991277 8.4886631928384286
leaf_count=3026 4821 57 123 20 10256 3086 137 10202 16991 644 342 295
internal_value=-8.76223e-05 0.0301202 0.0352904 0.0104049 0.0362469 -0.0340963 -0.0342203 -0.0342729 -0.0339992 -0.0339986 -0.0339986 -0.0339986
internal_weight=2452.5 1298.83 1201.91 44.4907 1157.42 1153.67 506.912 409.624 646.756 157.256 96.9146 97.2887
internal_count=50000 13824 10456 143 10313 36176 13720 10339 22456 5465 3368 3381
is_linear=0
shrinkage=0.05


Tree=114
num_leaves=10
num_cat=0
split_feature=1 0 0 0 1 2 0 0 2
split_gain=385.083 298.913 748.57 21.7278 0.169474 0.292914 5.68434e-14 5.68434e-14 1.77636e-15
threshold=1.1997436683544895 -0.45630484924917941 0.45409552365868994 0.44645132186505937 1.2132879063987692 1.7200333238525543 0.93649130078297138 -0.46422006793266929 0.42150143069988472
decision_type=2 2 2 2 2 2 2 2 2
left_child=6 4 3 -3 5 -2 -1 -6 -8
right_child=1 2 -4 -5 7 -7 8 -9 -10
leaf_value=0.034592744918793362 -0.035519443434868174 0.032902096060887689 -0.035142892389252771 -0.00075315427237772879 -0.035138996489538367 -0.011182590046357544 0.034592744918793335 -0.035138996489538367 0.034592744918793362
leaf_weight=621.78245148062706 3.1907649859786025 937.12670649215579 747.40066705644131 50.543409377336502 739.15567383915186 2.0185262560844421 4.157144013792279 10.748430512845514 16.786442283540964
leaf_count=11816 37 17134 10202 137 10109 20 79 147 319
internal_value=8.82305e-05 -0.00881752 0.00261058 0.0311798 -0.0350766 -0.0260893 0.0345927 -0.035139 0.0345927
internal_weight=3132.91 2490.18 1735.07 987.67 755.113 5.20929 642.726 749.904 20.9436
internal_count=50000 37786 27473 17271 10313 57 12214 10256 398
is_linear=0
shrinkage=0.05


Tree=115
num_leaves=13
num_cat=0
split_feature=0 1 0 2 0 1 0 1 0 0 0 2
split_gain=930.245 157.81 16.2388 0.818617 0.00423922 0.00179881 0.00133172 1.26689e-07 1.13687e-13 7.10543e-15 7.10543e-15 8.88178e-16
threshold=0.44645132186505937 1.1997436683544895 0.45409552365868994 0.31803970907125939 -0.44853405638371174 1.1997436683544895 -0.45630484924917941 1.1997436683544895 0.96961651069136345 -0.45630484924917941 0.90465577753231574 5.1540166843928636
decision_type=2 2 2 2 2 2 2 2 2 2 2 2
left_child=4 10 3 -3 5 9 -7 -6 -4 -1 -2 -12
right_child=1 2 8 -5 7 6 -8 -9 -10 -11 11 -13
leaf_value=-0.033947512747425461 -0.033947512747425461 -0.0078331289450892811 0.036100893012897893 0.0098593571708163151 -0.033947512747425461 -0.034182005811382893 -0.034808477481574222 -0.033949207617358521 0.036100893012897893 -0.033947512747425461 -0.033947512747425461 -0.03394751274742535
leaf_weight=88.308323480188847 74.55844571441412 7.70751729607582 1022.167578086257 43.086584627628326 145.62612788751721 374.52399295940995 8.6796328239142877 453.96436616778374 61.051870509982109 1.4389406964182843 14.948995012789961 0.58623509854078371
leaf_count=3314 2798 21 9627 116 5465 10313 143 16991 575 54 561 22
internal_value=-4.13701e-05 0.0297451 0.0348052 0.00717469 -0.0340371 -0.034149 -0.0341962 -0.0339488 0.0361009 -0.0339475 -0.0339475 -0.0339475
internal_weight=2296.65 1224.11 1134.01 50.7941 1072.54 472.951 383.204 599.59 1083.22 89.7473 90.0937 15.5352
internal_count=50000 13720 10339 137 36280 13824 10456 22456 10202 3368 3381 583
is_linear=0
shrinkage=0.05


Tree=116
num_leaves=15
num_cat=0
split_feature=0 1 0 2 1 0 0 1 1 1 0 0 0 0
split_gain=941.35 160.167 10.9633 0.716131 0.11366 0.00461277 0.00219075 0.00164978 0.000616451 1.31547e-07 2.84217e-14 1.42109e-14 7.10543e-15 4.44089e-16
threshold=-0.44853405638371174 1.1997436683544895 -0.45630484924917941 2.1615885756558892 1.2132879063987692 0.44645132186505937 0.45409552365868994 1.1997436683544895 1.1997436683544895 1.1997436683544895 0.18938802036820671 0.42173230104982357 -0.49601024820604761 -0.45630484924917941
decision_type=2 2 2 2 2 2 2 2 2 2 2 2 2 2
left_child=1 12 4 -4 -3 9 8 -8 -7 11 -11 -2 -1 -14
right_child=5 2 3 -5 -6 6 7 -9 -10 10 -12 -13 13 -15
leaf_value=-0.033955216948231275 -0.033955216948231275 0.029763440481834619 0.014256860639788468 -0.00073553620686037731 0.03608286365703154 -0.033955216948231275 -0.033955216948231275 -0.03419400696370372 -0.035020070955354123 -0.033956933664099222 -0.033956933664099222 -0.033955216948231275 -0.033955216948231275 -0.033955216948231275
leaf_weight=83.469305047765374 143.15188083797693 7.1623380929231635 34.339173436164856 10.370576113462446 1082.9403700828552 1.5911757666617621 89.591286387294531 375.48586577177048 9.3193723894655687 326.62580166384578 132.82440084218979 4.2341456841677418 5.9062286932021379 1.4563303627073754
leaf_count=3095 5308 57 109 34 10256 59 3322 10202 137 12079 4912 157 219 54
internal_value=-7.85826e-05 0.0299324 0.0350461 0.0107793 0.0360413 -0.0340479 -0.0341644 -0.034148 -0.0348648 -0.0339565 -0.0339569 -0.0339552 -0.0339552 -0.0339552
internal_weight=2308.47 1225.64 1134.81 44.7097 1090.1 1082.82 475.988 465.077 10.9105 606.836 459.45 147.386 90.8319 7.36256
internal_count=50000 13824 10456 143 10313 36176 13720 13524 196 22456 16991 5465 3368 273
is_linear=0
shrinkage=0.05


Tree=117
num_leaves=11
num_cat=0
split_feature=1 0 0 0 1 0 0 0 0 1
split_gain=359.286 279.018 696.012 22.3928 0.178548 0.303229 5.68434e-14 5.68434e-14 5.68434e-14 4.44089e-16
threshold=1.1997436683544895 -0.45630484924917941 0.45409552365868994 -0.44853405638371174 1.2132879063987692 -0.60524986981333195 0.98483088504110572 0.98483088504110572 -0.54252996037600187 1.0341649855466415
decision_type=2 2 2 2 2 2 2 2 2 2
left_child=6 4 3 -3 5 -2 -1 -4 -6 -8
right_child=1 2 7 -5 8 -7 9 -9 -10 -11
leaf_value=0.034509312308756167 -0.035460478435072322 -0.0051840754126076744 -0.035021499658272469 0.032527593759590682 -0.035017854692524518 -0.010180464010470298 0.034509312308756167 -0.035021499658272469 -0.035017854692524518 0.034509312308756139
leaf_weight=597.47309682890773 3.0126562565565109 41.179022789001465 682.90285313874483 892.94389799982309 590.21791029721498 1.956570804119109 4.394273664802312 19.200836040079594 114.22464620321989 1.1849726736545561
leaf_count=12101 36 143 9923 17128 8593 21 89 279 1663 24
internal_value=8.79111e-05 -0.00876167 0.00259323 0.0308651 -0.0349512 -0.0255068 0.0345093 -0.0350215 -0.0350179 0.0345093
internal_weight=2948.69 2345.64 1636.23 934.123 709.412 4.96923 603.052 702.104 704.443 5.57925
internal_count=50000 37786 27473 17271 10313 57 12214 10202 10256 113
is_linear=0
shrinkage=0.05


Tree=118
num_leaves=15
num_cat=0
split_feature=0 1 0 1 0 1 0 1 0 0 2 0 2 2
split_gain=867.965 146.614 16.3919 0.815669 0.00349114 0.00149013 0.00119273 2.67549e-07 1.13687e-13 5.68434e-14 1.42109e-14 7.10543e-15 7.10543e-15 8.88178e-16
threshold=0.44645132186505937 1.1997436683544895 0.45409552365868994 4.7133260369885788 -0.44853405638371174 1.1997436683544895 -0.45630484924917941 1.1997436683544895 0.98483088504110572 0.43085841847561951 3.5298481942572462 0.43085841847561951 3.2270351429645756 3.3656520330523834
decision_type=2 2 2 2 2 2 2 2 2 2 2 2 2 2
left_child=4 12 3 -3 5 10 -7 11 -4 -9 -1 -6 -2 -14
right_child=1 2 8 -5 7 6 -8 9 -10 -11 -12 -13 13 -15
leaf_value=-0.033907534599095061 -0.033907534599095061 0.0029099487967554905 0.035911384353735663 0.017112521822770295 -0.033907534599095061 -0.034127333658953762 -0.034734486726232632 -0.033910078420793695 0.035911384353735663 -0.033910078420793695 -0.033907534599095061 -0.033907534599095061 -0.033907534599095061 -0.033907534599095061
leaf_weight=74.889238141477108 74.115124642848969 36.853341072797775 991.8369040414691 13.930578052997587 133.77180684357882 351.51765086501837 8.2793246656656247 418.98210650682449 27.8869793638587 7.1222193241119376 9.2144477739930135 2.6969115436077109 0.99885612726211448 9.3143333867192251
leaf_count=2999 2968 99 9923 38 5357 10313 143 16707 279 284 369 108 40 373
internal_value=-5.07386e-05 0.0295277 0.0345306 0.00680587 -0.0339922 -0.034097 -0.0341413 -0.0339095 0.0359114 -0.0339101 -0.0339075 -0.0339075 -0.0339075 -0.0339075
internal_weight=2161.41 1154.94 1070.51 50.7839 1006.47 443.901 359.797 562.573 1019.72 426.104 84.1037 136.469 84.4283 10.3132
internal_count=50000 13720 10339 137 36280 13824 10456 22456 10202 16991 3368 5465 3381 413
is_linear=0
shrinkage=0.05


Tree=119
num_leaves=14
num_cat=0
split_feature=0 1 0 2 1 0 0 1 1 1 0 1 1
split_gain=879.468 148.993 10.5068 0.681787 0.120409 0.00382894 0.00208753 0.00135822 0.000556194 2.77787e-07 2.84217e-14 7.10543e-15 4.44089e-16
threshold=-0.44853405638371174 1.1997436683544895 -0.45630484924917941 3.0957286437972882 1.2132879063987692 0.44645132186505937 0.45409552365868994 1.1997436683544895 1.1997436683544895 1.1997436683544895 0.43085841847561951 0.55980544433475388 0.52998710760286483
decision_type=2 2 2 2 2 2 2 2 2 2 2 2 2
left_child=1 11 4 -4 -3 9 8 -8 -7 -2 -11 12 -1
right_child=5 2 3 -5 -6 6 7 -9 -10 10 -12 -13 -14
leaf_value=-0.033914725054305796 -0.033914725054305796 0.02923286053936467 0.0088024366174410656 0.027307594323314806 0.035894647563421797 -0.033914725054305796 -0.033914725054305796 -0.034138507507497466 -0.034957310138288733 -0.033917301559915784 -0.033917301559915784 -0.033914725054305796 -0.033914725054305782
leaf_weight=3.5129976011812678 138.11893446370959 6.8283430412411681 39.237447500228882 5.7005444169044486 1019.4156694412231 1.4911284781992424 83.958115331828594 352.41646689921618 9.0012031570076925 424.04809646867216 7.2083353921771041 77.488134138286114 4.1195583380758762
leaf_count=139 5465 57 123 20 10256 59 3322 10202 137 16707 284 3066 163
internal_value=-6.88368e-05 0.0297547 0.0348141 0.0111499 0.0358503 -0.0340027 -0.0341122 -0.0340955 -0.0348091 -0.0339167 -0.0339173 -0.0339147 -0.0339147
internal_weight=2172.54 1156.3 1071.18 44.938 1026.24 1016.24 446.867 436.375 10.4923 569.375 431.256 85.1207 7.63256
internal_count=50000 13824 10456 143 10313 36176 13720 13524 196 22456 16991 3368 302
is_linear=0
shrinkage=0.05


Tree=120
num_leaves=10
num_cat=0
split_feature=1 0 0 0 0 1 2 0 1
split_gain=335.262 260.494 648.578 23.8992 20.8715 0.187999 0.315747 5.68434e-14 4.44089e-16
threshold=1.1997436683544895 -0.45630484924917941 0.44645132186505937 -0.44853405638371174 0.45409552365868994 1.2132879063987692 1.7200333238525543 0.97698929024845749 1.060555050604169
decision_type=2 2 2 2 2 2 2 2 2
left_child=7 5 3 -3 -4 6 -2 -1 -9
right_child=1 2 4 -5 -6 -7 -8 8 -10
leaf_value=0.034431544546191066 -0.035285019028131435 -0.0047570520167854935 -0.0015865684140626167 0.034438678537478125 -0.034908543298182097 -0.034905132813483598 -0.0088661051051258429 0.034431544546191066 0.034431544546191045
leaf_weight=558.30727272480726 2.8812654316425315 40.899594366550446 50.599166184663773 791.76064583286643 659.37154451012611 661.55681967735291 1.8617413789033888 5.7896473444998255 1.6211012564599512
leaf_count=12054 37 143 137 16991 10202 10256 20 125 35
internal_value=8.76848e-05 -0.00870795 0.00257654 0.0325134 -0.0325337 -0.034834 -0.024915 0.0344315 0.0344315
internal_weight=2774.65 2208.93 1542.63 832.66 709.971 666.3 4.74301 565.718 7.41075
internal_count=50000 37786 27473 17134 10339 10313 57 12214 160
is_linear=0
shrinkage=0.05


Tree=121
num_leaves=13
num_cat=0
split_feature=0 1 0 1 0 1 0 1 1 0 0 0
split_gain=811.213 136.44 15.4042 0.78526 0.00288317 0.00123921 0.00112659 4.56037e-07 5.68434e-14 2.84217e-14 7.10543e-15 7.10543e-15
threshold=0.44645132186505937 1.1997436683544895 0.45409552365868994 1.8604054256126643 -0.44853405638371174 1.1997436683544895 -0.45630484924917941 1.1997436683544895 3.6267154876161194 0.39776180242403719 -0.95209234960524658 0.43851370652444671
decision_type=2 2 2 2 2 2 2 2 2 2 2 2
left_child=4 -2 3 -3 5 10 -7 11 -4 -9 -1 -6
right_child=1 2 8 -5 7 6 -8 9 -10 -11 -12 -13
leaf_value=-0.033870184528957806 -0.033870184528957806 0.020942504599367008 0.035735547105745558 0.0045978528210261554 -0.033870184528957806 -0.034076180538772649 -0.034677853475324316 -0.033873614673626637 0.035735547105745558 -0.033873614673626637 -0.033870184528957806 -0.033870184528957806
leaf_weight=6.7387738823890677 79.11039755679667 8.9145182371139509 599.59932323545218 41.833126783370972 126.63279253989458 329.85591712594032 7.9680166356265536 379.56502426788211 359.94770353287458 20.459124555811286 72.067442908883095 1.2401215825229872
leaf_count=288 3381 24 6375 113 5412 10313 143 16122 3827 869 3080 53
internal_value=-3.81422e-05 0.0293642 0.0343157 0.00746901 -0.0339504 -0.0340487 -0.0340904 -0.0338728 0.0357355 -0.0338736 -0.0338702 -0.0338702
internal_weight=2033.93 1089.41 1010.29 50.7476 944.527 416.63 337.824 527.897 959.547 400.024 78.8062 127.873
internal_count=50000 13720 10339 137 36280 13824 10456 22456 10202 16991 3368 5465
is_linear=0
shrinkage=0.05


Tree=122
num_leaves=13
num_cat=0
split_feature=0 1 0 2 1 0 0 1 1 1 0 2
split_gain=820.83 138.513 10.7414 0.706716 0.127478 0.00314924 0.00183149 0.0011177 0.000475699 4.72887e-07 2.84217e-14 1.42109e-14
threshold=-0.44853405638371174 1.1997436683544895 -0.45630484924917941 1.46289257134648 1.2132879063987692 0.44645132186505937 0.45409552365868994 1.1997436683544895 1.1997436683544895 1.1997436683544895 0.28326449580562935 3.4232271932069405
decision_type=2 2 2 2 2 2 2 2 2 2 2 2
left_child=1 -1 4 -4 -3 9 8 -8 -7 11 -11 -2
right_child=5 2 3 -5 -6 6 7 -9 -10 10 -12 -13
leaf_value=-0.033876896702549238 -0.033876896702549238 0.028700577294448248 0.015421636287565293 0.0024016128142829453 0.035720000325020977 -0.033876896702549238 -0.033876896702549238 -0.03408658212241425 -0.03487186847726028 -0.033880368700021 -0.033880368700021 -0.033876896702549238
leaf_weight=79.759696617722511 115.6136695034802 6.5119216889142981 27.944986939430237 16.621225923299789 959.21708059310913 1.397215588018297 78.670342091470957 330.69428385794163 8.5672459751367551 330.63892810046673 74.224579203873873 13.806384539231656
leaf_count=3368 4882 57 89 54 10256 59 3322 10202 137 13876 3115 583
internal_value=-8.10867e-05 0.0295572 0.0345651 0.0105657 0.0356727 -0.03396 -0.0340626 -0.0340463 -0.0347324 -0.0338795 -0.0338804 -0.0338769
internal_weight=2043.67 1090.05 1010.3 44.5662 965.729 953.613 419.329 409.365 9.96446 534.284 404.864 129.42
internal_count=50000 13824 10456 143 10313 36176 13720 13524 196 22456 16991 5465
is_linear=0
shrinkage=0.05


Tree=123
num_leaves=8
num_cat=0
split_feature=1 0 0 0 0 1 0
split_gain=312.89 243.243 603.314 23.1068 20.8694 0.197708 0.325776
threshold=1.1997436683544895 -0.45630484924917941 0.44645132186505937 -0.44853405638371174 0.45409552365868994 1.2132879063987692 -0.60524986981333195
decision_type=2 2 2 2 2 2 2
left_child=-1 5 3 -3 -4 6 -2
right_child=1 2 4 -5 -6 -7 -8
leaf_value=0.034359034320406691 -0.035237450041545784 -0.0043522738115461838 -0.0014003647006354026 0.034365686885267838 -0.034803395721859476 -0.034800210887721415 -0.0078523514836395941
leaf_weight=530.59917385876179 2.723117858171463 40.643961161375046 50.580933153629303 742.62174582853913 619.08231168985367 621.12402153015137 1.806412249803542
leaf_count=12214 36 143 137 16991 10202 10256 21
internal_value=8.90326e-05 -0.00865906 0.00256504 0.0323566 -0.0322804 -0.0347243 -0.0243161
internal_weight=2609.18 2078.58 1452.93 783.266 669.663 625.654 4.52953
internal_count=50000 37786 27473 17134 10339 10313 57
is_linear=0
shrinkage=0.05


Tree=124
num_leaves=15
num_cat=0
split_feature=0 1 0 1 0 1 0 1 1 0 0 0 2 2
split_gain=756.736 126.791 15.6155 0.776508 0.00240221 0.00103089 0.00106226 3.72548e-07 5.68434e-14 2.84217e-14 7.10543e-15 7.10543e-15 7.10543e-15 1.11022e-16
threshold=0.44645132186505937 1.1997436683544895 0.45409552365868994 4.7133260369885788 -0.44853405638371174 1.1997436683544895 -0.45630484924917941 1.1997436683544895 7.1678141456741651 0.43851370652444671 -0.83391742754424913 0.9923105776994251 4.9974851405645131 1.1373101437075623
decision_type=2 2 2 2 2 2 2 2 2 2 2 2 2 2
left_child=4 11 3 -3 5 10 -7 -6 -4 -9 -1 12 -2 -13
right_child=1 2 8 -5 7 6 -8 9 -10 -11 -12 13 -14 -15
leaf_value=-0.033835282734298353 -0.033835282734298353 0.0032678935533430723 0.03557230333639038 0.017126261906063429 -0.033835282734298353 -0.034028316180467276 -0.034623932002718204 -0.033838485701860675 0.03557230333639038 -0.033838485701860675 -0.033835282734298353 -0.033835282734298359 -0.033835282734298353 -0.033835282734298297
leaf_weight=22.689711218699813 69.998307170346379 36.830420404672623 826.30754560232162 13.931281834840773 119.80605971999466 309.46903085708618 7.6713963858783236 371.63793593645096 76.260931938886642 3.1543343327939501 51.145020553842187 0.50421580485999473 3.0252948291599742 0.5919055100530386
leaf_count=1035 3193 99 9340 38 5465 10313 143 16848 862 143 2333 23 138 27
internal_value=-3.82072e-05 0.0291572 0.0340547 0.00707125 -0.0339109 -0.0340035 -0.0340427 -0.0338377 0.0355723 -0.0338385 -0.0338353 -0.0338353 -0.0338353 -0.0338353
internal_weight=1913.02 1027.45 953.33 50.7617 885.573 390.975 317.14 494.598 902.568 374.792 73.8347 74.1197 73.0236 1.09612
internal_count=50000 13720 10339 137 36280 13824 10456 22456 10202 16991 3368 3381 3331 50
is_linear=0
shrinkage=0.05


Tree=125
num_leaves=14
num_cat=0
split_feature=0 1 0 1 1 0 0 1 1 1 0 0 1
split_gain=765.878 128.788 10.968 0.686989 0.134785 0.00263402 0.00173713 0.000919464 0.000428139 3.87489e-07 7.10543e-15 7.10543e-15 1.11022e-16
threshold=-0.44853405638371174 1.1997436683544895 -0.45630484924917941 3.9209472303139958 1.2132879063987692 0.44645132186505937 0.45409552365868994 1.1997436683544895 1.1997436683544895 1.1997436683544895 -0.45630484924917941 0.36619160364932518 0.96316367032528827
decision_type=2 2 2 2 2 2 2 2 2 2 2 2 2
left_child=1 10 4 -4 -3 9 8 -8 -7 11 -1 -2 -12
right_child=5 2 3 -5 -6 6 7 -9 -10 -11 12 -13 -14
leaf_value=-0.033841544010828083 -0.033841544010828083 0.02816750577098924 0.015044169348830298 0.0022964322594483727 0.035557855946852637 -0.033841544010828083 -0.033841544010828083 -0.034038000445653159 -0.034814667420450848 -0.033844790982523312 -0.03384154401082809 -0.033841544010828083 -0.033841544010828006
leaf_weight=73.530397463589907 109.82965221628547 6.2120186910033217 26.746693313121796 17.473099231719971 902.22310662269592 1.3090807031840075 73.707899931818247 310.2495387122035 8.2757345996797067 379.32878708839417 0.75438548997044452 11.426721392199395 0.44375617057085037
leaf_count=3314 4950 57 88 55 10256 59 3322 10202 137 16991 34 515 20
internal_value=-8.28582e-05 0.0293655 0.0343237 0.010007 0.0355073 -0.0339201 -0.0340169 -0.0340003 -0.0346818 -0.033844 -0.0338415 -0.0338415 -0.0338415
internal_weight=1921.51 1027.38 952.655 44.2198 908.435 894.127 393.542 383.957 9.58482 500.585 74.7285 121.256 1.19814
internal_count=50000 13824 10456 143 10313 36176 13720 13524 196 22456 3368 5465 54
is_linear=0
shrinkage=0.05


Tree=126
num_leaves=11
num_cat=0
split_feature=1 0 0 0 0 1 2 1 2 2
split_gain=292.032 227.182 561.162 22.3706 20.8422 0.20778 0.338837 1.13687e-13 2.84217e-14 1.77636e-15
threshold=1.1997436683544895 -0.45630484924917941 0.44645132186505937 -0.44853405638371174 0.45409552365868994 1.2132879063987692 1.7200333238525543 8.4779769100837754 4.6987214343005332 4.9974851405645131
decision_type=2 2 2 2 2 2 2 2 2 2
left_child=8 5 3 -3 -4 6 -2 -7 -1 -10
right_child=1 2 4 -5 -6 7 -8 -9 9 -11
leaf_value=0.034291413898485494 -0.035082286866842116 -0.0039730658232171199 -0.0012288778778149143 0.034297618798756278 -0.034705491910884255 -0.034702512558006215 -0.0065032390461883683 -0.034702512558006215 0.034291413898485466 0.034291413898485494
leaf_weight=472.64471337199211 2.6057498678565016 40.399427354335785 50.537842065095901 696.41429234296083 581.11646369844675 552.04254223778844 1.7228675633668897 30.981689374893904 4.2775120586156872 20.654272511601448
leaf_count=11602 37 143 137 16991 10202 9711 20 545 105 507
internal_value=9.0642e-05 -0.00861031 0.00255381 0.0321992 -0.0320271 -0.0346215 -0.0237073 -0.0347025 0.0342914 0.0342914
internal_weight=2453.4 1955.82 1368.47 736.814 631.654 587.353 4.32862 583.024 497.576 24.9318
internal_count=50000 37786 27473 17134 10339 10313 57 10256 12214 612
is_linear=0
shrinkage=0.05


Tree=127
num_leaves=15
num_cat=0
split_feature=0 1 0 2 0 0 1 1 1 2 0 0 0 2
split_gain=705.958 117.838 15.7973 0.774392 0.00200218 0.000907086 0.000721512 0.000228547 3.05758e-07 5.68434e-14 2.84217e-14 1.42109e-14 3.55271e-15 4.44089e-16
threshold=0.44645132186505937 1.1997436683544895 0.45409552365868994 1.7914226685012407 -0.44853405638371174 -0.45630484924917941 1.1997436683544895 1.1997436683544895 1.1997436683544895 3.8579789368788742 -0.40264385879831593 0.31282273773032993 0.94360478298292205 0.30407748650711786
decision_type=2 2 2 2 2 2 2 2 2 2 2 2 2 2
left_child=4 12 3 -3 5 6 -1 -7 11 -4 -10 -6 -2 -14
right_child=1 2 9 -5 8 7 -8 -9 10 -11 -12 -13 13 -15
leaf_value=-0.033802662751785284 -0.033802662751785284 0.0031637842247993347 0.035420681614685548 0.017488680469430359 -0.033802662751785284 -0.033802662751785312 -0.033983538629441055 -0.034572440837974026 -0.033805660681268702 0.035420681614685548 -0.033805660681268702 -0.033802662751785284 -0.033802662751785284 -0.033802662751785284
leaf_weight=68.061124660074711 62.22848754376173 38.214226901531219 778.53854651004076 12.527255684137343 95.170564778149128 1.1090225502848605 290.28959263116121 7.3858837932348251 18.92905742675066 70.125867582857609 332.18842591159046 17.06662480160594 0.94472291320562263 6.2639236636459827
leaf_count=3314 3030 103 9359 34 4634 54 10313 143 916 843 16075 831 46 305
internal_value=-3.8424e-05 0.0289553 0.0338004 0.00670037 -0.033874 -0.0339613 -0.0339492 -0.0344719 -0.0338049 0.0354207 -0.0338057 -0.0338027 -0.0338027 -0.0338027
internal_weight=1799.04 968.843 899.406 50.7415 830.2 366.846 358.351 8.49491 463.355 848.664 351.117 112.237 69.4371 7.20865
internal_count=50000 13720 10339 137 36280 13824 13627 197 22456 10202 16991 5465 3381 351
is_linear=0
shrinkage=0.05


Tree=128
num_leaves=13
num_cat=0
split_feature=0 1 0 2 1 0 0 1 1 1 0 0
split_gain=714.648 119.761 11.1791 0.691853 0.142414 0.00220486 0.0016471 0.000756093 0.000385586 3.17195e-07 2.84217e-14 7.10543e-15
threshold=-0.44853405638371174 1.1997436683544895 -0.45630484924917941 2.1615885756558892 1.2132879063987692 0.44645132186505937 0.45409552365868994 1.1997436683544895 1.1997436683544895 1.1997436683544895 0.42173230104982357 0.43851370652444671
decision_type=2 2 2 2 2 2 2 2 2 2 2 2
left_child=1 -1 4 -4 -3 9 8 -8 -7 11 -11 -2
right_child=5 2 3 -5 -6 6 7 -9 -10 10 -12 -13
leaf_value=-0.033808512136877807 -0.033808512136877807 0.027630670365114268 0.012933261881531603 -0.0019263738526184536 0.035407247237112457 -0.033808512136877827 -0.033808512136877807 -0.033992548708917159 -0.034760669765245604 -0.033811547294296439 -0.033811547294296439 -0.033808512136877807
leaf_weight=70.007889285683632 112.49486247450113 5.928418740630149 33.674509912729263 10.207605689764021 848.30904126167297 1.2263852339237908 69.051724527031183 291.01490487530828 7.9941462799906731 346.33419539220631 9.0353507101535779 1.1016680914908636
leaf_count=3368 5412 57 109 34 10256 59 3322 10202 137 16559 432 53
internal_value=-8.484e-05 0.0291791 0.0340889 0.0094767 0.0353533 -0.0338828 -0.0339742 -0.0339573 -0.034634 -0.0338108 -0.0338115 -0.0338085
internal_weight=1806.38 968.127 898.12 43.8821 854.237 838.253 369.287 360.067 9.22053 468.966 355.37 113.597
internal_count=50000 13824 10456 143 10313 36176 13720 13524 196 22456 16991 5465
is_linear=0
shrinkage=0.05


Tree=129
num_leaves=10
num_cat=0
split_feature=1 0 0 0 1 0 0 0 1
split_gain=272.579 212.225 522.049 20.642 0.218091 0.348475 2.84217e-14 2.84217e-14 7.10543e-15
threshold=1.1997436683544895 -0.45630484924917941 0.45409552365868994 0.44645132186505937 1.2132879063987692 -0.60524986981333195 0.8891792908347802 0.62114649165884261 0.86168527020564356
decision_type=2 2 2 2 2 2 2 2 2
left_child=6 4 3 -3 5 -2 7 -1 -9
right_child=1 2 -4 -5 -6 -7 -8 8 -10
leaf_value=0.034228345487547461 -0.035044514593532111 0.032040441522056561 -0.034614297467824268 -0.0010700502433589163 -0.034611514446617545 -0.0054835187814322936 0.034228345487547461 0.034228345487547461 0.034228345487547461
leaf_weight=378.33914069458842 2.4654868319630623 693.15266406536102 545.35781799256802 50.501268059015274 547.14049959182739 1.6737502142786969 26.050206355750561 34.415301945060492 27.730864830315113
leaf_count=9905 36 17134 10202 137 10256 21 682 901 726
internal_value=9.25507e-05 -0.00856127 0.0025428 0.0297919 -0.034525 -0.0230912 0.0342283 0.0342283 0.0342283
internal_weight=2306.83 1840.29 1289.01 743.654 551.28 4.13924 466.536 440.485 62.1462
internal_count=50000 37786 27473 17271 10313 57 12214 11532 1627
is_linear=0
shrinkage=0.05


Tree=130
num_leaves=14
num_cat=0
split_feature=0 1 0 2 0 0 1 1 1 1 0 0 1
split_gain=658.606 109.524 15.9668 0.7541 0.0016697 0.000855358 0.000593404 0.000204714 2.49837e-07 5.68434e-14 2.84217e-14 3.55271e-15 3.55271e-15
threshold=0.44645132186505937 1.1997436683544895 0.45409552365868994 0.31803970907125939 -0.44853405638371174 -0.45630484924917941 1.1997436683544895 1.1997436683544895 1.1997436683544895 7.3328594051862348 0.43085841847561951 0.91264619986966466 0.95235589753803829
decision_type=2 2 2 2 2 2 2 2 2 2 2 2 2
left_child=4 11 3 -3 5 6 -1 -7 -6 -4 -10 12 -2
right_child=1 2 9 -5 8 7 -8 -9 10 -11 -12 -13 -14
leaf_value=-0.03377217964562914 -0.03377217964562914 -0.0080527278942724139 0.035279773126998988 0.0089299824448523368 -0.03377217964562914 -0.033772179645629168 -0.033941642740494972 -0.034523568589451735 -0.03377497959852515 0.035279773126998988 -0.03377497959852515 -0.03377217964562914 -0.03377217964562914
leaf_weight=63.755487520247698 37.01435063034296 7.7078948616981497 734.29613308608532 43.017045378684998 105.13691590167582 1.0388643108308295 272.25283582322299 7.113535862416029 323.41049260832369 63.413285478949547 5.4976105764508238 10.44635779224336 17.583740372210741
leaf_count=3314 1924 21 9391 116 5465 54 10313 143 16707 811 284 543 914
internal_value=-3.88492e-05 0.0287564 0.0335501 0.00634938 -0.0338395 -0.0339218 -0.0339095 -0.0344278 -0.0337743 0.0352798 -0.033775 -0.0337722 -0.0337722
internal_weight=1691.68 913.479 848.434 50.7249 778.206 344.161 336.008 8.1524 434.045 797.709 328.908 65.0444 54.5981
internal_count=50000 13720 10339 137 36280 13824 13627 197 22456 10202 16991 3381 2838
is_linear=0
shrinkage=0.05


Tree=131
num_leaves=14
num_cat=0
split_feature=0 1 0 2 1 0 0 1 1 1 0 0 0
split_gain=666.874 111.377 11.38 0.711793 0.150278 0.0018469 0.0015572 0.000621556 0.00034673 2.59184e-07 2.84217e-14 7.10543e-15 3.55271e-15
threshold=-0.44853405638371174 1.1997436683544895 -0.45630484924917941 3.0957286437972882 1.2132879063987692 0.44645132186505937 0.45409552365868994 1.1997436683544895 1.1997436683544895 1.1997436683544895 0.31282273773032993 0.40601430057245508 -0.45630484924917941
decision_type=2 2 2 2 2 2 2 2 2 2 2 2 2
left_child=1 12 4 -4 -3 9 8 -8 -7 11 -11 -2 -1
right_child=5 2 3 -5 -6 6 7 -9 -10 10 -12 -13 -14
leaf_value=-0.033777641450394962 -0.033777641450394962 0.02709124842716093 0.0065442273138244279 0.025803366505379878 0.035267276918880867 -0.033777641450394982 -0.033777641450394962 -0.03395002567805952 -0.034708658018371218 -0.033780476176170388 -0.033780476176170388 -0.033777641450394962 -0.033777641450394962
leaf_weight=64.52800802141428 101.28989068418741 5.660071834921836 38.075975954532623 5.4891886115074149 797.34849715232849 1.1488088332116584 64.683778710663319 272.92552611231804 7.7223680689930916 283.59875902533531 49.294264435768127 5.1209614090621463 1.0514521524310101
leaf_count=3314 5202 57 123 20 10256 59 3322 10202 137 14475 2516 263 54
internal_value=-8.70333e-05 0.0289966 0.0338594 0.00897087 0.0352096 -0.0338479 -0.0339342 -0.033917 -0.0345881 -0.0337798 -0.0337805 -0.0337776 -0.0337776
internal_weight=1697.94 912.153 846.574 43.5652 803.009 785.784 346.48 337.609 8.87118 439.304 332.893 106.411 65.5795
internal_count=50000 13824 10456 143 10313 36176 13720 13524 196 22456 16991 5465 3368
is_linear=0
shrinkage=0.05


Tree=132
num_leaves=9
num_cat=0
split_feature=1 0 0 0 1 2 1 0
split_gain=254.4 198.315 485.128 20.0415 0.228742 0.361842 5.68434e-14 2.84217e-14
threshold=1.1997436683544895 -0.45630484924917941 0.45409552365868994 0.44645132186505937 1.2132879063987692 1.7200333238525543 1.5607691566660062 0.93649130078297138
decision_type=2 2 2 2 2 2 2 2
left_child=-1 4 3 -3 5 -2 -6 -4
right_child=1 2 7 -5 6 -7 -8 -9
leaf_value=0.034169504347967214 -0.034906812401879476 0.031778494807705081 -0.034529333017026077 -0.00092313644328057714 -0.034526730867328145 -0.00411010624992178 -0.034526730867328145 -0.034529333017026077
leaf_weight=437.36670133471489 2.3609263002872463 654.10049327462912 453.01078432798386 50.467265546321869 67.523578129708767 1.6002779006958006 445.83581200987101 58.682752177119255
leaf_count=12214 37 17134 9032 137 1349 20 8907 1170
internal_value=9.31835e-05 -0.00850396 0.0025252 0.0294361 -0.0344344 -0.0224653 -0.0345267 -0.0345293
internal_weight=2170.95 1733.58 1216.26 704.568 517.321 3.9612 513.359 511.694
internal_count=50000 37786 27473 17271 10313 57 10256 10202
is_linear=0
shrinkage=0.05


Tree=133
num_leaves=15
num_cat=0
split_feature=0 1 0 1 0 0 1 1 1 0 0 0 2 1
split_gain=614.714 101.799 16.122 0.746171 0.0013736 0.000767409 0.000487906 0.000177655 3.68466e-07 1.13687e-13 2.84217e-14 3.55271e-15 3.55271e-15 4.44089e-16
threshold=0.44645132186505937 1.1997436683544895 0.45409552365868994 5.9569411646293373 -0.44853405638371174 -0.45630484924917941 1.1997436683544895 1.1997436683544895 1.1997436683544895 0.83451738739681602 0.31282273773032993 0.96065120560420703 0.57911817560903123 0.88426996463286833
decision_type=2 2 2 2 2 2 2 2 2 2 2 2 2 2
left_child=4 11 3 -3 5 6 -1 -7 -6 -4 -10 12 -2 -13
right_child=1 2 9 -5 8 7 -8 -9 10 -11 -12 13 -14 -15
leaf_value=-0.03374369071233576 -0.03374369071233576 0.0033425365035797249 0.035148772179031611 0.019769425015444479 -0.03374369071233576 -0.03374369071233576 -0.033902446965837184 -0.034466071489966735 -0.033747203234273888 0.035148772179031611 -0.033747203234273888 -0.03374369071233576 -0.03374369071233576 -0.033743690712335753
leaf_weight=59.717145226895809 15.568984150886534 42.449977785348892 523.49909953773022 8.2578088641166669 98.477428685873747 0.97306150943040748 255.29652745649219 6.7909614183008671 263.01273247227073 226.0781374424696 45.716064587235451 2.5768110342323771 40.670367162674665 2.1082999370992184
leaf_count=3314 864 114 7125 23 5465 54 10313 143 14475 3077 2516 143 2257 117
internal_value=-5.20525e-05 0.0285599 0.033303 0.00601767 -0.0338074 -0.0338845 -0.0338724 -0.0343755 -0.0337464 0.0351488 -0.0337472 -0.0337437 -0.0337437 -0.0337437
internal_weight=1591.19 861.209 800.285 50.7078 729.984 322.778 315.014 7.76402 407.206 749.577 308.729 60.9245 56.2394 4.68511
internal_count=50000 13720 10339 137 36280 13824 13627 197 22456 10202 16991 3381 3121 260
is_linear=0
shrinkage=0.05


Tree=134
num_leaves=13
num_cat=0
split_feature=0 1 0 2 1 0 0 1 1 1 0 0
split_gain=623.489 103.693 10.905 0.680837 0.158457 0.00153479 0.00146869 0.000510811 0.00031142 3.81886e-07 7.10543e-15 3.55271e-15
threshold=-0.44853405638371174 1.1997436683544895 -0.45630484924917941 2.1615885756558892 1.2132879063987692 0.44645132186505937 0.45409552365868994 1.1997436683544895 1.1997436683544895 1.1997436683544895 0.35081401703043252 -0.78094658732874944
decision_type=2 2 2 2 2 2 2 2 2 2 2 2
left_child=1 11 4 -4 -3 9 8 -8 -7 10 -2 -1
right_child=5 2 3 -5 -6 6 7 -9 -10 -11 -12 -13
leaf_value=-0.033748790532851854 -0.033748790532851854 0.026546614591839043 0.012855063170432408 -0.0018910340779751959 0.035137145805557782 -0.033748790532851881 -0.033748790532851854 -0.033910245053392928 -0.034658675940400244 -0.033752344971576746 -0.033748790532851854 -0.033748790532851854
leaf_weight=25.11385503038764 88.783040151000023 5.4067133516073218 33.634592026472092 10.201833516359327 749.21447563171387 1.0760475285351256 60.586947284638882 255.91920656710863 7.460023108869791 312.47075407579541 10.888141941279171 36.312044564634562
leaf_count=1377 4868 57 109 34 10256 59 3322 10202 137 16991 597 1991
internal_value=-7.48061e-05 0.0288514 0.0336672 0.00942328 0.0350756 -0.0338156 -0.0338968 -0.0338793 -0.034544 -0.0337515 -0.0337488 -0.0337488
internal_weight=1597.07 859.884 798.458 43.8364 754.621 737.184 325.042 316.506 8.53607 412.142 99.6712 61.4259
internal_count=50000 13824 10456 143 10313 36176 13720 13524 196 22456 5465 3368
is_linear=0
shrinkage=0.05


Tree=135
num_leaves=9
num_cat=0
split_feature=1 0 0 0 1 0 0 0
split_gain=237.439 185.353 450.727 20.5383 0.239606 0.37096 2.84217e-14 2.84217e-14
threshold=1.1997436683544895 -0.45630484924917941 0.45409552365868994 -0.44853405638371174 1.2132879063987692 -0.60524986981333195 0.97698929024845749 -0.46422006793266929
decision_type=2 2 2 2 2 2 2 2
left_child=-1 4 3 -3 5 -2 -4 -6
right_child=1 2 6 -5 7 -7 -8 -9
leaf_value=0.034114601224161323 -0.034877488275551219 -0.0051558203193690236 -0.034450146755848954 0.031314487890667757 -0.034447713406906014 -0.0030922340438498401 -0.034450146755848954 -0.034447713406906014
leaf_weight=409.96522686630487 2.236629649996758 41.137225866317749 459.87663274258375 626.75875139608979 474.66885433718562 1.5569296404719342 20.137834951281548 6.9023960418999186
leaf_count=12214 36 143 9774 17128 10109 21 428 147
internal_value=9.39262e-05 -0.00844554 0.00250713 0.0290682 -0.0343491 -0.0218324 -0.0344501 -0.0344477
internal_weight=2043.24 1633.28 1147.91 667.896 485.365 3.79356 480.014 481.571
internal_count=50000 37786 27473 17271 10313 57 10202 10256
is_linear=0
shrinkage=0.05


Tree=136
num_leaves=13
num_cat=0
split_feature=0 1 0 1 0 0 1 1 1 0 0 0
split_gain=573.78 94.6199 16.2578 0.753513 0.00112905 0.000686908 0.000401082 0.000153957 4.94309e-07 5.68434e-14 3.55271e-15 3.55271e-15
threshold=0.44645132186505937 1.1997436683544895 0.45409552365868994 1.8604054256126643 -0.44853405638371174 -0.45630484924917941 1.1997436683544895 1.1997436683544895 1.1997436683544895 0.94360478298292205 0.9923105776994251 0.94360478298292205
decision_type=2 2 2 2 2 2 2 2 2 2 2 2
left_child=4 10 3 -3 5 6 -1 -7 -6 -4 11 -2
right_child=1 2 9 -5 8 7 -8 -9 -10 -11 -12 -13
leaf_value=-0.033717062405436732 -0.033717062405436732 0.018887176670462743 0.035026924957711328 0.0028858183711528802 -0.033717062405436732 -0.033717062405436732 -0.033865779899160627 -0.034411115606818719 -0.033721265064424702 0.035026924957711328 -0.033717062405436732 -0.033717062405436732
leaf_weight=55.930147249251604 51.137099023908377 8.9312594532966596 633.67278508841991 41.747372299432755 92.232424477115273 0.91135424003004928 239.36114434711635 6.4818227142095566 289.82374256104231 70.46943835914135 0.84384651854634185 5.0799560416489831
leaf_count=3314 3030 24 9181 113 5465 54 10313 143 16991 1021 50 301
internal_value=-6.65393e-05 0.0283652 0.0330583 0.00570579 -0.0337774 -0.0338495 -0.0338376 -0.0343256 -0.0337203 0.0350269 -0.0337171 -0.0337171
internal_weight=1496.62 811.882 754.821 50.6786 684.741 302.684 295.291 7.39318 382.056 704.142 57.0609 56.2171
internal_count=50000 13720 10339 137 36280 13824 13627 197 22456 10202 3381 3331
is_linear=0
shrinkage=0.05


Tree=137
num_leaves=13
num_cat=0
split_feature=0 1 0 2 1 0 0 1 1 1 0 2
split_gain=583.042 96.5524 10.4531 0.68428 0.166863 0.00127577 0.00138327 0.00041969 0.000279587 5.12496e-07 7.10543e-15 3.55271e-15
threshold=-0.44853405638371174 1.1997436683544895 -0.45630484924917941 3.0957286437972882 1.2132879063987692 0.44645132186505937 0.45409552365868994 1.1997436683544895 1.1997436683544895 1.1997436683544895 0.34302705097742353 3.0519895297915087
decision_type=2 2 2 2 2 2 2 2 2 2 2 2
left_child=1 11 4 -4 -3 9 8 -8 -7 10 -2 -1
right_child=5 2 3 -5 -6 6 7 -9 -10 -11 -12 -13
leaf_value=-0.033721825217335549 -0.033721825217335549 0.025998186067413238 0.0075009453939288697 0.026271449983220247 0.035016101704576606 -0.033721825217335577 -0.033721825217335549 -0.033873030747336517 -0.034610945225646561 -0.033726078777995418 -0.033721825217335549 -0.033721825217335549
leaf_weight=49.058343589305878 82.350374110043049 5.1673216447234145 38.556174695491791 5.5548932552337638 703.78081858158112 1.0078141614794711 56.74506177008152 239.93627774342895 7.2067552842199802 293.33786415867507 11.000547796487806 8.4724715948104841
leaf_count=2872 4821 57 123 20 10256 59 3322 10202 137 16991 644 496
internal_value=-6.14661e-05 0.0287113 0.033481 0.00986471 0.0349504 -0.0337854 -0.0338618 -0.0338441 -0.0345019 -0.0337251 -0.0337218 -0.0337218
internal_weight=1502.17 810.59 753.059 44.1111 708.948 691.585 304.896 296.681 8.21457 386.689 93.3509 57.5308
internal_count=50000 13824 10456 143 10313 36176 13720 13524 196 22456 5465 3368
is_linear=0
shrinkage=0.05


Tree=138
num_leaves=10
num_cat=0
split_feature=1 0 0 0 0 1 2 0 0
split_gain=221.63 173.255 419.805 22.9127 19.3691 0.250776 0.384384 2.84217e-14 2.84217e-14
threshold=1.1997436683544895 -0.45630484924917941 0.44645132186505937 -0.44853405638371174 0.45409552365868994 1.2132879063987692 1.7200333238525543 0.87302043016584918 -0.52752153697499737
decision_type=2 2 2 2 2 2 2 2 2
left_child=7 5 3 -3 -4 6 -2 -1 -7
right_child=1 2 4 -5 -6 8 -8 -9 -10
leaf_value=0.034063361617182659 -0.034754831011199042 -0.0047501285395476619 -0.001729793055833057 0.034073516931276165 -0.034376334037785478 -0.034374057355423385 -0.0017069539229740084 0.034063361617182659 -0.034374057355423385
leaf_weight=359.09606477245688 2.1436875388026233 40.871337175369263 50.532761752605438 541.62014285475016 450.21533656865358 391.90852942317724 1.4924346804618833 25.135151620954275 59.761756874620914
leaf_count=11415 37 143 137 16991 10202 8899 20 799 1357
internal_value=9.46602e-05 -0.00838857 0.00248938 0.0313494 -0.0310818 -0.0342688 -0.0211904 0.0340634 -0.0343741
internal_weight=1922.78 1538.55 1083.24 582.491 500.748 455.306 3.63612 384.231 451.67
internal_count=50000 37786 27473 17134 10339 10313 57 12214 10256
is_linear=0
shrinkage=0.05


Tree=139
num_leaves=14
num_cat=0
split_feature=0 1 0 1 0 0 1 1 1 0 2 0 0
split_gain=536.773 88.1282 15.3091 0.711247 0.000931589 0.000643623 0.000329622 0.000137511 6.39179e-07 5.68434e-14 7.10543e-15 3.55271e-15 4.44089e-16
threshold=0.44645132186505937 1.1997436683544895 0.45409552365868994 4.7133260369885788 -0.44853405638371174 -0.45630484924917941 1.1997436683544895 1.1997436683544895 1.1997436683544895 0.98483088504110572 3.1825936924632301 0.94360478298292205 0.9923105776994251
decision_type=2 2 2 2 2 2 2 2 2 2 2 2 2
left_child=4 11 3 -3 5 6 -1 -7 10 -4 -6 -2 -13
right_child=1 2 9 -5 8 7 -8 -9 -10 -11 -12 12 -14
leaf_value=-0.033692170535418613 -0.033692170535418613 0.0027689609164916638 0.034913553898968414 0.016058647112800608 -0.033692170535418613 -0.033692170535418613 -0.033831471786043045 -0.034368835161403072 -0.033697107224142896 0.034913553898968414 -0.033692170535418613 -0.033692170535418613 -0.033692170535418578
leaf_weight=52.379407249391079 47.890646941959858 36.833599209785461 643.19561661779881 13.854578942060469 75.818954911082983 0.85349667817354102 224.38969720155001 6.2406251206994057 272.16610201261938 18.084407642483711 10.558070018887518 4.7574537061154833 0.7902747020125388
leaf_count=3314 3030 99 9923 38 4797 54 10313 143 16991 279 668 301 50
internal_value=-4.91763e-05 0.0282355 0.0328836 0.00640143 -0.0337495 -0.0338172 -0.0338051 -0.0342874 -0.0336959 0.0349136 -0.0336922 -0.0336922 -0.0336922
internal_weight=1407.81 765.407 711.968 50.6882 642.406 283.863 276.769 7.09412 358.543 661.28 86.377 53.4384 5.54773
internal_count=50000 13720 10339 137 36280 13824 13627 197 22456 10202 5465 3381 351
is_linear=0
shrinkage=0.05


Tree=140
num_leaves=15
num_cat=0
split_feature=0 1 0 2 1 0 0 1 1 1 0 0 0 2
split_gain=544.394 89.8029 10.68 0.669542 0.175573 0.00104752 0.00120988 0.00034472 0.000238793 6.62487e-07 1.42109e-14 7.10543e-15 3.55271e-15 8.88178e-16
threshold=-0.44853405638371174 1.1997436683544895 -0.45630484924917941 2.1615885756558892 1.2132879063987692 0.44645132186505937 0.45409552365868994 1.1997436683544895 1.1997436683544895 1.1997436683544895 0.43851370652444671 0.42173230104982357 -0.5967601488964962 5.3352052953981639
decision_type=2 2 2 2 2 2 2 2 2 2 2 2 2 2
left_child=1 12 4 -4 -3 9 8 -8 -7 11 -11 -2 -1 -14
right_child=5 2 3 -5 -6 6 7 -9 -10 10 -12 -13 13 -15
leaf_value=-0.03369662061296036 -0.03369662061296036 0.025443674254480377 0.012742923880454671 -0.0018887686888362041 0.034903480362867494 -0.03369662061296036 -0.03369662061296036 -0.033838212561010939 -0.034544852521404483 -0.033701616295235742 -0.033701616295235742 -0.03369662061296036 -0.03369662061296036 -0.033696620612960221
leaf_weight=39.433188205584884 84.913331843912601 4.9416089281439772 33.577615857124329 10.191767185926436 660.92243766784668 0.94383695907890697 53.142819967120886 224.91976952925324 6.8625380992889404 273.14886966347694 2.3183931838721028 2.5115661453455678 14.013579256832596 0.43192538805306036
leaf_count=2465 5308 57 109 34 10256 59 3322 10202 137 16848 143 157 876 27
internal_value=-7.98558e-05 0.0285357 0.0332606 0.00933591 0.0348333 -0.0337568 -0.0338284 -0.0338112 -0.0344423 -0.0337004 -0.0337016 -0.0336966 -0.0336966 -0.0336966
internal_weight=1412.27 763.512 709.633 43.7694 665.864 648.761 285.869 278.063 7.80638 362.892 275.467 87.4249 53.8787 14.4455
internal_count=50000 13824 10456 143 10313 36176 13720 13524 196 22456 16991 5465 3368 903
is_linear=0
shrinkage=0.05


Tree=141
num_leaves=11
num_cat=0
split_feature=1 0 0 0 0 1 0 0 1 0
split_gain=206.899 161.963 390.133 22.1771 19.3574 0.262125 0.39284 2.84217e-14 2.84217e-14 8.88178e-16
threshold=1.1997436683544895 -0.45630484924917941 0.44645132186505937 -0.44853405638371174 0.45409552365868994 1.2132879063987692 -0.60524986981333195 0.92885997002009535 7.8520668707854497 0.94360478298292205
decision_type=2 2 2 2 2 2 2 2 2 2
left_child=7 5 3 -3 -4 6 -2 -1 -7 -9
right_child=1 2 4 -5 -6 8 -8 9 -10 -11
leaf_value=0.034015534228408001 -0.034732822501920557 -0.0043658517457542036 -0.0015491965556685119 0.034025015497589538 -0.034307506571584205 -0.034305378428878305 -0.00070057015434290323 0.034015534228408001 -0.034305378428878305 0.034015534228408001
leaf_weight=346.77390857599676 2.033600471913815 40.628538936376572 50.489561289548874 507.57319517061114 422.19501072913408 393.4484074935317 1.4544052407145489 2.948005683720111 30.106422699987888 10.347499949857591
leaf_count=11763 36 143 137 16991 10202 9527 21 100 729 351
internal_value=9.74694e-05 -0.00833724 0.00247837 0.0311798 -0.0308084 -0.034193 -0.0205423 0.0340155 -0.0343054 0.0340155
internal_weight=1808 1447.93 1020.89 548.202 472.685 427.043 3.48801 360.069 423.555 13.2955
internal_count=50000 37786 27473 17134 10339 10313 57 12214 10256 451
is_linear=0
shrinkage=0.05


Tree=142
num_leaves=14
num_cat=0
split_feature=0 1 0 1 0 0 1 1 1 1 2 0 0
split_gain=500.765 81.9059 15.4855 0.717405 0.000778536 0.000602582 0.000270871 0.000122802 5.22938e-07 5.68434e-14 2.84217e-14 7.10543e-15 3.55271e-15
threshold=0.44645132186505937 1.1997436683544895 0.45409552365868994 1.8604054256126643 -0.44853405638371174 -0.45630484924917941 1.1997436683544895 1.1997436683544895 1.1997436683544895 1.545415763967483 0.24969234505779156 0.35081401703043252 0.50230173599568151
decision_type=2 2 2 2 2 2 2 2 2 2 2 2 2
left_child=4 12 3 -3 5 6 -1 -7 11 -4 -10 -6 -2
right_child=1 2 9 -5 8 7 -8 -9 10 -11 -12 -13 -14
leaf_value=-0.033668901388981876 -0.033668901388981876 0.018920576416999808 0.034808030723213416 0.0033065943421706763 -0.033668901388981876 -0.033668901388981876 -0.033799382477585238 -0.034328588361653908 -0.033673515698945562 0.034808030723213416 -0.033673515698945562 -0.033668901388981876 -0.033668901388981876
leaf_weight=49.050672218203545 5.3431782349944106 8.9309879839420301 81.549056172370911 41.731602072715759 72.051500409841537 0.7992565780878057 210.32781057432294 6.0109570361673832 24.420800004154444 539.31920582056046 230.45254942495376 8.8362255021929723 44.699164181947708
leaf_count=3314 361 24 1340 113 4868 54 10313 143 1628 8862 15363 597 3020
internal_value=-5.00731e-05 0.0280405 0.0326391 0.00605908 -0.033723 -0.0337869 -0.0337747 -0.0342512 -0.0336724 0.034808 -0.0336735 -0.0336689 -0.0336689
internal_weight=1323.52 721.573 671.531 50.6626 601.95 266.189 259.378 6.81021 335.761 620.868 254.873 80.8877 50.0423
internal_count=50000 13720 10339 137 36280 13824 13627 197 22456 10202 16991 5465 3381
is_linear=0
shrinkage=0.05


Tree=143
num_leaves=14
num_cat=0
split_feature=0 1 0 2 1 0 0 1 1 1 0 0 2
split_gain=508.029 83.5235 10.8956 0.686785 0.184496 0.000880582 0.00113686 0.0002831 0.000214154 5.4303e-07 1.42109e-14 7.10543e-15 7.10543e-15
threshold=-0.44853405638371174 1.1997436683544895 -0.45630484924917941 3.0957286437972882 1.2132879063987692 0.44645132186505937 0.45409552365868994 1.1997436683544895 1.1997436683544895 1.1997436683544895 0.35081401703043252 -0.66808121277055665 3.3656520330523834
decision_type=2 2 2 2 2 2 2 2 2 2 2 2 2
left_child=1 11 4 -4 -3 9 8 -8 -7 12 -11 -1 -2
right_child=5 2 3 -5 -6 6 7 -9 -10 10 -12 -13 -14
leaf_value=-0.033673057173882678 -0.033673057173882678 0.024884721916853897 0.0064532162963535956 0.025449259727763247 0.034798645978079315 -0.033673057173882678 -0.033673057173882678 -0.033805642224353109 -0.034501602253753164 -0.033677731018929853 -0.033677731018929853 -0.033673057173882678 -0.033673057173882678
leaf_weight=30.59052256681025 72.880946272052824 4.7285975515842429 38.01360210776329 5.4388923048973075 620.51668977737427 0.8838593689724793 49.765776673331857 210.81522016972303 6.6301455870270729 231.16872737556696 26.797110456973314 19.864364800974727 8.9884003624320012
leaf_count=2042 4865 57 123 20 10256 59 3322 10202 137 15226 1765 1326 600
internal_value=-8.28524e-05 0.0283606 0.0330411 0.00883093 0.0347237 -0.0337301 -0.0337978 -0.0337803 -0.0344041 -0.0336766 -0.0336777 -0.0336731 -0.0336731
internal_weight=1327.08 719.153 668.698 43.4525 625.245 607.93 268.095 260.581 7.514 339.835 257.966 50.4549 81.8693
internal_count=50000 13824 10456 143 10313 36176 13720 13524 196 22456 16991 3368 5465
is_linear=0
shrinkage=0.05


Tree=144
num_leaves=9
num_cat=0
split_feature=1 0 0 0 1 2 0 1
split_gain=193.151 151.431 362.51 19.2899 0.273738 0.406063 2.84217e-14 2.84217e-14
threshold=1.1997436683544895 -0.45630484924917941 0.45409552365868994 0.44645132186505937 1.2132879063987692 1.7200333238525543 0.4776843722340906 10.190923523287273
decision_type=2 2 2 2 2 2 2 2
left_child=-1 4 3 -3 5 -2 -4 -6
right_child=1 2 6 -5 7 -7 -8 -9
leaf_value=0.033970886040441621 -0.034623145604610002 0.031006144567206462 -0.03424331649223275 -0.001380889647887244 -0.034241325845576369 0.00068254095949826939 -0.03424331649223275 -0.034241325845576369
leaf_weight=337.38920567929745 1.9511379487812512 516.00551091134548 17.26681612432003 50.472600102424622 386.01420606672764 1.3979032039642332 378.58949421346188 11.113058194518088
leaf_count=12214 37 17134 445 137 9969 20 9757 287
internal_value=0.000100492 -0.00828476 0.00246714 0.0281205 -0.0341213 -0.0198864 -0.0342433 -0.0342413
internal_weight=1700.2 1362.81 962.334 566.478 400.476 3.34904 395.856 397.127
internal_count=50000 37786 27473 17271 10313 57 10202 10256
is_linear=0
shrinkage=0.05


Tree=145
num_leaves=14
num_cat=0
split_feature=0 1 0 2 0 0 1 1 1 0 0 1 1
split_gain=467.15 76.1141 15.6555 0.709769 0.000651045 0.000563084 0.000222531 0.000109585 4.27723e-07 2.84217e-14 7.10543e-15 3.55271e-15 4.44089e-16
threshold=0.44645132186505937 1.1997436683544895 0.45409552365868994 0.31803970907125939 -0.44853405638371174 -0.45630484924917941 1.1997436683544895 1.1997436683544895 1.1997436683544895 0.15010773990276485 0.43085841847561951 0.59104442319125894 0.50895482125391123
decision_type=2 2 2 2 2 2 2 2 2 2 2 2 2
left_child=4 11 3 -3 5 6 -1 -7 10 -10 -6 12 -2
right_child=1 2 -4 -5 8 7 -8 -9 9 -11 -12 -13 -14
leaf_value=-0.033647150140653947 -0.033647150140653947 -0.0082381689675144251 0.034709777919159933 0.0082395604916539657 -0.033647150140653947 -0.033647150140653947 -0.033769357411766961 -0.034290095797548395 -0.033651462689797206 -0.033651462689797206 -0.033647150140653947 -0.033647150140653947 -0.033647150140653941
leaf_weight=45.930488524958491 0.77613378316163917 7.7079202830791465 582.78737162053585 42.955984592437744 74.245512078516185 0.74841471947729488 197.12371932342649 5.7892309986054897 159.2448270265013 79.418739702552557 1.4968294389545906 40.026327960193157 6.0566154150292277
leaf_count=3314 56 21 10202 116 5357 54 10313 143 11337 5654 108 2888 437
internal_value=-5.10915e-05 0.0278434 0.0323922 0.00573267 -0.0336983 -0.0337586 -0.0337463 -0.0342165 -0.0336504 -0.0336515 -0.0336472 -0.0336472 -0.0336472
internal_weight=1244.31 680.31 633.451 50.6639 563.998 249.592 243.054 6.53765 314.406 238.664 75.7423 46.8591 6.83275
internal_count=50000 13720 10339 137 36280 13824 13627 197 22456 16991 5465 3381 493
is_linear=0
shrinkage=0.05


Tree=146
num_leaves=13
num_cat=0
split_feature=0 1 0 2 1 0 0 1 1 1 0 0
split_gain=474.092 77.6817 11.0916 0.667917 0.193703 0.000740854 0.00106424 0.000232434 0.000191561 4.44628e-07 1.42109e-14 7.10543e-15
threshold=-0.44853405638371174 1.1997436683544895 -0.45630484924917941 1.46289257134648 1.2132879063987692 0.44645132186505937 0.45409552365868994 1.1997436683544895 1.1997436683544895 1.1997436683544895 0.43085841847561951 0.43085841847561951
decision_type=2 2 2 2 2 2 2 2 2 2 2 2
left_child=1 -1 4 -4 -3 9 8 -8 -7 11 -11 -2
right_child=5 2 3 -5 -6 6 7 -9 -10 10 -12 -13
leaf_value=-0.033651030077581551 -0.033651030077581551 0.024319372269238967 0.01316484467859238 0.00030902231116091794 0.034701033186538041 -0.033651030077581551 -0.033651030077581551 -0.033775169926731616 -0.034459360373922249 -0.033655400579954253 -0.033655400579954253 -0.033651030077581551
leaf_weight=47.245565913617611 75.14682203065604 4.5279948115348807 26.993908256292343 16.146687239408493 582.44341522455215 0.8276390703394999 46.600287994369864 197.57077128067613 6.4058698639273643 237.52271085418761 4.0376159623265258 1.5150003321468819
leaf_count=3368 5357 57 89 54 10256 59 3322 10202 137 16707 284 108
internal_value=-8.60327e-05 0.028186 0.0328225 0.00835316 0.0346209 -0.033705 -0.0337692 -0.0337515 -0.0343669 -0.0336543 -0.0336554 -0.033651
internal_weight=1246.98 677.358 630.112 43.1406 586.971 569.627 251.405 244.171 7.23351 318.222 241.56 76.6618
internal_count=50000 13824 10456 143 10313 36176 13720 13524 196 22456 16991 5465
is_linear=0
shrinkage=0.05


Tree=147
num_leaves=12
num_cat=0
split_feature=1 0 0 0 1 0 0 0 0 0 1
split_gain=180.284 141.629 336.52 18.6489 0.285486 0.413704 2.84217e-14 2.84217e-14 2.84217e-14 2.84217e-14 8.88178e-16
threshold=1.1997436683544895 -0.45630484924917941 0.45409552365868994 -0.44853405638371174 1.2132879063987692 -0.60524986981333195 0.9923105776994251 0.93649130078297138 0.92885997002009535 -0.46422006793266929 1.1612474784863989
decision_type=2 2 2 2 2 2 2 2 2 2 2
left_child=6 4 3 -3 5 -2 7 -1 -4 -6 -9
right_child=1 2 8 -5 9 -7 -8 10 -10 -11 -12
leaf_value=0.033929202588277613 -0.034607482995830358 -0.0047629530382105713 -0.034183440588528194 0.03037293773800441 -0.034181580344414646 0.0016664029685974264 0.033929202588277613 0.03392920258827762 -0.034183440588528194 -0.034181580344414646 0.033929202588277509
leaf_weight=305.80406199395657 1.8536628708243372 40.868530839681625 323.34473586827517 497.33508981578052 366.95805373415351 1.3647489733993996 1.2940253131091584 8.4370450414717162 47.761462278664112 5.3361196853220454 0.56937113776803094
leaf_count=11816 36 143 8889 17128 10109 21 50 326 1313 147 22
internal_value=0.000101741 -0.00822082 0.00244712 0.0277049 -0.0340534 -0.0192258 0.0339292 0.0339292 -0.0341834 -0.0341816 0.0339292
internal_weight=1600.93 1284.82 909.31 538.204 375.513 3.21841 316.105 314.81 371.106 372.294 9.00642
internal_count=50000 37786 27473 17271 10313 57 12214 12164 10202 10256 348
is_linear=0
shrinkage=0.05


Tree=148
num_leaves=14
num_cat=0
split_feature=0 1 0 2 0 0 1 1 1 0 0 0 1
split_gain=436.053 70.7267 15.7985 0.698098 0.000535023 0.000503549 0.000182802 9.50048e-05 5.19823e-07 5.68434e-14 2.84217e-14 3.55271e-15 5.55112e-17
threshold=0.44645132186505937 1.1997436683544895 0.45409552365868994 1.7914226685012407 -0.44853405638371174 -0.45630484924917941 1.1997436683544895 1.1997436683544895 1.1997436683544895 0.9923105776994251 0.38268393104346293 0.9923105776994251 0.90653270645366535
decision_type=2 2 2 2 2 2 2 2 2 2 2 2 2
left_child=4 11 3 -3 5 6 -1 -7 -6 -4 -10 -2 -13
right_child=1 2 9 -5 8 7 -8 -9 10 -11 -12 12 -14
leaf_value=-0.03362681294788588 -0.03362681294788588 0.002076820232965152 0.034618264700568425 0.015713196080698485 -0.03362681294788588 -0.03362681294788588 -0.033741270200197584 -0.034244783267662414 -0.033631724443824999 0.034618264700568425 -0.033631724443824999 -0.03362681294788588 -0.033626812947885755
leaf_weight=43.006167966872454 43.226778967306018 38.199881047010422 539.09373879432678 12.442609637975691 70.919948080554605 0.70076435431837936 184.72808036021888 5.5294015742838383 208.83098555356264 7.8269377350807181 15.287715529091654 0.38931353017687698 0.25954235345125198
leaf_count=3314 3331 103 10056 34 5465 54 10313 143 15832 146 1159 30 20
internal_value=-6.95924e-05 0.0276455 0.0321444 0.00542721 -0.0336753 -0.0337318 -0.0337197 -0.0341753 -0.0336305 0.0346183 -0.0336317 -0.0336268 -0.0336268
internal_weight=1170.44 641.439 597.563 50.6425 529.003 233.964 227.734 6.23017 295.039 546.921 224.119 43.8756 0.648856
internal_count=50000 13720 10339 137 36280 13824 13627 197 22456 10202 16991 3381 50
is_linear=0
shrinkage=0.05


Tree=149
num_leaves=14
num_cat=0
split_feature=0 1 0 2 1 0 0 1 1 1 0 0 1
split_gain=443.551 72.345 10.6268 0.667064 0.203102 0.000617032 0.000995899 0.000190789 0.0001714 5.39026e-07 1.42109e-14 3.55271e-15 1.11022e-16
threshold=-0.44853405638371174 1.1997436683544895 -0.45630484924917941 3.0957286437972882 1.2132879063987692 0.44645132186505937 0.45409552365868994 1.1997436683544895 1.1997436683544895 1.1997436683544895 0.41368319527225988 -0.47263813147917016 0.92798762616092789
decision_type=2 2 2 2 2 2 2 2 2 2 2 2 2
left_child=1 11 4 -4 -3 9 8 -8 -7 -2 -11 -1 -13
right_child=5 2 3 -5 -6 6 7 -9 -10 10 -12 12 -14
leaf_value=-0.033630443929418399 -0.033630443929418399 0.02374947838232068 0.0065018416517275872 0.025262676868971552 0.034610112509640148 -0.033630443929418399 -0.033630443929418399 -0.033746666466858248 -0.034419223163747611 -0.03363541523152129 -0.03363541523152129 -0.033630443929418399 -0.033630443929418351
leaf_weight=42.398815400898457 71.781141934916377 4.3388769552111617 38.031839638948441 5.4123746752738944 546.5857018828392 0.77494736947119136 43.633477311581373 185.13701582700014 6.1892445385456085 219.2031558835879 7.6365311630070201 1.1689884047955263 0.66986976005136956
leaf_count=3228 5465 57 123 20 10256 59 3322 10202 137 16419 572 89 51
internal_value=-6.94189e-05 0.028056 0.0326471 0.00883911 0.0345246 -0.033682 -0.0337424 -0.0337245 -0.0343315 -0.0336342 -0.0336354 -0.0336304 -0.0336304
internal_weight=1172.96 638.606 594.369 43.4442 550.925 534.356 235.735 228.77 6.96419 298.621 226.84 44.2377 1.83886
internal_count=50000 13824 10456 143 10313 36176 13720 13524 196 22456 16991 3368 140
is_linear=0
shrinkage=0.05


Tree=150
num_leaves=10
num_cat=0
split_feature=1 0 0 0 0 1 0 0 1
split_gain=168.288 132.468 313.794 21.7238 18.0614 0.297448 0.58768 2.84217e-14 2.84217e-14
threshold=1.1997436683544895 -0.45630484924917941 0.44645132186505937 -0.44853405638371174 0.45409552365868994 1.2132879063987692 -0.57250238408969656 0.98483088504110572 14.084466545577472
decision_type=2 2 2 2 2 2 2 2 2
left_child=7 5 3 -3 -4 6 -2 -1 -7
right_child=1 2 4 -5 -6 8 -8 -9 -10
leaf_value=0.033890274505796993 -0.034583289655087356 -0.0043891004017413311 -0.0021319980470234467 0.033901694435174462 -0.034127579703513551 -0.034125839791216438 0.011055797508301097 0.033890274505796993 -0.034125839791216438
leaf_weight=293.39392327703536 2.0089556910097603 40.623114764690399 50.512200981378555 420.11819468811154 347.85577949881554 346.55041532590985 1.0870084017515171 2.7397333551198235 2.4158153645694247
leaf_count=12101 40 143 137 16991 10202 10185 17 113 71
internal_value=0.000102885 -0.00815819 0.00242723 0.0305256 -0.0300706 -0.0339889 -0.0185592 0.0338903 -0.0341258
internal_weight=1507.31 1211.17 859.109 460.741 398.368 352.062 3.09596 296.134 348.966
internal_count=50000 37786 27473 17134 10339 10313 57 12214 10256
is_linear=0
shrinkage=0.05


Tree=151
num_leaves=15
num_cat=0
split_feature=0 1 0 1 0 0 1 1 1 0 1 0 0 1
split_gain=408.185 65.8895 14.874 0.683763 0.000441556 0.000469091 0.000150141 8.46594e-05 6.28581e-07 2.84217e-14 2.84217e-14 3.55271e-15 3.55271e-15 1.11022e-16
threshold=0.44645132186505937 1.1997436683544895 0.45409552365868994 5.9569411646293373 -0.44853405638371174 -0.45630484924917941 1.1997436683544895 1.1997436683544895 1.1997436683544895 0.8891792908347802 7.3328594051862348 0.97698929024845749 0.28326449580562935 1.060555050604169
decision_type=2 2 2 2 2 2 2 2 2 2 2 2 2 2
left_child=4 11 3 -3 5 6 -1 -7 12 -4 -10 -2 -6 -13
right_child=1 2 9 -5 8 7 -8 -9 10 -11 -12 13 -14 -15
leaf_value=-0.033607802136565751 -0.033607802136565751 0.0035682701358957613 0.034533004615484773 0.01931922764348629 -0.033607802136565751 -0.033607802136565751 -0.033714995270624153 -0.034209734808147541 -0.033613381470411284 0.034533004615484773 -0.033613381470411284 -0.033607802136565751 -0.033607802136565751 -0.033607802136565681
leaf_weight=40.265738386660814 39.135770471766591 42.405670017004013 409.43755947053432 8.2269289493560773 54.007606254890561 0.65611040219664474 173.09406502358615 5.3255146965384483 192.8863272741437 103.71747513860464 17.684964599087834 1.5187740791589011 12.39319648593664 0.4252567421644925
leaf_count=3314 3221 114 8140 23 4445 54 10313 143 15564 2062 1427 125 1020 35
internal_value=-4.76811e-05 0.0275274 0.031982 0.00612753 -0.033654 -0.033707 -0.0336948 -0.0341437 -0.033612 0.034533 -0.0336134 -0.0336078 -0.0336078 -0.0336078
internal_weight=1101.18 604.867 563.788 50.6326 496.314 219.341 213.36 5.98163 276.972 513.155 210.571 41.0798 66.4008 1.94403
internal_count=50000 13720 10339 137 36280 13824 13627 197 22456 10202 16991 3381 5465 160
is_linear=0
shrinkage=0.05


Tree=152
num_leaves=13
num_cat=0
split_feature=0 1 0 2 1 0 0 1 1 1 0 0
split_gain=414.193 67.2752 10.8275 0.666394 0.21276 0.000506416 0.0008716 0.00015659 0.000146572 6.52884e-07 1.42109e-14 3.55271e-15
threshold=-0.44853405638371174 1.1997436683544895 -0.45630484924917941 2.1615885756558892 1.2132879063987692 0.44645132186505937 0.45409552365868994 1.1997436683544895 1.1997436683544895 1.1997436683544895 0.43085841847561951 -0.47263813147917016
decision_type=2 2 2 2 2 2 2 2 2 2 2 2
left_child=1 11 4 -4 -3 9 8 -8 -7 -2 -11 -1
right_child=5 2 3 -5 -6 6 7 -9 -10 10 -12 -13
leaf_value=-0.033611190249971265 -0.033611190249971265 0.023173398701819829 0.011781521889320178 -0.0029247878605592817 0.034525406071971819 -0.033611190249971265 -0.033611190249971265 -0.033719998641623609 -0.034364309906767351 -0.033616842199673806 -0.033616842199673806 -0.033611190249971265
leaf_weight=39.697225637733936 67.207353813573718 4.1609585732221595 33.08990290760994 10.040398538112639 512.83003801107407 0.7255688700824966 40.853216718882322 173.46705513074994 5.8945126309990883 209.56606611516327 3.5623847953975192 1.7216888442635525
leaf_count=3228 5465 57 109 34 10256 59 3322 10202 137 16707 284 140
internal_value=-9.30106e-05 0.0278792 0.0324261 0.00835801 0.034434 -0.0336601 -0.0337167 -0.0336993 -0.0342818 -0.0336155 -0.0336168 -0.0336112
internal_weight=1102.82 601.54 560.121 43.1303 516.991 501.276 220.94 214.32 6.62008 280.336 213.128 41.4189
internal_count=50000 13824 10456 143 10313 36176 13720 13524 196 22456 16991 3368
is_linear=0
shrinkage=0.05


Tree=153
num_leaves=10
num_cat=0
split_feature=1 0 0 0 0 1 0 0 1
split_gain=157.107 123.908 291.29 21.0514 18.0588 0.309497 0.691713 1.42109e-14 1.11022e-16
threshold=1.1997436683544895 -0.45630484924917941 0.44645132186505937 -0.44853405638371174 0.45409552365868994 1.2132879063987692 -0.55830981120652801 0.9923105776994251 0.79210615456055622
decision_type=2 2 2 2 2 2 2 2 2
left_child=7 5 3 -3 -4 6 -2 -1 -9
right_child=1 2 4 -5 -6 -7 -8 8 -10
leaf_value=0.033853921268315046 -0.034524375637317008 -0.0040354693418655141 -0.0019343705334719258 0.033864586254317701 -0.034075448759474387 -0.034073823800465898 0.016981774434991697 0.033853921268315053 0.033853921268314983
leaf_weight=276.26362133771181 2.0184010565280919 40.399890571832657 50.467816442251205 393.55057204701006 326.02026432007551 327.05827361345291 0.96278548240661521 0.56778942234814056 0.56778942234814167
leaf_count=12164 42 143 137 16991 10202 10256 15 25 25
internal_value=0.00010655 -0.00810184 0.00241534 0.0303362 -0.029767 -0.0339276 -0.0178903 0.0338539 0.0338539
internal_weight=1417.88 1140.48 810.439 433.95 376.488 330.039 2.98119 277.399 1.13558
internal_count=50000 37786 27473 17134 10339 10313 57 12214 50
is_linear=0
shrinkage=0.05


Tree=154
num_leaves=14
num_cat=0
split_feature=0 1 0 1 0 0 1 1 1 0 0 0 0
split_gain=380.729 61.2085 15.0455 0.678306 0.000370264 0.000436759 0.000123297 7.54291e-05 5.14468e-07 5.68434e-14 1.42109e-14 7.10543e-15 3.55271e-15
threshold=0.44645132186505937 1.1997436683544895 0.45409552365868994 1.8604054256126643 -0.44853405638371174 -0.45630484924917941 1.1997436683544895 1.1997436683544895 1.1997436683544895 0.7794879665258001 0.43085841847561951 0.32039844527372291 0.93649130078297138
decision_type=2 2 2 2 2 2 2 2 2 2 2 2 2
left_child=4 12 3 -3 5 6 -1 -7 11 -4 -10 -6 -2
right_child=1 2 9 -5 8 7 -8 -9 10 -11 -12 -13 -14
leaf_value=-0.033590027832370452 -0.033590027832370452 0.0183005213988203 0.034453549138504652 0.0031136939424233636 -0.033590027832370452 -0.033590027832370452 -0.033690413522479215 -0.034176318342708394 -0.033595244451536388 0.034453549138504652 -0.033595244451536388 -0.033590027832370452 -0.033590027832370452
leaf_weight=37.697928240522742 33.93268555868417 8.9273704588413221 287.30921567976475 41.676629483699799 53.225288544781506 0.61426919884979625 162.17718716152012 5.1313389167189598 193.85066152364016 194.07173658907413 3.2952407896518698 8.9410294499248248 4.5273915026336899
leaf_count=3314 2983 24 6089 113 4679 54 10313 143 16707 4113 284 786 398
internal_value=-4.91382e-05 0.0273235 0.0317273 0.0057929 -0.0336337 -0.0336838 -0.0336715 -0.0341136 -0.033594 0.0344535 -0.0335952 -0.03359 -0.03359
internal_weight=1035.38 570.445 531.985 50.604 464.933 205.621 199.875 5.74561 259.312 481.381 197.146 62.1663 38.4601
internal_count=50000 13720 10339 137 36280 13824 13627 197 22456 10202 16991 5465 3381
is_linear=0
shrinkage=0.05


Tree=155
num_leaves=13
num_cat=0
split_feature=0 1 0 2 1 0 0 1 1 1 0 0
split_gain=386.484 62.5534 11.0154 0.668421 0.222588 0.000427715 0.000814599 0.0001311 0.00012849 5.33971e-07 1.42109e-14 3.55271e-15
threshold=-0.44853405638371174 1.1997436683544895 -0.45630484924917941 3.0957286437972882 1.2132879063987692 0.44645132186505937 0.45409552365868994 1.1997436683544895 1.1997436683544895 1.1997436683544895 0.41368319527225988 0.10974661826115008
decision_type=2 2 2 2 2 2 2 2 2 2 2 2
left_child=1 -1 4 -4 -3 9 7 -7 -8 11 -11 -2
right_child=5 2 3 -5 -6 6 8 -9 -10 10 -12 -13
leaf_value=-0.033593195150921372 -0.033593195150921372 0.022593323941997256 0.0055509855502348868 0.024510709849204653 0.034446465079346671 -0.033593195150921372 -0.033593195150921372 -0.034328058870914273 -0.033695053044974839 -0.033598477738282423 -0.033598477738282423 -0.033593195150921372
leaf_weight=38.777686029672623 38.938875935971737 3.99360417574644 37.534760415554047 5.3057576715946189 481.0667325258255 0.67930031940340896 38.248062051832676 5.6956415921449661 162.5162898413837 192.82316127698869 6.7175131402909747 23.982755344361067
leaf_count=3368 3382 57 123 20 10256 59 3322 137 10202 16419 572 2083
internal_value=-9.66898e-05 0.0277 0.0322024 0.00789913 0.0343489 -0.0336396 -0.0336933 -0.0342498 -0.0336756 -0.0335972 -0.0335985 -0.0335932
internal_weight=1036.28 566.679 527.901 42.8405 485.06 469.602 207.139 6.37494 200.764 262.462 199.541 62.9216
internal_count=50000 13824 10456 143 10313 36176 13720 196 13524 22456 16991 5465
is_linear=0
shrinkage=0.05


Tree=156
num_leaves=12
num_cat=0
split_feature=1 0 0 0 0 1 0 0 0 0 0
split_gain=146.668 115.918 270.301 20.4196 18.0442 0.321585 0.682418 2.84217e-14 1.42109e-14 8.88178e-16 8.88178e-16
threshold=1.1997436683544895 -0.45630484924917941 0.44645132186505937 -0.44853405638371174 0.45409552365868994 1.2132879063987692 -0.55830981120652801 -0.48815094590144997 0.8891792908347802 0.9923105776994251 0.96065120560420703
decision_type=2 2 2 2 2 2 2 2 2 2 2
left_child=8 5 3 -3 -4 6 -2 -7 -1 10 -10
right_child=1 2 4 -5 -6 7 -8 -9 9 -11 -12
leaf_value=0.033819968450618194 -0.034459258459130893 -0.0037053842988233332 -0.0017497063153198206 0.033829932052218077 -0.034026798200010241 -0.034025278065514565 0.01722000688134713 -0.034025278065514565 0.033819968450618208 0.033819968450618139 0.033819968450618181
leaf_weight=245.31961499154568 1.9149749092757704 40.182945609092712 50.450190603733063 368.63093467056751 305.51879609748721 288.08069460093975 0.95853310078382392 18.408475920557976 8.9771832749247498 1.0636473074555404 4.4673186913132676
leaf_count=11532 42 143 137 16991 10202 9640 15 616 422 50 210
internal_value=0.000110401 -0.00804369 0.00240299 0.0301405 -0.0294523 -0.0338692 -0.0172203 -0.0340253 0.03382 0.03382 0.03382
internal_weight=1333.97 1074.15 764.783 408.814 355.969 309.363 2.87351 306.489 259.828 14.5081 13.4445
internal_count=50000 37786 27473 17134 10339 10313 57 10256 12214 682 632
is_linear=0
shrinkage=0.05


Tree=157
num_leaves=13
num_cat=0
split_feature=0 1 0 1 0 0 1 1 1 0 0 0
split_gain=355.084 56.8473 15.2074 0.665642 0.000310798 0.000406026 0.000101243 6.71648e-05 4.20933e-07 2.84217e-14 1.42109e-14 7.10543e-15
threshold=0.44645132186505937 1.1997436683544895 0.45409552365868994 4.7133260369885788 -0.44853405638371174 -0.45630484924917941 1.1997436683544895 1.1997436683544895 1.1997436683544895 0.96065120560420703 0.35881350059209199 -0.44058432840145495
decision_type=2 2 2 2 2 2 2 2 2 2 2 2
left_child=4 -2 3 -3 5 6 -1 -7 11 -4 -10 -6
right_child=1 2 9 -5 8 7 -8 -9 10 -11 -12 -13
leaf_value=-0.033573409445471582 -0.033573409445471582 0.0019693644935013382 0.034379483488640283 0.014857199999342503 -0.033573409445471582 -0.033573409445471582 -0.033667418227473982 -0.034144330642726532 -0.033578286251239965 0.034379483488640283 -0.033578286251239965 -0.033573409445471582
leaf_weight=35.292114129289985 36.005623980425298 36.841485857963562 419.62905004620552 13.761231690645216 0.52182063739746709 0.57506764121353526 151.93524844385684 4.9437631443142891 167.07825313322246 31.86383843421936 17.488849069923162 57.677154533565044
leaf_count=3314 3381 99 9482 38 49 54 10313 143 15381 720 1610 5416
internal_value=-5.07072e-05 0.0271144 0.0314663 0.00547417 -0.0336148 -0.0336622 -0.0336497 -0.0340848 -0.0335771 0.0343795 -0.0335783 -0.0335734
internal_weight=973.614 538.101 502.096 50.6027 435.512 192.746 187.227 5.51883 242.766 451.493 184.567 58.199
internal_count=50000 13720 10339 137 36280 13824 13627 197 22456 10202 16991 5465
is_linear=0
shrinkage=0.05


Tree=158
num_leaves=15
num_cat=0
split_feature=0 1 0 1 1 0 0 1 1 1 0 0 2 2
split_gain=360.614 58.1569 11.1831 0.671706 0.232553 0.000361642 0.000758774 0.000116977 0.000105427 4.37291e-07 1.42109e-14 3.55271e-15 3.55271e-15 1.77636e-15
threshold=-0.44853405638371174 1.1997436683544895 -0.45630484924917941 2.0890825260585446 1.2132879063987692 0.44645132186505937 0.45409552365868994 1.1997436683544895 1.1997436683544895 1.1997436683544895 -0.3086367231722173 -0.97580928349553953 1.755594228895702 0.68312589280629099
decision_type=2 2 2 2 2 2 2 2 2 2 2 2 2 2
left_child=1 11 4 -4 -3 9 7 -7 -8 12 -11 -1 -2 -13
right_child=5 2 3 -5 -6 6 8 -9 -10 10 -12 13 -14 -15
leaf_value=-0.033576366256102649 -0.033576366256102649 0.02200988859641026 0.018881751451856499 0.0040089179574708473 0.034372879040878317 -0.033576366256102649 -0.033576366256102649 -0.034292598916317724 -0.033671717850340017 -0.033581306991460766 -0.033581306991460766 -0.033576366256102649 -0.033576366256102649 -0.033576366256102649
leaf_weight=1.5305927246808995 39.655286155641079 3.8361221477389327 9.8900786936283094 32.665362507104874 451.18991500139236 0.63595049828290839 35.807246699929237 5.5036559365689754 152.24246744252741 29.751450961455703 157.05819548573345 10.358447946608065 19.250976100564003 24.414031840860844
leaf_count=142 3679 57 36 107 10256 59 3322 137 10202 2706 14285 961 1786 2265
internal_value=-0.000100537 0.0275189 0.0319763 0.00746543 0.0342687 -0.0336204 -0.0336714 -0.0342184 -0.0336536 -0.0335801 -0.0335813 -0.0335764 -0.0335764 -0.0335764
internal_weight=973.79 533.885 497.581 42.5554 455.026 439.905 194.189 6.13961 188.05 245.716 186.81 36.3031 58.9063 34.7725
internal_count=50000 13824 10456 143 10313 36176 13720 196 13524 22456 16991 3368 5465 3226
is_linear=0
shrinkage=0.05


Tree=159
num_leaves=11
num_cat=0
split_feature=1 0 0 0 1 2 0 1 0 2
split_gain=136.921 108.456 251.029 17.7113 0.333721 0.687888 5.68434e-14 2.84217e-14 1.42109e-14 1.42109e-14
threshold=1.1997436683544895 -0.45630484924917941 0.45409552365868994 0.44645132186505937 1.2132879063987692 2.2104671406198704 -0.46422006793266929 9.0515661528327698 0.9923105776994251 2.477503435161696
decision_type=2 2 2 2 2 2 2 2 2 2
left_child=8 4 3 -3 5 -2 -6 -4 9 -1
right_child=1 2 7 -5 6 -7 -8 -9 -10 -11
leaf_value=0.03378825232986598 -0.034454267962257132 0.029937729291803057 -0.033981384586126658 -0.0015794528132879113 -0.033979963017612733 0.018093733806305145 -0.033979963017612733 -0.033981384586126658 0.03378825232986598 0.03378825232986598
leaf_weight=192.58397874981165 1.8277972042560571 385.24045297689736 274.99415539205074 50.408053040504456 283.06549064442515 0.94468277692794789 4.1161961741745463 11.280372496694325 0.99619273096322913 49.769788838922977
leaf_count=9666 41 17134 9800 137 10109 16 147 402 50 2498
internal_value=0.000114455 -0.00798388 0.00239029 0.0262909 -0.0338133 -0.0165493 -0.03398 -0.0339814 0.0337883 0.0337883
internal_weight=1255.23 1011.88 721.923 435.649 289.954 2.77248 287.182 286.275 243.35 242.354
internal_count=50000 37786 27473 17271 10313 57 10256 10202 12214 12164
is_linear=0
shrinkage=0.05


Tree=160
num_leaves=14
num_cat=0
split_feature=0 1 0 2 0 0 1 1 1 2 0 0 0
split_gain=331.148 52.7891 15.3371 0.654485 0.000261179 0.000376959 8.31346e-05 5.9768e-05 3.4497e-07 1.42109e-14 3.55271e-15 1.77636e-15 4.44089e-16
threshold=0.44645132186505937 1.1997436683544895 0.45409552365868994 0.31803970907125939 -0.44853405638371174 -0.45630484924917941 1.1997436683544895 1.1997436683544895 1.1997436683544895 0.31803970907125939 0.14257566675885316 0.87302043016584918 0.8965292679762138
decision_type=2 2 2 2 2 2 2 2 2 2 2 2 2
left_child=4 11 3 -3 5 6 -1 -7 10 -10 -6 -2 -13
right_child=1 2 -4 -5 8 7 -8 -9 9 -11 -12 12 -14
leaf_value=-0.033557867342471827 -0.033557867342471827 -0.0082428917695738149 0.034310429717146901 0.0075880158222209467 -0.033557867342471827 -0.033557867342471827 -0.033645907334723564 -0.034113674431264646 -0.033562430327588093 -0.033562430327588093 -0.033557867342471827 -0.033557867342471827 -0.03355786734247182
leaf_weight=33.038296107202768 25.740760575979948 7.7016203105449668 423.38921677321196 42.869750142097473 35.63031692430377 0.53834278509020705 142.32829796150327 4.7637280784547329 23.541397545486689 149.24127446115017 18.851966788992286 1.6150283552706231 6.3504510018974543
leaf_count=3314 2582 21 10202 116 3574 54 10313 143 2315 14676 1891 162 637
internal_value=-5.24026e-05 0.0269022 0.0312019 0.00517709 -0.033597 -0.0336419 -0.0336293 -0.0340572 -0.0335613 -0.0335624 -0.0335579 -0.0335579 -0.0335579
internal_weight=915.6 507.667 473.961 50.5714 407.934 180.669 175.367 5.30207 227.265 172.783 54.4823 33.7062 7.96548
internal_count=50000 13720 10339 137 36280 13824 13627 197 22456 16991 5465 3381 799
is_linear=0
shrinkage=0.05


Tree=161
num_leaves=14
num_cat=0
split_feature=0 1 0 2 1 0 0 1 1 1 0 0 1
split_gain=336.455 54.0615 11.3345 0.667455 0.242666 0.000306325 0.000707004 0.000104457 8.64835e-05 3.57726e-07 1.42109e-14 3.55271e-15 8.88178e-16
threshold=-0.44853405638371174 1.1997436683544895 -0.45630484924917941 2.1615885756558892 1.2132879063987692 0.44645132186505937 0.45409552365868994 1.1997436683544895 1.1997436683544895 1.1997436683544895 0.28326449580562935 -0.58848022297226177 1.1748240644875314
decision_type=2 2 2 2 2 2 2 2 2 2 2 2 2
left_child=1 11 4 -4 -3 9 7 -7 -8 -2 -11 -1 -13
right_child=5 2 3 -5 -6 6 8 -9 -10 10 -12 12 -14
leaf_value=-0.033560633973462393 -0.033560633973462393 0.021422760964929882 0.010515526808801268 -0.0043458803657063913 0.034304268438873013 -0.033560633973462393 -0.033560633973462393 -0.034259023871514901 -0.033649887304081368 -0.033565252573912907 -0.033565252573912907 -0.0335606339734624 -0.033560633973462171
leaf_weight=25.508770167827606 55.144552597776055 3.6879400312900534 32.434996992349625 9.8493511676788312 423.09791773557663 0.59533917717635532 33.520622823387384 5.318177429959178 142.60554923303425 142.82090464234352 32.061625681817532 8.2035720515996182 0.27244335226714689
leaf_count=2528 5465 57 109 34 10256 59 3322 137 10202 13876 3115 813 27
internal_value=-0.00010456 0.0273346 0.0317465 0.00705384 0.034193 -0.0336025 -0.033651 -0.0341887 -0.0336329 -0.0335641 -0.0335653 -0.0335606 -0.0335606
internal_weight=915.122 503.055 469.07 42.2843 426.786 412.067 182.04 5.91352 176.126 230.027 174.883 33.9848 8.47602
internal_count=50000 13824 10456 143 10313 36176 13720 196 13524 22456 16991 3368 840
is_linear=0
shrinkage=0.05


Tree=162
num_leaves=10
num_cat=0
split_feature=1 0 0 0 1 0 0 0 1
split_gain=127.79 101.508 232.718 17.0015 0.345969 0.69694 2.84217e-14 1.42109e-14 2.22045e-16
threshold=1.1997436683544895 -0.45630484924917941 0.45409552365868994 0.44645132186505937 1.2132879063987692 -0.55830981120652801 0.85878059372353288 0.96961651069136345 0.78102050676486334
decision_type=2 2 2 2 2 2 2 2 2
left_child=7 4 3 -3 5 -2 -4 -1 -9
right_child=1 2 6 -5 -6 -7 -8 8 -10
leaf_value=0.033758623464127946 -0.034367653768852882 0.029565957555974371 -0.033938987867614782 -0.0014212470107720487 -0.033937655808294664 0.019309181590494832 -0.033938987867614782 0.033758623464127939 0.033758623464127939
leaf_weight=224.00043752044439 1.7554786242544653 365.02076523378491 198.96554949879646 50.373898386955261 269.06248497962952 0.92252128571271796 69.248844791203737 1.6233267858624452 2.2763892859220505
leaf_count=12005 42 17134 7568 137 10256 15 2634 87 122
internal_value=0.000116118 -0.00790936 0.00236637 0.0258082 -0.0337597 -0.015877 -0.033939 0.0337586 0.0337586
internal_weight=1183.25 955.35 683.609 415.395 271.74 2.678 268.214 227.9 3.89972
internal_count=50000 37786 27473 17271 10313 57 10202 12214 209
is_linear=0
shrinkage=0.05


Tree=163
num_leaves=13
num_cat=0
split_feature=0 1 0 1 0 0 1 1 1 0 0 1
split_gain=309.055 49.0091 15.4495 0.648603 0.00021483 0.000337052 6.82545e-05 5.18616e-05 4.02201e-07 1.42109e-14 1.77636e-15 8.88178e-16
threshold=0.44645132186505937 1.1997436683544895 0.45409552365868994 1.8604054256126643 -0.44853405638371174 -0.45630484924917941 1.1997436683544895 1.1997436683544895 1.1997436683544895 0.43851370652444671 0.81101681075552867 1.1612474784863989
decision_type=2 2 2 2 2 2 2 2 2 2 2 2
left_child=4 10 3 -3 5 6 -1 -7 -6 -10 -2 -12
right_child=1 2 -4 -5 8 7 -8 -9 9 -11 11 -13
leaf_value=-0.03354333694296139 -0.033543336942961383 0.017125273616859542 0.034246028159650631 0.002272988350653927 -0.03354333694296139 -0.03354333694296139 -0.033625782646019918 -0.034077890303361502 -0.033548426994502202 -0.033548426994502202 -0.033543336942961396 -0.033543336942961285
leaf_weight=30.927063731476665 20.428286815993491 8.927538335323332 396.97252927720547 41.619217485189438 51.000725193880498 0.50394129194319148 133.31851597316563 4.554505679756403 160.99049913883209 1.3664317056536663 10.564102638512846 0.5599347688257702
leaf_count=3314 2189 24 10202 113 5465 54 10313 143 16848 143 1132 60
internal_value=-7.67681e-05 0.0266846 0.030931 0.00489619 -0.0335806 -0.0336226 -0.0336103 -0.0340246 -0.0335472 -0.0335484 -0.0335433 -0.0335433
internal_weight=861.733 479.072 447.519 50.5468 382.662 169.304 164.246 5.05845 213.358 162.357 31.5523 11.124
internal_count=50000 13720 10339 137 36280 13824 13627 197 22456 16991 3381 1192
is_linear=0
shrinkage=0.05


Tree=164
num_leaves=15
num_cat=0
split_feature=0 1 0 2 1 0 0 1 1 1 0 0 0 0
split_gain=314.944 50.3365 10.8483 0.658775 0.25298 0.000256179 0.000657545 9.31665e-05 7.09375e-05 4.17269e-07 1.42109e-14 3.55271e-15 1.77636e-15 1.11022e-16
threshold=-0.44853405638371174 1.1997436683544895 -0.45630484924917941 3.0957286437972882 1.2132879063987692 0.44645132186505937 0.45409552365868994 1.1997436683544895 1.1997436683544895 1.1997436683544895 0.43851370652444671 0.39776180242403719 -0.48113613663166038 -0.45630484924917941
decision_type=2 2 2 2 2 2 2 2 2 2 2 2 2 2
left_child=1 12 4 -4 -3 9 7 -7 -8 11 -11 -2 -1 -14
right_child=5 2 3 -5 -6 6 8 -9 -10 10 -12 -13 13 -15
leaf_value=-0.033545923322369955 -0.033545923322369962 0.020831017998083207 0.0052548417456108601 0.024162945370480179 0.034240276922066382 -0.033545923322369962 -0.033545923322369962 -0.034226556712344314 -0.033629466566802407 -0.033551076614608953 -0.033551076614608953 -0.033545923322369962 -0.033545923322369935 -0.033545923322369962
leaf_weight=30.084586692973975 48.683189895004034 3.5488241240382186 37.363696485757828 5.2544269263744345 396.69312292337418 0.55729689635336299 31.378648977726698 5.1390727162361145 133.56763431616127 162.94742394983768 1.3830414069816459 2.9376158434897652 1.2184966038912532 0.51006834581494231
leaf_count=3185 5154 57 123 20 10256 59 3322 137 10202 16848 143 311 129 54
internal_value=-8.27203e-05 0.0272038 0.0315678 0.00758604 0.0341214 -0.033586 -0.0336318 -0.03416 -0.0336136 -0.0335498 -0.0335511 -0.0335459 -0.0335459 -0.0335459
internal_weight=861.267 474.673 442.86 42.6181 400.242 386.594 170.643 5.69637 164.946 215.951 164.33 51.6208 31.8132 1.72856
internal_count=50000 13824 10456 143 10313 36176 13720 196 13524 22456 16991 5465 3368 183
is_linear=0
shrinkage=0.05


Tree=165
num_leaves=10
num_cat=0
split_feature=1 0 0 0 1 2 0 0 0
split_gain=119.263 95.0169 215.668 16.6258 0.358139 0.700427 2.84217e-14 1.42109e-14 1.42109e-14
threshold=1.1997436683544895 -0.45630484924917941 0.45409552365868994 -0.44853405638371174 1.2132879063987692 2.2104671406198704 -0.84221741093177349 0.61251223481066375 -0.51272419547596071
decision_type=2 2 2 2 2 2 2 2 2
left_child=6 4 3 -3 5 -2 -1 -4 -6
right_child=1 2 7 -5 8 -7 -8 -9 -10
leaf_value=0.033730944445540062 -0.034368330671486251 -0.0048795292280125642 -0.033899399560078217 0.028782857468409431 -0.033898155242752963 0.020087181953337765 0.033730944445540062 -0.033899399560078217 -0.033898155242752963
leaf_weight=17.280888287350535 1.6782076731324189 40.899595886468887 72.705969884991646 355.55388478934765 226.20694108307362 0.91107158735394467 196.13546109758317 178.56310354545712 25.85503064095974
leaf_count=989 41 143 2952 17128 9204 16 11225 7250 1052
internal_value=0.000117709 -0.00783201 0.00234115 0.0253101 -0.0337081 -0.0152075 0.0337309 -0.0338994 -0.0338982
internal_weight=1115.79 902.374 647.723 396.453 254.651 2.58928 213.416 251.269 252.062
internal_count=50000 37786 27473 17271 10313 57 12214 10202 10256
is_linear=0
shrinkage=0.05


Tree=166
num_leaves=13
num_cat=0
split_feature=0 1 0 1 0 0 1 1 1 0 0 0
split_gain=288.424 45.4867 15.5488 0.638507 0.000176504 0.000300447 5.60353e-05 4.49199e-05 4.55684e-07 5.68434e-14 1.42109e-14 1.77636e-15
threshold=0.44645132186505937 1.1997436683544895 0.45409552365868994 5.9569411646293373 -0.44853405638371174 -0.45630484924917941 1.1997436683544895 1.1997436683544895 1.1997436683544895 0.5647812927027327 0.42173230104982357 0.97698929024845749
decision_type=2 2 2 2 2 2 2 2 2 2 2 2
left_child=4 11 3 -3 5 6 -1 -7 -6 -4 -10 -2
right_child=1 2 9 -5 8 7 -8 -9 10 -11 -12 -13
leaf_value=-0.03352975289531903 -0.03352975289531903 0.002171790789394609 0.034185958494948897 0.017479966824223984 -0.03352975289531903 -0.03352975289531903 -0.033606959888487886 -0.034043438343381076 -0.033535350037049244 0.034185958494948897 -0.033535350037049244 -0.03352975289531903
leaf_weight=28.949562111869454 28.137157381512228 42.425950556993484 75.181345615535975 8.1145940423011762 47.739697326906025 0.47171887569129367 124.87013938743621 4.3514011465013027 148.72635192982852 296.96813908591866 3.8800521790981284 1.3976855576038349
leaf_count=3314 3221 114 2061 23 5465 54 10313 143 16559 8141 432 160
internal_value=-0.000103014 0.0264602 0.0306519 0.00462961 -0.0335652 -0.0336046 -0.0335924 -0.0339932 -0.033534 0.034186 -0.0335354 -0.0335298
internal_weight=811.214 452.225 422.69 50.5405 358.989 158.643 153.82 4.82312 200.346 372.149 152.606 29.5348
internal_count=50000 13720 10339 137 36280 13824 13627 197 22456 10202 16991 3381
is_linear=0
shrinkage=0.05


Tree=167
num_leaves=15
num_cat=0
split_feature=0 1 0 2 1 0 0 1 1 1 0 0 0 0
split_gain=294.876 46.8684 10.3796 0.644586 0.263351 0.000214334 0.000610063 8.29513e-05 5.81763e-05 4.73521e-07 1.42109e-14 3.55271e-15 1.77636e-15 1.77636e-15
threshold=-0.44853405638371174 1.1997436683544895 -0.45630484924917941 2.1615885756558892 1.2132879063987692 0.44645132186505937 0.45409552365868994 1.1997436683544895 1.1997436683544895 1.1997436683544895 0.42173230104982357 0.40601430057245508 -0.45630484924917941 -0.48113613663166038
decision_type=2 2 2 2 2 2 2 2 2 2 2 2 2 2
left_child=1 12 4 -4 -3 9 7 -7 -8 11 -11 -2 13 -1
right_child=5 2 3 -5 -6 6 8 -9 -10 10 -12 -13 -14 -15
leaf_value=-0.033532165395974242 -0.033532165395974249 0.020237924702147275 0.011476794136378513 -0.0030156266502061307 0.034180594146682758 -0.033532165395974249 -0.033532165395974249 -0.034194955362216194 -0.033610359268088252 -0.033537836652778305 -0.033537836652778305 -0.033532165395974249 -0.033532165395974249 -0.033532165395974138
leaf_weight=28.161024851724509 45.994866963475943 3.41787439957261 32.925120800733566 10.003694683313368 371.88200086355209 0.52166419662535091 29.372346799820662 4.9661567825824022 125.09286458604038 150.53452367894351 3.9272247254848471 2.325384469702839 0.47745536640286346 1.1405878197401786
leaf_count=3185 5202 57 109 34 10256 59 3322 137 10202 16559 432 263 54 129
internal_value=-5.89224e-05 0.0270742 0.0313896 0.00809963 0.0340536 -0.0335706 -0.0336139 -0.034132 -0.0335955 -0.0335365 -0.0335378 -0.0335322 -0.0335322 -0.0335322
internal_weight=810.743 448.008 418.229 42.9288 375.3 362.735 159.953 5.48782 154.465 202.782 154.462 48.3203 29.7791 29.3016
internal_count=50000 13824 10456 143 10313 36176 13720 196 13524 22456 16991 5465 3368 3314
is_linear=0
shrinkage=0.05


Tree=168
num_leaves=10
num_cat=0
split_feature=1 0 0 0 0 1 0 0 2
split_gain=111.312 88.9406 200.115 20.8259 16.7173 0.370353 0.707366 1.42109e-14 4.44089e-16
threshold=1.1997436683544895 -0.45630484924917941 0.44645132186505937 -0.44853405638371174 0.45409552365868994 1.2132879063987692 -0.55830981120652801 0.94360478298292205 0.32509836552742633
decision_type=2 2 2 2 2 2 2 2 2
left_child=7 5 3 -3 -4 6 -2 -1 -9
right_child=1 2 4 -5 -6 -7 -8 8 -10
leaf_value=0.033705077491082411 -0.034288717144359847 -0.0045126149806071665 -0.0021375186434841164 0.033717639283573957 -0.033862432869271486 -0.033861267645916369 0.021186732883260895 0.033705077491082411 0.033705077491082404
leaf_weight=194.09712796844542 1.614110589027405 40.667471796274185 50.41963467001915 287.17712987586856 235.3728349506855 236.114183396101 0.89227035641670127 0.80171619914472003 4.9411896355450153
leaf_count=11863 42 143 137 16991 10202 10256 15 49 302
internal_value=0.000119195 -0.00775613 0.00231627 0.0289754 -0.0282655 -0.0336583 -0.0145395 0.0337051 0.0337051
internal_weight=1052.1 852.258 613.637 327.845 285.792 238.621 2.50638 199.84 5.74291
internal_count=50000 37786 27473 17134 10339 10313 57 12214 351
is_linear=0
shrinkage=0.05


Tree=169
num_leaves=12
num_cat=0
split_feature=0 1 0 2 0 0 1 1 1 0 0
split_gain=270.221 42.3654 14.6433 0.634189 0.000145873 0.000277965 4.60036e-05 3.98993e-05 5.19056e-07 2.84217e-14 3.55271e-15
threshold=0.44645132186505937 1.1997436683544895 0.45409552365868994 1.7914226685012407 -0.44853405638371174 -0.45630484924917941 1.1997436683544895 1.1997436683544895 1.1997436683544895 0.92885997002009535 0.3899490917268062
decision_type=2 2 2 2 2 2 2 2 2 2 2
left_child=4 -2 3 -3 5 6 -1 -7 10 -4 -6
right_child=1 2 9 -5 8 7 -8 -9 -10 -11 -12
leaf_value=-0.033517045538028999 -0.033517045538028999 0.0021379458430561727 0.034129912742376083 0.015155777560137917 -0.033517045538028999 -0.033517045538028999 -0.033589348245730309 -0.034016743133557091 -0.03352321639580752 0.034129912742376083 -0.033517045538028999
leaf_weight=27.097473392263055 27.645310060121119 38.138489246368408 303.93626062944531 12.396919548511503 41.750060090795159 0.44154000096022983 116.94936244003475 4.1932781767100096 143.54354536812752 44.894623715430498 2.9354233397170892
leaf_count=3314 3381 103 8889 34 5106 54 10313 143 16991 1313 359
internal_value=-7.23714e-05 0.0263421 0.0304858 0.00533137 -0.033551 -0.033588 -0.0335757 -0.0339691 -0.0335218 0.0341299 -0.033517
internal_weight=763.922 427.012 399.366 50.5354 336.911 148.682 144.047 4.63482 188.229 348.831 44.6855
internal_count=50000 13720 10339 137 36280 13824 13627 197 22456 10202 5465
is_linear=0
shrinkage=0.05


Tree=170
num_leaves=15
num_cat=0
split_feature=0 1 0 1 1 0 0 1 1 1 0 2 0 0
split_gain=275.335 43.5411 10.5558 0.648727 0.27388 0.000176109 0.00053437 7.10261e-05 4.77061e-05 5.38565e-07 1.42109e-14 7.10543e-15 1.77636e-15 2.22045e-16
threshold=-0.44853405638371174 1.1997436683544895 -0.45630484924917941 3.9209472303139958 1.2132879063987692 0.44645132186505937 0.45409552365868994 1.1997436683544895 1.1997436683544895 1.1997436683544895 0.3899490917268062 2.5079481904875225 -0.53498752649717962 -0.47263813147917016
decision_type=2 2 2 2 2 2 2 2 2 2 2 2 2 2
left_child=1 12 4 -4 -3 9 7 -7 -8 11 -11 -2 -1 -14
right_child=5 2 3 -5 -6 6 8 -9 -10 10 -12 -13 13 -15
leaf_value=-0.033519303507735847 -0.033519303507735854 0.019641738534302247 0.012665205134860667 6.7476315885954712e-05 0.034124908189753493 -0.033519303507735854 -0.033519303507735854 -0.03415267666699167 -0.033592488611704656 -0.033525551380493387 -0.033525551380493387 -0.033519303507735854 -0.033519303507735847 -0.033519303507735854
leaf_weight=23.711083307862285 36.299061566591263 3.2950240895152083 25.661834239959717 16.981802850961685 348.57530099153519 0.48829106986522575 27.493270069360733 4.7331602871417999 117.14735821820796 136.58413616940379 8.7048551067709905 8.9299332946538907 3.0042314976453781 1.1586567759513844
leaf_count=2865 4386 57 88 55 10256 59 3322 137 10202 15973 1018 1079 363 140
internal_value=-9.19277e-05 0.026875 0.0311421 0.00764846 0.0339893 -0.033556 -0.0335965 -0.0340934 -0.0335786 -0.0335241 -0.0335256 -0.0335193 -0.0335193 -0.0335193
internal_weight=762.768 422.388 394.514 42.6436 351.87 340.38 149.862 5.22145 144.641 190.518 145.289 45.229 27.874 4.16289
internal_count=50000 13824 10456 143 10313 36176 13720 196 13524 22456 16991 5465 3368 503
is_linear=0
shrinkage=0.05


Tree=171
num_leaves=10
num_cat=0
split_feature=1 0 0 0 1 2 0 0 0
split_gain=103.903 83.2549 185.659 16.325 0.382424 0.708824 1.42109e-14 1.42109e-14 1.42109e-14
threshold=1.1997436683544895 -0.45630484924917941 0.45409552365868994 0.44645132186505937 1.2132879063987692 2.2104671406198704 0.9923105776994251 0.9519512360082516 -0.47263813147917016
decision_type=2 2 2 2 2 2 2 2 2
left_child=6 4 3 -3 5 -2 -1 -4 -6
right_child=1 2 7 -5 8 -7 -8 -9 -10
leaf_value=0.033680909162975371 -0.034294415637801764 0.028742453852858504 -0.033827907958558098 -0.0019493274672199861 -0.033826820960316965 0.021860660657473042 0.033680909162975371 -0.033827907958558098 -0.033826820960316965
leaf_weight=186.34997928142548 1.5455735959112638 309.34554554149508 201.42518827132881 50.382611185312271 214.55812398344278 0.88300442695617665 0.76598972082137962 19.038256717845798 6.5984709486365309
leaf_count=12164 41 17134 9321 137 9950 16 50 881 306
internal_value=0.00012396 -0.00768796 0.00230152 0.0244438 -0.0336101 -0.013877 0.0336809 -0.0338279 -0.0338268
internal_weight=990.893 803.777 580.192 359.728 223.585 2.42858 187.116 220.463 221.157
internal_count=50000 37786 27473 17271 10313 57 12214 10202 10256
is_linear=0
shrinkage=0.05


Tree=172
num_leaves=15
num_cat=0
split_feature=0 1 0 1 0 0 1 1 1 0 2 0 0 1
split_gain=251.888 39.2992 14.7611 0.610784 0.000123168 0.000256765 3.77677e-05 3.54101e-05 4.25467e-07 2.84217e-14 1.42109e-14 3.55271e-15 1.77636e-15 4.44089e-16
threshold=0.44645132186505937 1.1997436683544895 0.45409552365868994 1.8604054256126643 -0.44853405638371174 -0.45630484924917941 1.1997436683544895 1.1997436683544895 1.1997436683544895 0.96065120560420703 1.9866862538412129 0.35081401703043252 0.85878059372353288 0.53937875114891787
decision_type=2 2 2 2 2 2 2 2 2 2 2 2 2 2
left_child=4 12 3 -3 5 6 -1 -7 11 -4 -10 -6 -2 -14
right_child=1 2 9 -5 8 7 -8 -9 10 -11 -12 -13 13 -15
leaf_value=-0.033505162730888785 -0.033505162730888778 0.016904284383883871 0.034077617359575499 0.0024877997178395237 -0.033505162730888785 -0.033505162730888785 -0.033572873929747289 -0.033991075668265175 -0.033510937498895853 0.034077617359575499 -0.033510937498895853 -0.033505162730888785 -0.033505162730888785 -0.033505162730888778
leaf_weight=25.362970454618335 19.033707761205736 8.9234995543956739 303.85859577357769 41.585766822099686 37.256167825311422 0.41327712871134181 109.52427320741117 4.040770361199975 95.705425268039107 23.073000311851501 38.652244791388512 4.5690082563087335 0.4362369691953053 6.4057954950258136
leaf_count=3314 2487 24 9482 113 4868 54 10313 143 12103 720 4888 597 57 837
internal_value=-7.43719e-05 0.0261045 0.0301911 0.00503477 -0.0335373 -0.0335725 -0.0335601 -0.033946 -0.0335096 0.0340776 -0.0335109 -0.0335052 -0.0335052 -0.0335052
internal_weight=718.841 403.317 377.441 50.5093 315.524 139.341 134.887 4.45405 176.183 326.932 134.358 41.8252 25.8757 6.84203
internal_count=50000 13720 10339 137 36280 13824 13627 197 22456 10202 16991 5465 3381 894
is_linear=0
shrinkage=0.05


Tree=173
num_leaves=14
num_cat=0
split_feature=0 1 0 2 1 0 0 1 1 1 0 0 2
split_gain=256.797 40.4412 10.7116 0.646025 0.284419 0.000150201 0.0004957 6.32651e-05 3.91172e-05 4.40597e-07 7.10543e-15 3.55271e-15 1.77636e-15
threshold=-0.44853405638371174 1.1997436683544895 -0.45630484924917941 3.0957286437972882 1.2132879063987692 0.44645132186505937 0.45409552365868994 1.1997436683544895 1.1997436683544895 1.1997436683544895 0.43851370652444671 0.43085841847561951 0.17482012181313372
decision_type=2 2 2 2 2 2 2 2 2 2 2 2 2
left_child=1 12 4 -4 -3 9 7 -7 -8 11 -11 -2 -1
right_child=5 2 3 -5 -6 6 8 -9 -10 10 -12 -13 -14
leaf_value=-0.033507275401990083 -0.033507275401990187 0.019045779005206528 0.0049136804210527206 0.023739413020208773 0.034072948287387828 -0.033507275401990187 -0.033507275401990187 -0.034124234548757376 -0.033575771339325558 -0.033513116534608832 -0.033513116534608832 -0.033507275401990187 -0.033507275401990187
leaf_weight=1.1851966828107858 41.497376665472984 3.1794388443231574 37.174043595790863 5.1937620043754569 326.68778443336487 0.45703662931918998 25.733486145734787 4.5741740614175797 109.69912415742874 134.84719374775887 1.1445363666862238 0.83660942316055198 24.904623106122017
leaf_count=153 5357 57 123 20 10256 59 3322 137 10202 16848 143 108 3215
internal_value=-9.67333e-05 0.0266705 0.0308884 0.00722148 0.0339281 -0.0335422 -0.0335809 -0.0340682 -0.0335628 -0.0335117 -0.0335131 -0.0335073 -0.0335073
internal_weight=717.114 398.325 372.235 42.3678 329.867 318.79 140.464 5.03121 135.433 178.326 135.992 42.334 26.0898
internal_count=50000 13824 10456 143 10313 36176 13720 196 13524 22456 16991 5465 3368
is_linear=0
shrinkage=0.05


Tree=174
num_leaves=9
num_cat=0
split_feature=1 0 0 0 1 2 0 0
split_gain=96.9566 77.9583 171.9 15.5645 0.394469 0.752833 1.42109e-14 1.42109e-14
threshold=1.1997436683544895 -0.45630484924917941 0.45409552365868994 0.44645132186505937 1.2132879063987692 2.4470358393946685 0.96961651069136345 -0.48815094590144997
decision_type=2 2 2 2 2 2 2 2
left_child=-1 4 3 -3 5 -2 -4 -6
right_child=1 2 6 -5 7 -7 -8 -9
leaf_value=0.033658324993651498 -0.034250682008129446 0.028309318965008781 -0.03379566234891878 -0.0017737176887519556 -0.033794640753181678 0.024765053349189353 -0.03379566234891878 -0.033794640753181678
leaf_weight=175.19209081120789 1.5163526013493531 293.87389897182584 194.84437858499587 50.365164637565613 194.68940518796444 0.83959124237298954 11.637635575607417 12.440733775496481
leaf_count=12214 42 17134 9627 137 9640 15 575 616
internal_value=0.000125593 -0.00760213 0.00227309 0.0239079 -0.0335632 -0.0132192 -0.0337957 -0.0337946
internal_weight=935.399 760.207 550.721 344.239 209.486 2.35594 206.482 207.13
internal_count=50000 37786 27473 17271 10313 57 10202 10256
is_linear=0
shrinkage=0.05


Tree=175
num_leaves=14
num_cat=0
split_feature=0 1 0 1 0 0 1 1 1 0 0 0 0
split_gain=235.024 36.4417 14.8632 0.621616 0.000101229 0.00022869 3.10025e-05 3.06658e-05 4.61383e-07 2.84217e-14 7.10543e-15 3.55271e-15 1.77636e-15
threshold=0.44645132186505937 1.1997436683544895 0.45409552365868994 4.7133260369885788 -0.44853405638371174 -0.45630484924917941 1.1997436683544895 1.1997436683544895 1.1997436683544895 0.96961651069136345 0.40601430057245508 0.37479857876560957 0.8965292679762138
decision_type=2 2 2 2 2 2 2 2 2 2 2 2 2
left_child=4 12 3 -3 5 6 -1 -7 11 -4 -10 -6 -2
right_child=1 2 9 -5 8 7 -8 -9 10 -11 -12 -13 -14
leaf_value=-0.033494055455974385 -0.033494055455974385 0.0013734922238819807 0.034028815193109095 0.013857547332124943 -0.033494055455974385 -0.033494055455974385 -0.033557464119316815 -0.033961011630546406 -0.033500267752477629 0.034028815193109095 -0.033500267752477629 -0.033494055455974385 -0.033494055455974385
leaf_weight=23.738699943758547 19.655700858682398 36.829441159963608 289.10299727506936 13.673191279172896 35.772802510298789 0.38681043963879247 102.56475413870066 3.8618382215499878 121.01504249079153 17.267500096932054 5.3549769893288603 3.373846612405031 4.5629305564798406
leaf_count=3314 2744 99 9627 38 4994 54 10313 143 16271 575 720 471 637
internal_value=-0.000105335 0.0258581 0.0298859 0.00475345 -0.0335248 -0.0335577 -0.0335455 -0.0339185 -0.0334988 0.0340288 -0.0335003 -0.0334941 -0.0334941
internal_weight=677.161 381.092 356.873 50.5026 296.069 130.552 126.303 4.24865 165.517 306.37 126.37 39.1466 24.2186
internal_count=50000 13720 10339 137 36280 13824 13627 197 22456 10202 16991 5465 3381
is_linear=0
shrinkage=0.05


Tree=176
num_leaves=15
num_cat=0
split_feature=0 1 0 2 1 0 0 1 1 1 1 0 1 2
split_gain=240.522 37.6421 10.2422 0.641496 0.295067 0.000126022 0.000458753 5.62542e-05 3.20718e-05 4.79559e-07 7.10543e-15 3.55271e-15 1.77636e-15 8.88178e-16
threshold=-0.44853405638371174 1.1997436683544895 -0.45630484924917941 2.1615885756558892 1.2132879063987692 0.44645132186505937 0.45409552365868994 1.1997436683544895 1.1997436683544895 1.1997436683544895 6.2283595149490614 0.43085841847561951 0.83708890528946289 6.7587005347426077
decision_type=2 2 2 2 2 2 2 2 2 2 2 2 2 2
left_child=1 12 4 -4 -3 9 7 -7 -8 11 -11 -2 13 -1
right_child=5 2 3 -5 -6 6 8 -9 -10 10 -12 -13 -14 -15
leaf_value=-0.033496026249578835 -0.033496026249578835 0.018448549014961905 0.011119320429638379 -0.0033808249015608314 0.034024451769609852 -0.033496026249578835 -0.033496026249578835 -0.034096508560428979 -0.033560131881968151 -0.033502321553159617 -0.033502321553159617 -0.033496026249578835 -0.033496026249578835 -0.033496026249578495
leaf_weight=12.296528786420822 38.839920229278505 3.0710704885423175 32.737507224082947 9.9446639120578748 306.13831952214241 0.42776839528232713 24.085535747930408 4.4206382278352976 102.71797660551965 111.09726256038994 16.80987852672115 0.78303367272019286 11.948513820767401 0.17400748282671052
leaf_count=1696 5357 57 109 34 10256 59 3322 137 10202 14758 2233 108 1648 24
internal_value=-6.83225e-05 0.0265347 0.0307005 0.00774088 0.0338698 -0.0335296 -0.0335662 -0.0340435 -0.033548 -0.0335008 -0.0335023 -0.033496 -0.033496 -0.033496
internal_weight=675.493 376.311 351.892 42.6822 309.209 299.182 131.652 4.84841 126.804 167.53 127.907 39.623 24.4191 12.4705
internal_count=50000 13824 10456 143 10313 36176 13720 196 13524 22456 16991 5465 3368 1720
is_linear=0
shrinkage=0.05


Tree=177
num_leaves=8
num_cat=0
split_feature=1 0 0 0 1 0 1
split_gain=90.4699 73.0065 159.112 15.7734 0.406331 0.734356 1.42109e-14
threshold=1.1997436683544895 -0.45630484924917941 0.45409552365868994 -0.44853405638371174 1.2132879063987692 -0.55830981120652801 6.6591657072332504
decision_type=2 2 2 2 2 2 2
left_child=-1 4 3 -3 5 -2 -6
right_child=1 2 -4 -5 6 -7 -8
leaf_value=0.033637218123981863 -0.034204586826651888 -0.005541027064137883 -0.033765535221357557 0.027498534055793184 -0.033764582861854207 0.024519470578901279 -0.033764582861854207
leaf_weight=164.01932672969997 1.4450143948197367 41.29597270488739 193.37286453694105 288.44174407795072 172.47400705888867 0.84291839599609275 21.504874002188444
leaf_count=12214 42 143 10202 17128 9119 15 1137
internal_value=0.000127173 -0.00751318 0.00224344 0.0233607 -0.0335175 -0.0125695 -0.0337646
internal_weight=883.397 719.377 523.111 329.738 196.267 2.28793 193.979
internal_count=50000 37786 27473 17271 10313 57 10256
is_linear=0
shrinkage=0.05


Tree=178
num_leaves=13
num_cat=0
split_feature=0 1 0 2 0 0 1 1 1 0 2 0
split_gain=219.287 33.7829 14.9331 0.60658 8.30923e-05 0.000203355 2.65277e-05 2.5453e-05 4.9508e-07 7.10543e-15 3.55271e-15 1.77636e-15
threshold=0.44645132186505937 1.1997436683544895 0.45409552365868994 0.31803970907125939 -0.44853405638371174 -0.45630484924917941 1.1997436683544895 1.1997436683544895 1.1997436683544895 0.39776180242403719 6.3477681971445561 0.48668580913566911
decision_type=2 2 2 2 2 2 2 2 2 2 2 2
left_child=4 11 3 -3 5 7 -7 -1 10 -10 -6 -2
right_child=1 2 -4 -5 8 6 -8 -9 9 -11 -12 -13
leaf_value=-0.033483663646747618 -0.033483663646747541 -0.008426881314423899 0.033983257101774481 0.006817279750942068 -0.033483663646747618 -0.033483663646747618 -0.033932171525958225 -0.033543048642256289 -0.033490311261999674 -0.033490311261999674 -0.033483663646747618 -0.033483663646747618
leaf_weight=22.217757576145232 1.7028697719797516 7.7005914449691764 287.07051322981715 42.767589926719666 36.048546314705163 0.3620274318382134 3.690372122451663 96.042398481629789 112.821188676171 6.0812314203940323 0.58997062966227432 20.964069988112897
leaf_count=3314 254 21 10202 116 5377 54 143 10313 16122 869 88 3127
internal_value=-0.000138571 0.0256056 0.0295737 0.00449128 -0.033513 -0.0335438 -0.0338921 -0.0335319 -0.0334887 -0.0334903 -0.0334837 -0.0334837
internal_weight=638.059 360.206 337.539 50.4682 277.853 122.313 4.0524 118.26 155.541 118.902 36.6385 22.6669
internal_count=50000 13720 10339 137 36280 13824 197 13627 22456 16991 5465 3381
is_linear=0
shrinkage=0.05


Tree=179
num_leaves=13
num_cat=0
split_feature=0 1 0 2 1 0 0 1 1 1 1 0
split_gain=225.331 35.0337 9.79746 0.620046 0.305699 0.000105879 0.000424763 5.00598e-05 2.62901e-05 5.13859e-07 7.10543e-15 3.55271e-15
threshold=-0.44853405638371174 1.1997436683544895 -0.45630484924917941 3.0957286437972882 1.2132879063987692 0.44645132186505937 0.45409552365868994 1.1997436683544895 1.1997436683544895 1.1997436683544895 3.4349993589172931 0.42173230104982357
decision_type=2 2 2 2 2 2 2 2 2 2 2 2
left_child=1 -1 4 -4 -3 9 7 -7 -8 11 -11 -2
right_child=5 2 3 -5 -6 6 8 -9 -10 10 -12 -13
leaf_value=-0.033485507005201968 -0.033485507005201968 0.017853105697897075 0.0059903732247529456 0.024296123906425712 0.033979183020358066 -0.033485507005201968 -0.033485507005201968 -0.034070215728551997 -0.033545498804222917 -0.03349223869089115 -0.03349223869089115 -0.033485507005201968
leaf_weight=22.854559440165758 36.019002823159099 2.9692690707743159 37.71791285276413 5.2724486887454978 286.84969076514244 0.40036193793639441 22.542412844486535 4.2722923681139946 96.175430506467819 71.52511828020215 48.823790879920125 1.0653699026443053
leaf_count=3368 5308 57 123 20 10256 59 3322 137 10202 10098 6893 157
internal_value=-3.75935e-05 0.0263976 0.0305099 0.00823544 0.033814 -0.0335178 -0.0335525 -0.0340201 -0.0335341 -0.0334907 -0.0334922 -0.0334855
internal_weight=636.488 355.664 332.809 42.9904 289.819 280.824 123.39 4.67265 118.718 157.433 120.349 37.0844
internal_count=50000 13824 10456 143 10313 36176 13720 196 13524 22456 16991 5465
is_linear=0
shrinkage=0.05


Tree=180
num_leaves=11
num_cat=0
split_feature=1 0 0 0 1 2 0 0 0 2
split_gain=84.4232 68.3658 147.322 15.3055 0.418012 0.752194 1.42109e-14 1.42109e-14 1.42109e-14 1.11022e-16
threshold=1.1997436683544895 -0.45630484924917941 0.45409552365868994 0.44645132186505937 1.2132879063987692 2.4470358393946685 0.97698929024845749 0.98483088504110572 -0.47263813147917016 3.0957286437972882
decision_type=2 2 2 2 2 2 2 2 2 2
left_child=6 4 3 -3 5 -2 -1 -4 -6 -8
right_child=1 2 7 -5 8 -7 9 -9 -10 -11
leaf_value=0.033617487715966961 -0.034190843315894885 0.027633332407680081 -0.033737393023887161 -0.0024279001875073748 -0.033736503079872242 0.026047977109384307 0.033617487715966954 -0.033737393023887161 -0.033736503079872242 0.033617487715966878
leaf_weight=151.53998927772045 1.4022426791489118 265.31805930752307 176.13118566758931 50.382968991994858 176.23029313981533 0.82201161235570896 1.6594722568988793 4.9521919582039109 5.4197456985712043 0.35200926661491383
leaf_count=12054 42 17134 9923 137 9950 15 132 279 306 28
internal_value=0.000128579 -0.00742627 0.00221427 0.0228358 -0.0334727 -0.0119285 0.0336175 -0.0337374 -0.0337365 0.0336175
internal_weight=834.21 680.659 496.784 315.701 183.874 2.22425 153.551 181.083 181.65 2.01148
internal_count=50000 37786 27473 17271 10313 57 12214 10202 10256 160
is_linear=0
shrinkage=0.05


Tree=181
num_leaves=15
num_cat=0
split_feature=0 1 0 1 0 0 1 1 1 2 0 0 1 1
split_gain=205.576 31.4505 14.0709 0.584932 6.87169e-05 0.000187216 2.35027e-05 2.08955e-05 5.32118e-07 4.26326e-14 7.10543e-15 3.55271e-15 1.77636e-15 1.11022e-16
threshold=0.44645132186505937 1.1997436683544895 0.45409552365868994 1.8604054256126643 -0.44853405638371174 -0.45630484924917941 1.1997436683544895 1.1997436683544895 1.1997436683544895 2.3396744315479689 0.42173230104982357 -0.44058432840145495 0.53937875114891787 0.51921272062843637
decision_type=2 2 2 2 2 2 2 2 2 2 2 2 2 2
left_child=4 12 3 -3 5 7 -7 -1 11 -4 -10 -6 13 -2
right_child=1 2 9 -5 8 6 -8 -9 10 -11 -12 -13 -14 -15
leaf_value=-0.033473947298873763 -0.033473947298873596 0.01678825974445361 0.033940728788349382 0.002676576584861777 -0.033473947298873763 -0.033473947298873721 -0.033909769873560966 -0.033529563146908394 -0.033481066084173429 0.033940728788349382 -0.033481066084173429 -0.033473947298873763 -0.033473947298873763 -0.033473947298873707
leaf_weight=20.793654189445078 0.6839192234911049 8.9194368422031385 207.18910276144743 41.55408701300621 0.30744992615654965 0.33882236760109607 3.5552908200770617 89.930431950837374 109.11415411857888 61.769190452992916 2.8466280922293654 33.98262857273221 19.934049293864518 0.5960763874463737
leaf_count=3314 109 24 7859 113 49 54 143 10313 16559 2343 432 5416 3177 95
internal_value=-0.000100044 0.0254795 0.0293947 0.00517032 -0.0335021 -0.0335311 -0.0338718 -0.0335191 -0.0334794 0.0339407 -0.0334811 -0.0334739 -0.0334739 -0.0334739
internal_weight=601.515 340.646 319.432 50.4735 260.869 114.618 3.89411 110.724 146.251 268.958 111.961 34.2901 21.214 1.28
internal_count=50000 13720 10339 137 36280 13824 197 13627 22456 10202 16991 5465 3381 204
is_linear=0
shrinkage=0.05


Tree=182
num_leaves=13
num_cat=0
split_feature=0 1 0 2 1 0 0 1 1 1 0 1
split_gain=210.363 32.5119 9.9647 0.628029 0.316315 8.70634e-05 0.000371904 4.28589e-05 2.15492e-05 5.52177e-07 1.77636e-15 1.77636e-15
threshold=-0.44853405638371174 1.1997436683544895 -0.45630484924917941 2.1615885756558892 1.2132879063987692 0.44645132186505937 0.45409552365868994 1.1997436683544895 1.1997436683544895 1.1997436683544895 0.2745420738845335 0.88426996463286833
decision_type=2 2 2 2 2 2 2 2 2 2 2 2
left_child=1 11 4 -4 -3 9 7 -7 -8 10 -2 -1
right_child=5 2 3 -5 -6 6 8 -9 -10 -11 -12 -13
leaf_value=-0.033475672102683929 -0.033475672102683943 0.017259722107641397 0.01111828650250613 -0.0032245685408955707 0.033936925894191589 -0.033475672102683943 -0.033475672102683943 -0.034034472209343823 -0.033531813174017648 -0.033482880097813049 -0.033475672102683943 -0.033475672102683943
leaf_weight=12.206341284327211 27.892950531095266 2.8736389949917784 32.736636489629745 9.9524981379508954 268.74854153394699 0.37470038281753559 21.097536808811128 4.0735088251531124 90.044635036960244 113.32298419578001 6.8144662841223171 9.1833348060026747
leaf_count=1922 4392 57 109 34 10256 59 3322 137 10202 16991 1073 1446
internal_value=-7.85632e-05 0.0261719 0.0302311 0.00777441 0.0337605 -0.0335066 -0.0335391 -0.0339874 -0.0335212 -0.0334812 -0.0334757 -0.0334757
internal_weight=599.322 335.701 314.311 42.6891 271.622 263.621 115.59 4.44821 111.142 148.03 34.7074 21.3897
internal_count=50000 13824 10456 143 10313 36176 13720 196 13524 22456 5465 3368
is_linear=0
shrinkage=0.05


Tree=183
num_leaves=10
num_cat=0
split_feature=1 0 0 0 0 0 0 1 1
split_gain=78.7652 64.0417 141.185 20.8953 10.207 1.42109e-14 1.42109e-14 1.42109e-14 1.11022e-16
threshold=1.1997436683544895 0.45409552365868994 -0.44853405638371174 0.44645132186505937 -0.45630484924917941 0.97698929024845749 0.98483088504110572 6.4316276915386181 0.84886333090628918
decision_type=2 2 2 2 2 2 2 2 2
left_child=5 2 4 -4 -2 -1 7 -3 -7
right_child=1 6 3 -5 -6 8 -8 -9 -10
leaf_value=0.033599050830321678 -0.033428607531466932 -0.033711100033799749 0.033614239372313691 -0.0022261656140259664 -0.0057897199794396488 0.033599050830321685 -0.033711100033799749 -0.033711100033799749 0.033599050830321643
leaf_weight=141.86197087727487 172.258540507406 145.81297023594379 211.20506297703832 50.364699393510818 41.439767509698868 0.95327854994684347 4.6371615976095191 19.113748520612717 0.92974080797284842
leaf_count=12054 10313 8773 16991 137 143 81 279 1150 79
internal_value=0.000130108 -0.00733074 0.00208112 0.0267132 -0.028069 0.0335991 -0.0337111 -0.0337111 0.0335991
internal_weight=788.577 644.832 475.268 261.57 213.698 143.745 169.564 164.927 1.88302
internal_count=50000 37786 27584 17128 10456 12214 10202 9923 160
is_linear=0
shrinkage=0.05


Tree=184
num_leaves=14
num_cat=0
split_feature=0 1 0 1 0 0 1 1 1 1 0 0 0
split_gain=191.77 29.1312 14.1695 0.591366 5.63764e-05 0.000166304 2.03211e-05 1.71533e-05 5.51325e-07 1.42109e-14 7.10543e-15 1.77636e-15 2.22045e-16
threshold=0.44645132186505937 1.1997436683544895 0.45409552365868994 4.7133260369885788 -0.44853405638371174 -0.45630484924917941 1.1997436683544895 1.1997436683544895 1.1997436683544895 1.8934181233110523 0.19692843149667474 0.51011013287790352 0.46171769385918154
decision_type=2 2 2 2 2 2 2 2 2 2 2 2 2
left_child=4 11 3 -3 5 7 -7 -1 -6 -4 -10 12 -2
right_child=1 2 9 -5 8 6 -8 -9 10 -11 -12 -13 -14
leaf_value=-0.033464860276611011 -0.03346486027661081 0.0015773276741504979 0.033901018990916028 0.013758629511679436 -0.033464860276611011 -0.033464860276610962 -0.033883387503596284 -0.033516945918998987 -0.033472345324717365 0.033901018990916028 -0.033472345324717365 -0.033464860276611011 -0.03346486027661099
leaf_weight=19.460301853716373 0.65180854126811327 36.804961651563644 61.793250560760498 13.661796748638151 32.091294396668673 0.31709604710340444 3.3975572604686022 84.203645243309438 75.90783329308033 190.17107486724854 29.498344827443361 17.410921845585108 1.7910054512321947
leaf_count=3314 111 99 2502 38 5465 54 143 10313 12236 7700 4755 2965 305
internal_value=-0.000137306 0.0252059 0.0290574 0.00487491 -0.0334918 -0.0335189 -0.0338477 -0.0335072 -0.0334706 0.033901 -0.0334723 -0.0334649 -0.0334649
internal_weight=567.161 322.285 302.431 50.4668 244.876 107.379 3.71465 103.664 137.497 251.964 105.406 19.8537 2.44281
internal_count=50000 13720 10339 137 36280 13824 197 13627 22456 10202 16991 3381 416
is_linear=0
shrinkage=0.05


Tree=185
num_leaves=14
num_cat=0
split_feature=0 1 0 1 1 0 0 1 1 1 1 0 0
split_gain=197.139 30.2503 9.52893 0.610275 0.32691 7.32457e-05 0.000343412 3.80633e-05 1.76642e-05 5.72827e-07 7.10543e-15 1.77636e-15 1.77636e-15
threshold=-0.44853405638371174 1.1997436683544895 -0.45630484924917941 1.9466597231044669 1.2132879063987692 0.44645132186505937 0.45409552365868994 1.1997436683544895 1.1997436683544895 1.1997436683544895 4.2479938330747808 -0.46422006793266929 0.17315735174673355
decision_type=2 2 2 2 2 2 2 2 2 2 2 2 2
left_child=1 11 4 -4 -3 9 7 -7 -8 12 -11 -1 -2
right_child=5 2 3 -5 -6 6 8 -9 -10 10 -12 -13 -14
leaf_value=-0.033466468523625677 -0.033466468523625684 0.016669162315457137 0.02041316788227927 0.0053388832874369111 0.033897467668652634 -0.033466468523625684 -0.033466468523625684 -0.034010093259565465 -0.033519008215653553 -0.03347405212268454 -0.03347405212268454 -0.033466468523625684 -0.033466468523625684
leaf_weight=19.405943991150711 22.46096855821088 2.7839367948472491 8.3270958960056287 34.663235366344452 251.76529765129089 0.35067402618005772 19.744730762206018 3.9370939526706934 84.300307096913457 75.060781259089708 31.628003614023328 0.61219363892450829 10.020956070162354
leaf_count=3265 3779 57 30 113 10256 59 3322 137 10202 11954 5037 103 1686
internal_value=-4.37584e-05 0.026029 0.0300318 0.00825873 0.033709 -0.0334963 -0.0335271 -0.0339656 -0.033509 -0.0334723 -0.0334741 -0.0334665 -0.0334665
internal_weight=565.061 317.558 297.54 42.9903 254.549 247.504 108.333 4.28777 104.045 139.171 106.689 20.0181 32.4819
internal_count=50000 13824 10456 143 10313 36176 13720 196 13524 22456 16991 3368 5465
is_linear=0
shrinkage=0.05


Tree=186
num_leaves=11
num_cat=0
split_feature=1 0 0 0 0 0 0 0 1 1
split_gain=73.5047 60.0241 130.337 20.3761 10.2853 1.42109e-14 7.10543e-15 7.10543e-15 1.77636e-15 8.88178e-16
threshold=1.1997436683544895 0.45409552365868994 -0.44853405638371174 0.44645132186505937 -0.45630484924917941 0.88140726736234032 0.9923105776994251 0.76398938298080699 1.2262360876158989 1.1612474784863989
decision_type=2 2 2 2 2 2 2 2 2 2
left_child=6 2 4 -4 -2 -3 7 -1 -7 -9
right_child=1 5 3 -5 -6 8 -8 9 -10 -11
leaf_value=0.033581814997088559 -0.033384433383071781 -0.033686532206989223 0.033596010485209875 -0.0020398204697501055 -0.0053882938987382728 -0.033686532206989223 0.033581814997088559 0.033581814997088559 -0.033686532206989223 0.033581814997088476
leaf_weight=118.4193536862731 161.37289939820766 124.59250907041132 197.71506360918283 50.322837054729462 41.17801621556282 0.37349740415811439 0.55083893239498039 14.806550502777096 33.801515076309443 0.78219128400087434
leaf_count=10749 10313 8006 16991 137 143 24 50 1344 2172 71
internal_value=0.00013573 -0.00724988 0.00206522 0.0263661 -0.0276929 -0.0336865 0.0335818 0.0335818 -0.0336865 0.0335818
internal_weight=743.915 609.356 450.589 248.038 202.551 158.768 134.559 134.008 34.175 15.5887
internal_count=50000 37786 27584 17128 10456 10202 12214 12164 2196 1415
is_linear=0
shrinkage=0.05


Tree=187
num_leaves=15
num_cat=0
split_feature=0 1 0 2 0 0 1 1 1 0 0 0 2 2
split_gain=178.62 26.9744 14.2344 0.583002 4.79612e-05 0.000152764 1.79802e-05 1.40863e-05 4.51669e-07 1.42109e-14 1.42109e-14 1.77636e-15 1.77636e-15 5.55112e-17
threshold=0.44645132186505937 1.1997436683544895 0.45409552365868994 1.7914226685012407 -0.44853405638371174 -0.45630484924917941 1.1997436683544895 1.1997436683544895 1.1997436683544895 0.8965292679762138 0.43851370652444671 -0.31670086032221728 0.18103699237054025 0.15004317761270974
decision_type=2 2 2 2 2 2 2 2 2 2 2 2 2 2
left_child=4 12 3 -3 5 7 -7 -1 11 -4 -10 -6 13 -2
right_child=1 2 9 -5 8 6 -8 -9 10 -11 -12 -13 -14 -15
leaf_value=-0.033456356560179576 -0.033456356560179389 0.001542237206360188 0.033863941102408812 0.014051826278682476 -0.033456356560179548 -0.033456356560179527 -0.033862811705152762 -0.033505145353850033 -0.033463359751810952 0.033863941102408812 -0.033463359751810952 -0.033456356560179576 -0.033456356560179576 -0.033456356560179479
leaf_weight=18.211984550580382 0.63197894487530248 38.106065034866333 191.8117514513433 12.326547116041182 4.3304296396672752 0.2967553306370968 3.273253345862031 78.838400198146701 97.816545478999615 44.210862021893263 0.83023302489891548 25.702308914624155 17.596492012962699 0.35171002149581909
leaf_count=3314 115 103 8291 34 788 54 143 10313 16848 1911 143 4677 3202 64
internal_value=-0.000139234 0.024925 0.0287118 0.00459978 -0.0334819 -0.0335078 -0.033829 -0.033496 -0.0334617 0.0338639 -0.0334634 -0.0334564 -0.0334564 -0.0334564
internal_weight=534.335 305.035 286.455 50.4326 229.3 100.62 3.57001 97.0504 128.68 236.023 98.6468 30.0327 18.5802 0.983689
internal_count=50000 13720 10339 137 36280 13824 197 13627 22456 10202 16991 5465 3381 179
is_linear=0
shrinkage=0.05


Tree=188
num_leaves=13
num_cat=0
split_feature=0 1 0 2 1 0 0 1 1 1 0 0
split_gain=183.739 28.0536 9.6894 0.614946 0.344703 6.31752e-05 0.000317249 3.38295e-05 1.44782e-05 4.68297e-07 1.42109e-14 1.77636e-15
threshold=-0.44853405638371174 1.1997436683544895 -0.45630484924917941 3.0957286437972882 1.2132879063987692 0.44645132186505937 0.45409552365868994 1.1997436683544895 1.1997436683544895 1.1997436683544895 0.38268393104346293 0.42173230104982357
decision_type=2 2 2 2 2 2 2 2 2 2 2 2
left_child=1 -1 4 -4 -3 9 7 -7 -8 11 -11 -2
right_child=5 2 3 -5 -6 6 8 -9 -10 10 -12 -13
leaf_value=-0.033457865568308341 -0.033457865568308341 0.01575203182740784 0.0055559365693510143 0.023884789112335419 0.033860721485570976 -0.033457865568308341 -0.033457865568308341 -0.03398695089421893 -0.033507033224795861 -0.033464953496718255 -0.033464953496718255 -0.033457865568308341
leaf_weight=18.734064325690269 29.525063373148445 2.6575236916542044 37.476215034723282 5.2127466201782218 235.87724530696869 0.3281798679381599 18.478195276111364 3.8052696883678436 78.918622043915093 93.036448258906603 6.8108415571041396 0.87329219095408817
leaf_count=3368 5308 57 123 20 10256 59 3322 137 10202 15832 1159 157
internal_value=-4.9977e-05 0.0257861 0.0297328 0.00779407 0.033659 -0.0334863 -0.0335159 -0.0339449 -0.0334977 -0.0334633 -0.033465 -0.0334579
internal_weight=531.734 299.958 281.224 42.689 238.535 231.776 101.53 4.13345 97.3968 130.246 99.8473 30.3984
internal_count=50000 13824 10456 143 10313 36176 13720 196 13524 22456 16991 5465
is_linear=0
shrinkage=0.05


Tree=189
num_leaves=10
num_cat=0
split_feature=1 0 0 0 0 0 0 1 0
split_gain=68.5911 56.2662 120.241 19.8722 10.3405 1.42109e-14 1.42109e-14 7.10543e-15 4.44089e-16
threshold=1.1997436683544895 0.45409552365868994 -0.44853405638371174 0.44645132186505937 -0.45630484924917941 0.15738065297222795 0.96961651069136345 14.084466545577472 0.9923105776994251
decision_type=2 2 2 2 2 2 2 2 2
left_child=5 2 4 -4 -2 -1 7 -3 -8
right_child=1 6 3 -5 -6 -7 8 -9 -10
leaf_value=0.03356570043243879 -0.033340551183695069 -0.033663574037046874 0.033578977122180484 -0.0018663764950823157 -0.0050102667648476212 0.03356570043243879 -0.033663574037046881 -0.033663574037046874 -0.03366357403704686
leaf_weight=72.660683585330844 151.17182818241417 139.67458740249276 185.07871124055237 50.286843627691269 40.929784327745438 53.294126138091087 6.250823909416793 0.59739808924496074 2.1273200251162052
leaf_count=7046 10313 9586 16991 137 143 5168 429 41 146
internal_value=0.000141503 -0.00716593 0.00204853 0.0260059 -0.0273044 0.0335657 -0.0336636 -0.0336636 -0.0336636
internal_weight=702.072 576.117 427.467 235.366 192.102 125.955 148.65 140.272 8.37814
internal_count=50000 37786 27584 17128 10456 12214 10202 9627 575
is_linear=0
shrinkage=0.05


Tree=190
num_leaves=14
num_cat=0
split_feature=0 1 0 2 0 0 1 1 1 2 1 0 1
split_gain=166.34 24.9666 14.277 0.568067 4.08774e-05 0.000140316 1.59115e-05 1.15678e-05 3.69986e-07 2.84217e-14 7.10543e-15 1.77636e-15 5.55112e-17
threshold=0.44645132186505937 1.1997436683544895 0.45409552365868994 1.0803022117083982 -0.44853405638371174 -0.45630484924917941 1.1997436683544895 1.1997436683544895 1.1997436683544895 1.8483646855264289 5.1770821035894672 0.97698929024845749 1.060555050604169
decision_type=2 2 2 2 2 2 2 2 2 2 2 2 2
left_child=4 11 3 -3 5 7 -7 -1 -6 -4 -10 -2 -13
right_child=1 2 9 -5 8 6 -8 -9 10 -11 -12 12 -14
leaf_value=-0.033448407169013865 -0.033448407169013865 0.0091437060243253765 0.033829312839672103 -0.0015255865717310703 -0.033448407169013865 -0.033448407169013816 -0.033843184963756601 -0.033494108552849837 -0.033454959240533606 0.033829312839672103 -0.033454959240533606 -0.033448407169013865 -0.033448407169013684
leaf_weight=17.043335025198758 16.56505193607882 27.712045401334763 150.732028439641 22.691248655319214 28.105560021940619 0.27771276142448131 3.1539836674928665 73.812395510263741 73.480982607230544 70.33872402459383 18.837516023311764 0.64285361440852185 0.1799990120343864
leaf_count=3314 3221 75 6956 62 5465 54 143 10313 13524 3246 3467 125 35
internal_value=-0.000141257 0.0246341 0.0283543 0.00434046 -0.0334727 -0.0334974 -0.0338112 -0.0334855 -0.0334534 0.0338293 -0.033455 -0.0334484 -0.0334484
internal_weight=503.573 288.862 271.474 50.4033 214.711 94.2874 3.4317 90.8557 120.424 221.071 92.3185 17.3879 0.822853
internal_count=50000 13720 10339 137 36280 13824 197 13627 22456 10202 16991 3381 160
is_linear=0
shrinkage=0.05


Tree=191
num_leaves=14
num_cat=0
split_feature=0 1 0 2 1 0 0 1 1 1 0 0 2
split_gain=171.224 26.0074 9.82816 0.620883 0.362949 5.45835e-05 0.00029272 3.00417e-05 1.1864e-05 3.83412e-07 1.77636e-15 1.77636e-15 4.44089e-16
threshold=-0.44853405638371174 1.1997436683544895 -0.45630484924917941 1.46289257134648 1.2132879063987692 0.44645132186505937 0.45409552365868994 1.1997436683544895 1.1997436683544895 1.1997436683544895 -0.71599819868959458 0.17315735174673355 5.7399733749593738
decision_type=2 2 2 2 2 2 2 2 2 2 2 2 2
left_child=1 10 4 -4 -3 9 7 -7 -8 11 -1 -2 -12
right_child=5 2 3 -5 -6 6 8 -9 -10 -11 12 -13 -14
leaf_value=-0.033449820715586463 -0.03344982071558647 0.014812567384036857 0.01204181530843969 -0.00045510375465917694 0.033826404113615462 -0.033449820715586429 -0.033449820715586477 -0.033964565904360047 -0.033495827951535072 -0.033456450379814644 -0.033449820715586491 -0.033449820715586477 -0.033449820715586179
leaf_weight=9.0730898086912948 19.67137486347929 2.5386763662099829 26.495067685842514 15.905705809593199 220.97614526748657 0.30712122702971045 17.292486715130508 3.6779242716729641 73.877170937135816 93.442136455792934 8.2610404626466298 8.7763794707134348 0.19780689198523838
leaf_count=1743 3779 57 89 54 10256 59 3322 137 10202 16991 1587 1686 38
internal_value=-5.63681e-05 0.0255349 0.0294238 0.00735387 0.0336104 -0.0334771 -0.0335054 -0.0339249 -0.0334871 -0.0334549 -0.0334498 -0.0334498 -0.0334498
internal_weight=500.492 283.448 265.916 42.4008 223.515 217.045 95.1547 3.98505 91.1697 121.89 17.5319 28.4478 8.45885
internal_count=50000 13824 10456 143 10313 36176 13720 196 13524 22456 3368 5465 1625
is_linear=0
shrinkage=0.05


Tree=192
num_leaves=11
num_cat=0
split_feature=1 0 0 0 0 0 0 0 2 1
split_gain=64.0005 52.7517 110.84 19.388 10.3762 1.42109e-14 7.10543e-15 1.11022e-16 5.55112e-17 2.77556e-17
threshold=1.1997436683544895 0.45409552365868994 -0.44853405638371174 0.44645132186505937 -0.45630484924917941 0.53297029553028341 0.98483088504110572 0.9923105776994251 2.0274877598359473 0.87361993603318699
decision_type=2 2 2 2 2 2 2 2 2 2
left_child=6 2 4 -4 -2 -3 -1 8 -8 -9
right_child=1 5 3 -5 -6 -7 7 9 -10 -11
leaf_value=0.033550641395312802 -0.03329676538118944 -0.033642117498853381 0.033563049321669029 -0.0017040702158330817 -0.0046527069294711679 -0.033642117498853381 0.033550641395312809 0.033550641395312684 0.033550641395312636 0.033550641395312636
leaf_weight=116.80562426988035 141.6133543998003 19.957439435645938 173.24302677810192 50.280695021152496 40.703296601772308 119.21262011490762 0.40540750510990509 0.27992422971874475 0.2027037525549531 0.2027037525549531
leaf_count=12101 10313 1463 16991 137 143 8739 42 29 21 21
internal_value=0.000147469 -0.00707829 0.00203093 0.0256299 -0.0269018 -0.0336421 0.0335506 0.0335506 0.0335506 0.0335506
internal_weight=662.907 545.01 405.84 223.524 182.317 139.17 117.896 1.09074 0.608111 0.482628
internal_count=50000 37786 27584 17128 10456 10202 12214 113 63 50
is_linear=0
shrinkage=0.05


Tree=193
num_leaves=15
num_cat=0
split_feature=0 1 0 2 0 0 1 1 1 0 0 1 0 0
split_gain=154.869 23.0959 14.3058 0.574423 3.49123e-05 0.000128873 1.40797e-05 9.49772e-06 3.02306e-07 1.42109e-14 7.10543e-15 1.77636e-15 8.88178e-16 8.88178e-16
threshold=0.44645132186505937 1.1997436683544895 0.45409552365868994 0.31803970907125939 -0.44853405638371174 -0.45630484924917941 1.1997436683544895 1.1997436683544895 1.1997436683544895 0.6052769111657923 0.43085841847561951 0.92798762616092789 0.98483088504110572 0.8891792908347802
decision_type=2 2 2 2 2 2 2 2 2 2 2 2 2 2
left_child=4 12 3 -3 5 7 -7 -1 11 -4 -10 -6 13 -2
right_child=1 2 9 -5 8 6 -8 -9 10 -11 -12 -13 -14 -15
leaf_value=-0.033440975828756346 -0.033440975828756346 -0.0084776245474208114 0.033796966959189226 0.0063600653473321351 -0.033440975828756339 -0.033440975828756291 -0.033824405542797864 -0.033483781586851023 -0.03344709813219001 0.033796966959189226 -0.03344709813219001 -0.033440975828756346 -0.033440975828756235 -0.033440975828756325
leaf_weight=15.949319354258476 12.989502998534588 7.6987824440002433 56.765129800885916 42.705976873636246 17.01292815851048 0.25988631416112129 3.0402677860110998 69.104605845175683 84.950097642838955 150.28451418504119 1.4440550506114949 9.2885293764993531 0.54383617592975575 2.7384317177347848
leaf_count=3314 2699 21 2797 116 3535 54 143 10313 16707 7405 284 1930 113 569
internal_value=-0.000143434 0.0243303 0.0279816 0.00409377 -0.0334641 -0.0334876 -0.0337942 -0.0334758 -0.0334457 0.033797 -0.0334471 -0.033441 -0.033441 -0.033441
internal_weight=474.776 273.726 257.454 50.4048 201.05 88.3541 3.30015 85.0539 112.696 207.05 86.3942 26.3015 16.2718 15.7279
internal_count=50000 13720 10339 137 36280 13824 197 13627 22456 10202 16991 5465 3381 3268
is_linear=0
shrinkage=0.05


Tree=194
num_leaves=15
num_cat=0
split_feature=0 1 0 2 1 0 0 1 1 1 0 0 0 0
split_gain=159.534 24.1008 9.9489 0.609427 0.381633 4.72395e-05 0.000269386 2.66217e-05 9.72233e-06 3.13612e-07 7.10543e-15 1.77636e-15 8.88178e-16 8.88178e-16
threshold=-0.44853405638371174 1.1997436683544895 -0.45630484924917941 3.0957286437972882 1.2132879063987692 0.44645132186505937 0.45409552365868994 1.1997436683544895 1.1997436683544895 1.1997436683544895 0.31282273773032993 -0.41002466909369578 -0.48113613663166038 -0.71599819868959458
decision_type=2 2 2 2 2 2 2 2 2 2 2 2 2 2
left_child=1 12 4 -4 -3 9 7 -7 -8 11 -11 -2 13 -1
right_child=5 2 3 -5 -6 6 8 -9 -10 10 -12 -13 -14 -15
leaf_value=-0.033442293728439092 -0.033442293728438995 0.013851312003746556 0.0047022478528774142 0.023128741782312664 0.033794351046835591 -0.033442293728439043 -0.033442293728439092 -0.033942582927328609 -0.033485345449879106 -0.03344849184282267 -0.03344849184282267 -0.033442293728439092 -0.033442293728439029 -0.033442293728439092
leaf_weight=8.4906977377831936 1.1301445066928888 2.4269788116216651 37.029478371143341 5.1059407889842978 207.00304478406906 0.28740743920206968 16.182500220835209 3.5549312848597765 69.154856022447348 74.496972025372088 12.948834653943775 25.491578463464975 0.89145019277930337 7.0244326665997496
leaf_count=1743 232 57 123 20 10256 59 3322 137 10202 14475 2516 5233 183 1442
internal_value=-6.29402e-05 0.0252739 0.0291032 0.00693516 0.0335632 -0.0334684 -0.0334956 -0.0339052 -0.0334772 -0.033447 -0.0334485 -0.0334423 -0.0334423 -0.0334423
internal_weight=471.219 267.972 251.565 42.1354 209.43 203.247 89.1797 3.84234 85.3374 114.068 87.4458 26.6217 16.4066 15.5151
internal_count=50000 13824 10456 143 10313 36176 13720 196 13524 22456 16991 5465 3368 3185
is_linear=0
shrinkage=0.05


Tree=195
num_leaves=11
num_cat=0
split_feature=1 0 0 0 0 0 0 0 0 1
split_gain=59.7137 49.4625 102.108 18.9071 10.3875 7.10543e-15 7.10543e-15 7.10543e-15 3.55271e-15 3.55271e-15
threshold=1.1997436683544895 0.45409552365868994 -0.44853405638371174 0.44645132186505937 -0.45630484924917941 0.97698929024845749 0.31282273773032993 0.8965292679762138 0.7794879665258001 4.4719854074632979
decision_type=2 2 2 2 2 2 2 2 2 2
left_child=5 2 4 -4 -2 6 -1 -3 -8 -9
right_child=1 7 3 -5 -6 -7 8 9 -10 -11
leaf_value=0.033536559909361108 -0.033252882469001675 -0.033622065687984114 0.033548158041036384 -0.0015543634792679259 -0.0043179118980735988 0.033536559909361108 0.033536559909361108 -0.033622065687984114 0.033536559909361108 -0.033622065687984114
leaf_weight=72.295503528788686 132.65792885050178 105.88302644342184 162.1581326527521 50.247766703367233 40.482955545186996 1.4455486834049214 25.631385092623532 17.955799683928493 10.977135314606128 6.4492737129330626
leaf_count=8002 10313 8291 16991 137 143 160 2837 1406 1215 505
internal_value=0.000153522 -0.00698792 0.00201258 0.0252441 -0.0264874 0.0335366 0.0335366 -0.0336221 0.0335366 -0.0336221
internal_weight=626.184 515.835 385.547 212.406 173.141 110.35 108.904 130.288 36.6085 24.4051
internal_count=50000 37786 27584 17128 10456 12214 12054 10202 4052 1911
is_linear=0
shrinkage=0.05


Tree=196
num_leaves=14
num_cat=0
split_feature=0 1 0 2 0 0 1 1 1 0 0 2 2
split_gain=144.167 21.3579 14.3021 0.562632 2.9873e-05 0.000118279 1.24564e-05 7.80194e-06 2.47558e-07 1.42109e-14 1.77636e-15 8.88178e-16 8.88178e-16
threshold=0.44645132186505937 1.1997436683544895 0.45409552365868994 1.7914226685012407 -0.44853405638371174 -0.45630484924917941 1.1997436683544895 1.1997436683544895 1.1997436683544895 0.98483088504110572 0.43085841847561951 6.7587005347426077 3.1825936924632301
decision_type=2 2 2 2 2 2 2 2 2 2 2 2 2
left_child=4 11 3 -3 5 7 -7 -1 10 -4 -6 12 -2
right_child=1 2 9 -5 8 6 -8 -9 -10 -11 -12 -13 -14
leaf_value=-0.033434020803602797 -0.033434020803602811 0.00086500783574009062 0.033766752884582689 0.01317398996382875 -0.033434020803602797 -0.033434020803602742 -0.033806410266723631 -0.03347412474233552 -0.033439747975262578 0.033766752884582689 -0.033434020803602797 -0.03343402080360252 -0.033434020803602769
leaf_weight=14.925218427553771 13.308394826017315 38.1016845703125 188.60061251930892 12.274391949176787 24.126250789500777 0.24319909326732103 2.9304265528917313 64.695235218852758 80.848200592212379 5.3027885612100354 0.48639818653464217 0.21167328488081771 1.7068973397836096
leaf_count=3314 2955 103 9923 34 5357 54 143 10313 16991 279 108 47 379
internal_value=-0.000145652 0.0240189 0.0276001 0.00386416 -0.0334561 -0.0334785 -0.0337779 -0.0334666 -0.0334384 0.0337668 -0.033434 -0.033434 -0.033434
internal_weight=447.761 259.506 244.279 50.3761 188.255 82.7941 3.17363 79.6205 105.461 193.903 24.6126 15.227 15.0153
internal_count=50000 13720 10339 137 36280 13824 197 13627 22456 10202 5465 3381 3334
is_linear=0
shrinkage=0.05


Tree=197
num_leaves=14
num_cat=0
split_feature=0 1 0 2 1 0 0 1 1 1 0 0 0
split_gain=148.618 22.3259 10.0462 0.625632 0.400738 4.09921e-05 0.000248108 2.36147e-05 7.96587e-06 2.56567e-07 7.10543e-15 1.77636e-15 8.88178e-16
threshold=-0.44853405638371174 1.1997436683544895 -0.45630484924917941 2.1615885756558892 1.2132879063987692 0.44645132186505937 0.45409552365868994 1.1997436683544895 1.1997436683544895 1.1997436683544895 0.34302705097742353 0.43085841847561951 -0.61316306281799116
decision_type=2 2 2 2 2 2 2 2 2 2 2 2 2
left_child=1 12 4 -4 -3 9 7 -7 -8 11 -11 -2 -1
right_child=5 2 3 -5 -6 6 8 -9 -10 10 -12 -13 -14
leaf_value=-0.033435255921369436 -0.033435255921369436 0.012868996425225472 0.0099104779861269431 -0.0045419794782802642 0.033764409446553706 -0.033435255921369388 -0.033435255921369436 -0.03392176112176102 -0.033475538894370722 -0.033441051185461985 -0.033441051185461985 -0.033435255921369436 -0.033435255921369436
leaf_weight=10.821956152096389 24.420058595947925 2.3220339231193057 32.109846830368042 9.7655391395091993 193.90218135714531 0.26895341742783729 15.143444960936902 3.4360723663121462 64.731838474981487 72.609384002164006 9.2230678140185756 0.49232150986790557 4.5311813037842503
leaf_count=2374 5357 57 109 34 10256 59 3322 137 10202 15076 1915 108 994
internal_value=-6.96642e-05 0.0250043 0.0287726 0.0065401 0.0335171 -0.0334602 -0.0334865 -0.0338864 -0.0334679 -0.0334397 -0.0334411 -0.0334353 -0.0334353
internal_weight=443.778 253.453 238.1 41.8754 196.224 190.325 83.5803 3.70503 79.8753 106.745 81.8325 24.9124 15.3531
internal_count=50000 13824 10456 143 10313 36176 13720 196 13524 22456 16991 5465 3368
is_linear=0
shrinkage=0.05


Tree=198
num_leaves=10
num_cat=0
split_feature=1 0 0 0 0 0 0 1 1
split_gain=55.7096 46.3846 93.9903 18.4352 10.3804 7.10543e-15 7.10543e-15 8.88178e-16 8.88178e-16
threshold=1.1997436683544895 0.45409552365868994 -0.44853405638371174 0.44645132186505937 -0.45630484924917941 0.88140726736234032 0.50230173599568151 7.0444956769971538 0.52998710760286483
decision_type=2 2 2 2 2 2 2 2 2
left_child=5 2 4 -4 -2 -1 7 -3 -7
right_child=1 6 3 -5 -6 8 -8 -9 -10
leaf_value=0.033523395100860873 -0.033208705109934636 -0.033603324557287755 0.033534240878242631 -0.0014155728219080841 -0.004001668916888068 0.033523395100860873 -0.033603324557287755 -0.033603324557287678 0.033523395100860866
leaf_weight=96.991122625768185 124.26832989230752 9.6000545760616625 151.77715787477791 50.213757246732712 40.283014208078384 0.29596244916319747 111.51844219863415 0.84882176201790649 5.9953536130487919
leaf_count=11470 10313 803 16991 137 143 35 9328 71 709
internal_value=0.000159738 -0.00689413 0.00199339 0.0248459 -0.0260587 0.0335234 -0.0336033 -0.0336033 0.0335234
internal_weight=591.792 488.51 366.542 201.991 164.551 103.282 121.967 10.4489 6.29132
internal_count=50000 37786 27584 17128 10456 12214 10202 874 744
is_linear=0
shrinkage=0.05


Tree=199
num_leaves=13
num_cat=0
split_feature=0 1 0 2 0 0 1 1 1 0 2 1
split_gain=134.178 19.7417 14.2753 0.568351 2.5617e-05 0.000108563 1.10204e-05 6.40897e-06 2.02581e-07 1.42109e-14 1.77636e-15 8.88178e-16
threshold=0.44645132186505937 1.1997436683544895 0.45409552365868994 1.0803022117083982 -0.44853405638371174 -0.45630484924917941 1.1997436683544895 1.1997436683544895 1.1997436683544895 0.93649130078297138 0.36448542644225218 1.1748240644875314
decision_type=2 2 2 2 2 2 2 2 2 2 2 2
left_child=4 11 3 -3 5 7 -7 -1 10 -4 -6 -2
right_child=1 2 9 -5 8 6 -8 -9 -10 -11 -12 -13
leaf_value=-0.033427518784514332 -0.033427518784514339 0.0084505469031608289 0.033738527350327972 -0.0022286954527204858 -0.033427518784514297 -0.033427518784514269 -0.033789197507466062 -0.033465091929358246 -0.033432874468049288 0.033738527350327972 -0.033427518784514332 -0.033427518784514214
leaf_weight=13.96660171356052 13.730593959800895 27.706196367740631 160.75514476001263 22.638942390680313 3.7887673326768008 0.22757890541106407 2.8257394284009933 60.565687914378941 75.656700460705906 20.824127476662397 19.243060779757798 0.51837417343631464
leaf_count=3314 3258 75 9032 62 899 54 143 10313 16991 1170 4566 123
internal_value=-0.000148002 0.0236971 0.0272067 0.00364836 -0.0334485 -0.03347 -0.0337622 -0.0334581 -0.0334316 0.0337385 -0.0334275 -0.0334275
internal_weight=422.448 246.173 231.924 50.3451 176.274 77.5856 3.05332 74.5323 98.6885 181.579 23.0318 14.249
internal_count=50000 13720 10339 137 36280 13824 197 13627 22456 10202 5465 3381
is_linear=0
shrinkage=0.05


Tree=200
num_leaves=15
num_cat=0
split_feature=0 1 0 2 1 0 0 1 1 1 0 0 0 0
split_gain=138.423 20.6726 10.126 0.608777 0.420241 3.5647e-05 0.000228354 2.09399e-05 6.52711e-06 2.10319e-07 7.10543e-15 1.77636e-15 1.77636e-15 1.11022e-16
threshold=-0.44853405638371174 1.1997436683544895 -0.45630484924917941 3.0957286437972882 1.2132879063987692 0.44645132186505937 0.45409552365868994 1.1997436683544895 1.1997436683544895 1.1997436683544895 0.39776180242403719 -0.53498752649717962 0.41368319527225988 -0.51272419547596071
decision_type=2 2 2 2 2 2 2 2 2 2 2 2 2 2
left_child=1 11 4 -4 -3 9 7 -7 -8 12 -11 -1 -2 -13
right_child=5 2 3 -5 -6 6 8 -9 -10 10 -12 13 -14 -15
leaf_value=-0.033428672450910323 -0.033428672450910323 0.011866544600100113 0.0039267986838708501 0.022498339425610671 0.033736437148211521 -0.033428672450910267 -0.033428672450910323 -0.033901708871028363 -0.033466366229588637 -0.033434096529954181 -0.033434096529954181 -0.033428672450910246 -0.033428672450910323 -0.033428672450910323
leaf_weight=12.221379925031213 22.399464567657564 2.2234630063176146 36.619818925857544 5.0172622799873343 181.6209063231945 0.25167937716469113 14.17082866001874 3.3212492875754833 60.589476640336215 72.66128492821008 3.9165523261763147 0.56734503665939007 0.91287096124142308 1.5783282974734891
leaf_count=2865 5251 57 123 20 10256 59 3322 137 10202 16122 869 133 214 370
internal_value=-7.65606e-05 0.0247241 0.0284294 0.00616467 0.0334719 -0.0334526 -0.0334779 -0.0338684 -0.0334592 -0.0334328 -0.0334341 -0.0334287 -0.0334287 -0.0334287
internal_weight=418.072 239.849 225.481 41.6371 183.844 178.223 78.3332 3.57293 74.7603 99.8902 76.5778 14.3671 23.3123 2.14567
internal_count=50000 13824 10456 143 10313 36176 13720 196 13524 22456 16991 3368 5465 503
is_linear=0
shrinkage=0.05


Tree=201
num_leaves=6
num_cat=0
split_feature=1 0 0 0 0
split_gain=51.9696 43.5041 86.445 17.9781 10.3505
threshold=1.1997436683544895 0.45409552365868994 -0.44853405638371174 0.44645132186505937 -0.45630484924917941
decision_type=2 2 2 2 2
left_child=-1 2 4 -4 -2
right_child=1 -3 3 -5 -6
leaf_value=0.033511084466566553 -0.033164047197732298 -0.033585807078385654 0.03352122884236583 -0.0012859118297079189 -0.0037061388962488459
leaf_weight=96.664897130802274 116.40952887013555 114.17297869361937 142.05607979279011 50.209878534078598 40.088047862052917
leaf_count=12214 10313 10202 16991 137 143
internal_value=0.000166011 -0.00679671 0.0019731 0.0244314 -0.0256182
internal_weight=559.601 462.937 348.764 192.266 156.498
internal_count=50000 37786 27584 17128 10456
is_linear=0
shrinkage=0.05


Tree=202
num_leaves=15
num_cat=0
split_feature=0 1 0 1 0 0 1 1 1 0 1 0 0 0
split_gain=124.849 18.2369 14.2358 0.56372 2.20128e-05 9.95599e-05 9.74699e-06 5.26836e-06 1.66065e-07 1.42109e-14 3.55271e-15 1.77636e-15 8.88178e-16 8.88178e-16
threshold=0.44645132186505937 1.1997436683544895 0.45409552365868994 5.9569411646293373 -0.44853405638371174 -0.45630484924917941 1.1997436683544895 1.1997436683544895 1.1997436683544895 0.91264619986966466 6.5428639361781853 0.35081401703043252 0.97698929024845749 0.9519512360082516
decision_type=2 2 2 2 2 2 2 2 2 2 2 2 2 2
left_child=4 12 3 -3 5 7 -7 -1 11 -4 -10 -6 13 -2
right_child=1 2 9 -5 8 6 -8 -9 10 -11 -12 -13 -14 -15
leaf_value=-0.033421432470539782 -0.033421432470539796 0.0011466483984795242 0.033712154529229668 0.015633097914295728 -0.033421432470539775 -0.033421432470539712 -0.033772669871661241 -0.033456647100120446 -0.033426445180051008 0.033712154529229668 -0.033426445180051008 -0.033421432470539782 -0.033421432470539685 -0.033421432470539671
leaf_weight=13.069316457025705 12.170160104520614 42.364934384822845 143.14501600898802 7.9805574715137473 19.197776859626178 0.21295808348804657 2.724475035443902 56.698477553203702 62.601199597120285 26.882397348061204 8.1959903892129642 2.3543699230067423 0.63098691403865892 0.53239520872011858
leaf_count=3314 3086 114 8589 23 4868 54 143 10313 15024 1613 1967 597 160 135
internal_value=-0.00015038 0.0233614 0.026797 0.00344298 -0.0334415 -0.0334621 -0.0337472 -0.0334501 -0.0334253 0.0337122 -0.0334264 -0.0334214 -0.0334214 -0.0334214
internal_weight=398.761 233.706 220.373 50.3455 165.055 72.7052 2.93743 69.7678 92.3493 170.027 70.7972 21.5521 13.3335 12.7026
internal_count=50000 13720 10339 137 36280 13824 197 13627 22456 10202 16991 5465 3381 3221
is_linear=0
shrinkage=0.05


Tree=203
num_leaves=14
num_cat=0
split_feature=0 1 0 2 1 0 0 1 1 1 0 0 0
split_gain=128.906 19.1341 10.1831 0.619234 0.440118 3.10476e-05 0.000209659 1.853e-05 5.34739e-06 1.72131e-07 7.10543e-15 1.77636e-15 8.88178e-16
threshold=-0.44853405638371174 1.1997436683544895 -0.45630484924917941 2.1615885756558892 1.2132879063987692 0.44645132186505937 0.45409552365868994 1.1997436683544895 1.1997436683544895 1.1997436683544895 0.43851370652444671 -0.087700075525334639 -0.50477179335557154
decision_type=2 2 2 2 2 2 2 2 2 2 2 2 2
left_child=1 12 4 -4 -3 9 7 -7 -8 11 -11 -2 -1
right_child=5 2 3 -5 -6 6 8 -9 -10 10 -12 -13 -14
leaf_value=-0.033422514930969205 -0.033422514930969191 0.010845065716869664 0.0091851729692786349 -0.0052698684975599954 0.033710305610888246 -0.033422514930969142 -0.033422514930969205 -0.033882003930748132 -0.033457783617179 -0.033427587577530025 -0.033427587577530025 -0.033422514930969205 -0.033422514930969205
leaf_weight=12.154734330251811 8.6460277698934096 2.1309051960706702 31.737992137670517 9.6651920080184919 170.10947471857071 0.23551045171916429 13.260435942560433 3.2103483267128468 56.710235771723092 71.05614747852087 0.60310001717880268 13.168626783415673 1.2893199305981387
leaf_count=3045 2166 57 109 34 10256 59 3322 137 10202 16848 143 3299 323
internal_value=-8.35934e-05 0.0244346 0.0280754 0.00581078 0.0334274 -0.0334455 -0.0334699 -0.0338506 -0.0334511 -0.0334264 -0.0334276 -0.0334225 -0.0334225
internal_weight=393.978 227.088 213.644 41.4032 172.24 166.89 73.4165 3.44586 69.9707 93.4739 71.6592 21.8147 13.4441
internal_count=50000 13824 10456 143 10313 36176 13720 196 13524 22456 16991 5465 3368
is_linear=0
shrinkage=0.05


Tree=204
num_leaves=7
num_cat=0
split_feature=1 0 0 0 1 0
split_gain=48.4772 40.8071 79.8812 10.6345 0.600051 7.10543e-15
threshold=1.1997436683544895 0.45409552365868994 -0.45630484924917941 0.44645132186505937 1.2132879063987692 0.9923105776994251
decision_type=2 2 2 2 2 2
left_child=5 2 4 -4 -2 -1
right_child=1 -3 3 -5 -6 -7
leaf_value=0.0334995783129311 -0.002601413166408066 -0.033569434206933903 0.024980998421987147 -0.0011668076380873668 -0.03356948701521028 0.0334995783129311
leaf_weight=90.098371999338269 1.587332734838127 106.87238615565002 172.86550353746861 50.171282351016998 107.46123296022415 0.37034845445305009
leaf_count=12164 57 10202 17134 137 10256 50
internal_value=0.000172419 -0.00669627 0.0019521 0.0190991 -0.0331187 0.0334996
internal_weight=529.426 438.958 332.085 223.037 109.049 90.4687
internal_count=50000 37786 27584 17271 10313 12214
is_linear=0
shrinkage=0.05


Tree=205
num_leaves=14
num_cat=0
split_feature=0 1 0 1 0 0 1 1 1 0 0 0 0
split_gain=116.152 16.8411 14.164 0.558468 1.89574e-05 9.13142e-05 8.62082e-06 4.32965e-06 1.35873e-07 1.42109e-14 1.77636e-15 1.77636e-15 8.88178e-16
threshold=0.44645132186505937 1.1997436683544895 0.45409552365868994 1.8604054256126643 -0.44853405638371174 -0.45630484924917941 1.1997436683544895 1.1997436683544895 1.1997436683544895 0.9923105776994251 0.98483088504110572 0.43851370652444671 0.93649130078297138
decision_type=2 2 2 2 2 2 2 2 2 2 2 2 2
left_child=4 10 3 -3 5 7 -7 -1 11 -4 12 -6 -2
right_child=1 2 9 -5 8 6 -8 -9 -10 -11 -12 -13 -14
leaf_value=-0.033415745100973691 -0.033415745100973698 0.014612490617904228 0.033687516539252504 0.00080946191391248435 -0.033415745100973684 -0.033415745100973608 -0.033756852822013593 -0.033448745363542434 -0.033420432398714527 0.033687516539252504 -0.033415745100973546 -0.033415745100973691 -0.033415745100973629
leaf_weight=12.229467617347835 11.00799695309251 8.9039961695671064 156.92250175774097 41.4037926197052 19.971598897129301 0.19927315972745363 2.6279240697622299 53.077188456431031 66.248619157588109 2.2783099897205821 0.41699753794819194 0.19558291602879663 1.05171945411712
leaf_count=3314 2983 24 10056 113 5412 54 143 10313 16991 146 113 53 285
internal_value=-0.00015288 0.0230186 0.0263794 0.00325247 -0.0334349 -0.0334546 -0.0337328 -0.0334426 -0.0334193 0.0336875 -0.0334157 -0.0334157 -0.0334157
internal_weight=376.535 221.985 209.509 50.3078 154.55 68.1339 2.8272 65.3067 86.4158 159.201 12.4767 20.1672 12.0597
internal_count=50000 13720 10339 137 36280 13824 197 13627 22456 10202 3381 5465 3268
is_linear=0
shrinkage=0.05


Tree=206
num_leaves=13
num_cat=0
split_feature=0 1 0 1 1 0 0 1 1 1 0 0
split_gain=120.018 17.7016 10.2233 0.612354 0.460339 2.71251e-05 0.000192751 1.64223e-05 4.38193e-06 1.41193e-07 3.55271e-15 1.77636e-15
threshold=-0.44853405638371174 1.1997436683544895 -0.45630484924917941 3.9209472303139958 1.2132879063987692 0.44645132186505937 0.45409552365868994 1.1997436683544895 1.1997436683544895 1.1997436683544895 0.35881350059209199 0.39776180242403719
decision_type=2 2 2 2 2 2 2 2 2 2 2 2
left_child=1 -1 4 -4 -3 9 7 -7 -8 11 -11 -2
right_child=5 2 3 -5 -6 6 8 -9 -10 10 -12 -13
leaf_value=-0.03341675215810562 -0.033416752158105613 0.00980585488799454 0.010466014733788668 -0.0019716512395382404 0.03368588316074398 -0.03341675215810555 -0.03341675215810562 -0.033863438060492475 -0.033449756015828294 -0.03342150150110465 -0.03342150150110465 -0.03341675215810562
leaf_weight=12.580138038843868 19.251196986995641 2.0440175123512736 24.660349488258362 16.529252588748932 159.32103572785854 0.22037652740254943 12.408319051377473 3.103174576535821 53.077650024555624 60.701458739116788 6.3539008237421504 1.1616457630880166
leaf_count=3368 5154 57 88 55 10256 59 3322 137 10202 15381 1610 311
internal_value=-9.07855e-05 0.0241339 0.0277082 0.00547482 0.0333834 -0.0334389 -0.0334624 -0.0338338 -0.0334435 -0.0334204 -0.0334215 -0.0334168
internal_weight=371.413 215.135 202.555 41.1896 161.365 156.278 68.8095 3.32355 65.486 87.4682 67.0554 20.4128
internal_count=50000 13824 10456 143 10313 36176 13720 196 13524 22456 16991 5465
is_linear=0
shrinkage=0.05


Tree=207
num_leaves=9
num_cat=0
split_feature=1 0 0 0 0 0 0 1
split_gain=45.2008 38.2912 74.0029 17.1151 9.72835 7.10543e-15 7.10543e-15 8.88178e-16
threshold=1.1997436683544895 0.45409552365868994 -0.44853405638371174 0.44645132186505937 -0.45630484924917941 0.9923105776994251 0.94360478298292205 8.260706163233225
decision_type=2 2 2 2 2 2 2 2
left_child=5 2 4 -4 -2 -1 -3 -8
right_child=1 6 3 -5 -6 -7 7 -9
leaf_value=0.033488818045469979 -0.03307297758282185 -0.03355412727114887 0.03349908796230034 -0.0010557349736928358 -0.004063436652928458 0.033488818045469979 -0.033554127271148877 -0.033554127271148766
leaf_weight=84.320816008374095 102.15483283810318 90.023496413603425 125.48583987634629 50.158064812421799 40.301378130912781 0.34659986849874158 9.4524180963635409 0.55890853889286596
leaf_count=12164 10313 9181 16991 137 143 50 964 57
internal_value=0.000173451 -0.00657252 0.00191255 0.0236314 -0.0248661 0.0334888 -0.0335541 -0.0335541
internal_weight=502.802 418.135 318.1 175.644 142.456 84.6674 100.035 10.0113
internal_count=50000 37786 27584 17128 10456 12214 10202 1021
is_linear=0
shrinkage=0.05


Tree=208
num_leaves=15
num_cat=0
split_feature=0 1 0 2 0 0 1 1 1 0 0 0 0 1
split_gain=108.258 15.5426 14.079 0.547577 1.56838e-05 8.1361e-05 7.47465e-06 3.55886e-06 1.49673e-07 7.10543e-15 1.77636e-15 8.88178e-16 8.88178e-16 1.38778e-17
threshold=0.44645132186505937 1.1997436683544895 0.45409552365868994 1.7914226685012407 -0.44853405638371174 -0.45630484924917941 1.1997436683544895 1.1997436683544895 1.1997436683544895 0.25079587287186517 0.22761032679523455 0.9923105776994251 0.97698929024845749 0.90653270645366535
decision_type=2 2 2 2 2 2 2 2 2 2 2 2 2 2
left_child=4 11 3 -3 5 7 -7 -1 10 -10 -6 12 -2 -13
right_child=1 2 -4 -5 8 6 -8 -9 9 -11 -12 13 -14 -15
leaf_value=-0.033410423246752322 -0.033410423246752328 0.0001173090789286355 0.033664490153612524 0.012285021092662503 -0.033410423246752308 -0.033410423246752245 -0.033738509724638759 -0.033441351514690791 -0.033415503971229291 -0.033415503971229291 -0.033410423246752322 -0.033410423246751746 -0.033410423246752162 -0.033410423246751836
leaf_weight=11.443405522964893 11.122271934058512 38.085639744997025 149.05517210066319 12.210783183574675 14.174767553340645 0.18646466452628319 2.5165809895843267 49.686282875016332 48.900433809030801 13.617795750731601 4.6961471065878859 0.10359148029238063 0.37983542773872692 0.069060986861586571
leaf_count=3314 3221 103 10202 34 4105 54 143 10313 13290 3701 1360 30 110 20
internal_value=-0.000203002 0.022662 0.0259458 0.00307134 -0.0334289 -0.0334474 -0.0337159 -0.0334356 -0.0334143 -0.0334155 -0.0334104 -0.0334104 -0.0334104 -0.0334104
internal_weight=356.248 211.026 199.352 50.2964 145.222 63.8327 2.70305 61.1297 81.3891 62.5182 18.8709 11.6748 11.5021 0.172652
internal_count=50000 13720 10339 137 36280 13824 197 13627 22456 16991 5465 3381 3331 50
is_linear=0
shrinkage=0.05


Tree=209
num_leaves=14
num_cat=0
split_feature=0 1 0 2 1 0 0 1 1 1 0 0 1
split_gain=112.556 16.4363 9.74292 0.595193 0.468742 2.31681e-05 0.000176833 1.45285e-05 3.58937e-06 1.55184e-07 1.77636e-15 8.88178e-16 8.88178e-16
threshold=-0.44853405638371174 1.1997436683544895 -0.45630484924917941 3.0957286437972882 1.2132879063987692 0.44645132186505937 0.45409552365868994 1.1997436683544895 1.1997436683544895 1.1997436683544895 -0.34714438882474136 -0.45630484924917941 1.1870294290036889
decision_type=2 2 2 2 2 2 2 2 2 2 2 2 2
left_child=1 11 4 -4 -3 9 7 -7 -8 10 -2 12 -1
right_child=5 2 3 -5 -6 6 8 -9 -10 -11 -12 -13 -14
leaf_value=-0.03341136845027954 -0.033411368450279477 0.0093363995928143588 0.0037811575369335591 0.022212913621005432 0.033662964607430901 -0.033411368450279463 -0.033411368450279533 -0.033845240097891575 -0.033442247090564606 -0.033416510635637595 -0.033411368450279533 -0.033411368450279533 -0.033411368450279227
leaf_weight=11.390579313971099 2.0795933390036252 2.0068568326532832 36.529266804456711 4.9766044914722434 149.1670169532299 0.20621177647262756 11.610771549865602 2.9996519470587373 49.67624644562602 63.27959435293451 17.02120934613049 0.18873620219528575 0.1922313170507558
leaf_count=3259 595 57 123 20 10256 59 3322 137 10202 16991 4870 54 55
internal_value=-4.23907e-05 0.0239446 0.0274487 0.00599115 0.03334 -0.0334329 -0.0334553 -0.0338173 -0.0334364 -0.0334153 -0.0334114 -0.0334114 -0.0334114
internal_weight=351.325 204.451 192.68 41.5059 151.174 146.873 64.4929 3.20586 61.287 82.3804 19.1008 11.7715 11.5828
internal_count=50000 13824 10456 143 10313 36176 13720 196 13524 22456 5465 3368 3314
is_linear=0
shrinkage=0.05


Tree=210
num_leaves=9
num_cat=0
split_feature=1 0 0 0 1 0 0 1
split_gain=42.1571 35.9253 68.1713 9.47419 0.632813 7.10543e-15 7.10543e-15 2.77556e-17
threshold=1.1997436683544895 0.45409552365868994 -0.45630484924917941 0.44645132186505937 1.2132879063987692 0.9923105776994251 0.57260836878758214 0.90653270645366535
decision_type=2 2 2 2 2 2 2 2
left_child=5 2 4 -4 -2 -1 -3 -7
right_child=1 6 3 -5 -6 7 -8 -9
leaf_value=0.0334787553105712 -0.00088069257307337606 -0.033539817010082261 0.024003576299089838 -0.00095337005184212937 -0.033539958920285988 0.0334787553105712 -0.033539817010082261 0.033478755310570943
leaf_weight=78.911745643243194 1.5069394800811995 20.264467835426331 157.54609986906871 50.126988053321838 94.1917734593153 0.19461956340819497 73.366918422281742 0.12974637560546398
leaf_count=12164 57 2208 17134 137 10256 30 7994 20
internal_value=0.000179976 -0.00646598 0.00188997 0.0179796 -0.0330257 0.0334788 -0.0335398 0.0334788
internal_weight=476.239 397.003 303.372 207.673 95.6987 79.2361 93.6314 0.324366
internal_count=50000 37786 27584 17271 10313 12214 10202 50
is_linear=0
shrinkage=0.05


Tree=211
num_leaves=15
num_cat=0
split_feature=0 1 0 2 0 0 1 1 1 1 0 0 0 2
split_gain=100.673 14.3382 13.9687 0.553178 1.35622e-05 7.44598e-05 6.60323e-06 2.92672e-06 1.22485e-07 1.42109e-14 3.55271e-15 8.88178e-16 8.88178e-16 8.88178e-16
threshold=0.44645132186505937 1.1997436683544895 0.45409552365868994 1.0803022117083982 -0.44853405638371174 -0.45630484924917941 1.1997436683544895 1.1997436683544895 1.1997436683544895 4.0756827735047834 0.14257566675885316 0.98483088504110572 0.97698929024845749 0.15599752421253868
decision_type=2 2 2 2 2 2 2 2 2 2 2 2 2 2
left_child=4 11 3 -3 5 7 -7 -1 13 -4 -10 12 -2 -6
right_child=1 2 9 -5 8 6 -8 -9 10 -11 -12 -13 -14 -15
leaf_value=-0.033405444084263006 -0.033405444084263013 0.0076373252415651563 0.033642973886525353 -0.0029081765439753875 -0.033405444084262818 -0.033405444084262916 -0.033723905437960416 -0.0334344377634593 -0.033410195496063909 0.033642973886525353 -0.033410195496063909 -0.033405444084262839 -0.03340544408426261 -0.033405444084263006
leaf_weight=10.707708124537019 10.407220238121221 27.695042222738266 96.173975239507854 22.570289224386215 0.63651735079475003 0.17447683727368657 2.4266042821109295 46.511250292416662 38.564880264457315 43.374722725711763 19.934885879047215 0.36510893725790161 0.15185946947895068 17.021184791810811
leaf_count=3314 3221 75 7031 62 197 54 143 10313 11201 3171 5790 113 47 5268
internal_value=-0.000204935 0.0222966 0.0255024 0.00290215 -0.0334231 -0.0334409 -0.0337025 -0.033429 -0.0334091 0.033643 -0.0334102 -0.0334054 -0.0334054 -0.0334054
internal_weight=336.716 200.738 189.814 50.2653 135.978 59.82 2.60108 57.219 76.1575 139.549 58.4998 10.9242 10.5591 17.6577
internal_count=50000 13720 10339 137 36280 13824 197 13627 22456 10202 16991 3381 3268 5465
is_linear=0
shrinkage=0.05


Tree=212
num_leaves=15
num_cat=0
split_feature=0 1 0 2 1 0 0 1 1 1 0 0 0 1
split_gain=104.751 15.1918 9.77526 0.612843 0.489408 2.03498e-05 0.000162297 1.28614e-05 2.94123e-06 1.2714e-07 3.55271e-15 1.77636e-15 8.88178e-16 8.88178e-16
threshold=-0.44853405638371174 1.1997436683544895 -0.45630484924917941 2.1615885756558892 1.2132879063987692 0.44645132186505937 0.45409552365868994 1.1997436683544895 1.1997436683544895 1.1997436683544895 0.43085841847561951 -0.047868113930184523 -0.47263813147917016 1.1612474784863989
decision_type=2 2 2 2 2 2 2 2 2 2 2 2 2 2
left_child=1 12 4 -4 -3 9 7 -7 -8 11 -11 -2 13 -1
right_child=5 2 3 -5 -6 6 8 -9 -10 10 -12 -13 -14 -15
leaf_value=-0.033406327473512132 -0.033406327473512111 0.0082747400134150686 0.0090069411746852152 -0.005395174450971138 0.033641647388064168 -0.033406327473512049 -0.033406327473512125 -0.03382790431409341 -0.033435223313919446 -0.033411139119739225 -0.033411139119739225 -0.033406327473512125 -0.033406327473512125 -0.033406327473512021
leaf_weight=9.9845823480281943 7.9274902101606157 1.9276495538651932 31.641094923019409 9.6359332203865034 139.69714425504208 0.19295458844862823 10.864324454683809 2.8996206456795335 46.491502217017114 58.222529541235417 0.98971678875386615 9.945337346987797 0.45785834547132154 0.57232293183915395
leaf_count=3053 2424 57 109 34 10256 59 3322 137 10202 16707 284 3041 140 175
internal_value=-5.0406e-05 0.0236217 0.027056 0.00564483 0.0332964 -0.0334271 -0.0334488 -0.0338016 -0.0334297 -0.03341 -0.0334111 -0.0334063 -0.0334063 -0.0334063
internal_weight=331.45 193.917 182.902 41.277 141.625 137.533 60.4484 3.09258 57.3558 77.0851 59.2122 17.8728 11.0148 10.5569
internal_count=50000 13824 10456 143 10313 36176 13720 196 13524 22456 16991 5465 3368 3228
is_linear=0
shrinkage=0.05


Tree=213
num_leaves=11
num_cat=0
split_feature=1 0 0 0 0 0 0 0 1 1
split_gain=39.3013 33.7177 63.2516 16.2837 9.1324 7.10543e-15 7.10543e-15 7.10543e-15 1.11022e-16 1.11022e-16
threshold=1.1997436683544895 0.45409552365868994 -0.44853405638371174 0.44645132186505937 -0.45630484924917941 0.96961651069136345 0.9923105776994251 0.93649130078297138 0.98642825849937743 4.5693699150039668
decision_type=2 2 2 2 2 2 2 2 2 2
left_child=5 2 4 -4 -2 -1 7 -3 -7 -8
right_child=1 6 3 -5 -6 8 9 -9 -10 -11
leaf_value=0.033469349529178252 -0.032977660754021948 -0.03352643966183462 0.033479710724964785 -0.00085800185399426436 -0.0043641402867071501 0.033469349529178252 -0.033526439661834627 -0.03352643966183462 0.033469349529178155 -0.033526439661834488
leaf_weight=72.882605292834342 89.653427118435502 77.584659039974213 110.94347443804145 50.125796675682068 40.475087016820908 0.9045821065083135 0.9964371621608723 8.796134948730467 0.36426125094294548 0.25769926607608795
leaf_count=12005 10313 9032 16991 137 143 149 116 1024 60 30
internal_value=0.000180716 -0.00633509 0.00184805 0.0227936 -0.0240777 0.0334693 -0.0335264 -0.0335264 0.0334693 -0.0335264
internal_weight=452.984 378.833 291.198 161.069 130.129 74.1514 87.6349 86.3808 1.26884 1.25414
internal_count=50000 37786 27584 17128 10456 12214 10202 10056 209 146
is_linear=0
shrinkage=0.05


Tree=214
num_leaves=14
num_cat=0
split_feature=0 1 0 2 0 0 1 1 1 0 0 0 0
split_gain=93.8138 13.2184 13.8472 0.550029 1.12348e-05 6.63364e-05 5.72576e-06 2.40763e-06 1.33862e-07 7.10543e-15 7.10543e-15 8.88178e-16 8.88178e-16
threshold=0.44645132186505937 1.1997436683544895 0.45409552365868994 0.31803970907125939 -0.44853405638371174 -0.45630484924917941 1.1997436683544895 1.1997436683544895 1.1997436683544895 0.8965292679762138 -0.34015455024508107 0.98483088504110572 0.40601430057245508
decision_type=2 2 2 2 2 2 2 2 2 2 2 2 2
left_child=4 11 3 -3 5 7 -7 -1 12 -4 -10 -2 -6
right_child=1 2 9 -5 8 6 -8 -9 10 -11 -12 -13 -14
leaf_value=-0.033400789824313805 -0.033400789824313812 -0.0095356286523280119 0.033622862784066058 0.0049693548009349664 -0.033400789824313798 -0.033400789824313708 -0.03370712031046829 -0.033427974451706186 -0.033405919266381881 0.033622862784066058 -0.033405919266381881 -0.033400789824313624 -0.033400789824313729
leaf_weight=10.019168649334459 9.8800975093618 7.7219546139240256 106.17069448251277 42.543440848588943 15.727131959516555 0.1632574251852924 2.3243507286533713 43.538528678938746 6.8717605331912628 24.471378260292113 48.385259447619319 0.34163127862848419 0.79512412636540908
leaf_count=3314 3268 21 8291 116 5202 54 143 10313 2113 1911 14878 113 263
internal_value=-0.000259268 0.0219167 0.0250423 0.00274105 -0.0334178 -0.0334346 -0.033687 -0.0334229 -0.0334047 0.0336229 -0.0334059 -0.0334008 -0.0334008
internal_weight=318.954 191.129 180.907 50.2654 127.825 56.0453 2.48761 53.5577 71.7793 130.642 55.257 10.2217 16.5223
internal_count=50000 13720 10339 137 36280 13824 197 13627 22456 10202 16991 3381 5465
is_linear=0
shrinkage=0.05


Tree=215
num_leaves=14
num_cat=0
split_feature=0 1 0 1 1 0 0 1 1 1 0 2 0
split_gain=98.2748 14.0984 9.31409 0.588305 0.496777 1.7441e-05 0.000148618 1.13634e-05 2.40933e-06 1.38896e-07 3.55271e-15 1.77636e-15 8.88178e-16
threshold=-0.44853405638371174 1.1997436683544895 -0.45630484924917941 1.9466597231044669 1.2132879063987692 0.44645132186505937 0.45409552365868994 1.1997436683544895 1.1997436683544895 1.1997436683544895 0.39776180242403719 4.6987214343005332 -0.49601024820604761
decision_type=2 2 2 2 2 2 2 2 2 2 2 2 2
left_child=1 12 4 -4 -3 9 7 -7 -8 11 -11 -2 -1
right_child=5 2 3 -5 -6 6 8 -9 -10 10 -12 -13 -14
leaf_value=-0.033401612402534558 -0.033401612402534551 0.0078564403668507504 0.018370779556034601 0.0032422107070308754 0.033621624637797803 -0.033401612402534475 -0.033401612402534558 -0.033810857817840885 -0.033428648498561635 -0.033406805858110282 -0.033406805858110282 -0.033401612402534489 -0.033401612402534558
leaf_weight=9.4710747711360437 15.885088574141264 1.8979830387979735 7.9437527954578391 33.635440349578857 130.78052189946175 0.18054714426398222 10.165722258388994 2.802997182123363 43.509787647984922 53.069516186602414 2.8605265826918176 0.83847317844629365 0.83541305735707183
leaf_count=3095 5191 57 30 113 10256 59 3322 137 10202 16122 869 274 273
internal_value=2.65259e-06 0.0234211 0.0267819 0.00613254 0.0332531 -0.0334218 -0.0334426 -0.0337861 -0.0334235 -0.0334056 -0.0334068 -0.0334016 -0.0334016
internal_weight=313.877 184.564 174.258 41.5792 132.679 129.313 56.6591 2.98354 53.6755 72.6536 55.93 16.7236 10.3065
internal_count=50000 13824 10456 143 10313 36176 13720 196 13524 22456 16991 5465 3368
is_linear=0
shrinkage=0.05


Tree=216
num_leaves=10
num_cat=0
split_feature=1 0 0 0 1 0 0 1 2
split_gain=36.6493 31.6409 58.1234 8.88658 0.664022 7.10543e-15 3.55271e-15 4.44089e-16 1.11022e-16
threshold=1.1997436683544895 0.45409552365868994 -0.45630484924917941 -0.44853405638371174 1.2132879063987692 0.94360478298292205 0.96961651069136345 2.2460981633447044 1.8287546422519059
decision_type=2 2 2 2 2 2 2 2 2
left_child=6 2 4 -4 -2 -3 -1 -7 -8
right_child=1 5 3 -5 -6 7 8 -9 -10
leaf_value=0.033460551933761525 0.00076879467747273606 -0.033513931906477085 -0.0040555732201195734 0.022325795890503344 -0.03351415747606231 -0.033513931906477099 0.033460551933761531 -0.033513931906477078 0.033460551933761441
leaf_weight=68.204135918058455 1.4370119106024493 73.811535379849374 40.27335387468338 153.92222092906013 82.55549231171608 2.797779578715561 0.77833957690745481 5.4106484381482005 0.40905437618494034
leaf_count=12005 57 9181 143 17128 10256 348 137 673 72
internal_value=0.000187381 -0.00622246 0.00182406 0.0168547 -0.0329276 -0.0335139 0.0334606 -0.0335139 0.0334606
internal_weight=429.6 360.208 278.188 194.196 83.9925 82.02 69.3915 8.20843 1.18739
internal_count=50000 37786 27584 17271 10313 10202 12214 1021 209
is_linear=0
shrinkage=0.05


Tree=217
num_leaves=15
num_cat=0
split_feature=0 1 0 1 0 0 1 1 1 0 0 0 0 2
split_gain=87.202 12.1814 13.6998 0.541419 9.7573e-06 6.05927e-05 4.19633e-06 1.9811e-06 1.09493e-07 7.10543e-15 3.55271e-15 1.77636e-15 8.88178e-16 8.88178e-16
threshold=0.44645132186505937 1.1997436683544895 0.45409552365868994 4.7133260369885788 -0.44853405638371174 -0.45630484924917941 1.3063090404026132 1.1997436683544895 1.1997436683544895 0.9923105776994251 -0.1607198069478398 0.39776180242403719 0.97698929024845749 7.4047540608315732
decision_type=2 2 2 2 2 2 2 2 2 2 2 2 2 2
left_child=4 12 3 -3 5 7 -7 -1 11 -4 -10 -6 13 -2
right_child=1 2 9 -5 8 6 -8 -9 10 -11 -12 -13 -14 -15
leaf_value=-0.033396433911618013 -0.033396433911618027 -0.000545066568652731 0.033604068812848317 0.011182568291006898 -0.033396433911618013 -0.033452492969772478 -0.03369437127359589 -0.033421925678552795 -0.033401229795277688 0.033604068812848317 -0.033401229795277688 -0.033396433911617944 -0.033396433911617882 -0.033396433911617264
leaf_weight=9.3747817124240083 9.0324918550904787 36.803027033805847 120.54804088175297 13.433491140604017 14.579850617330518 0.19523708196356837 2.198691220022738 40.755327793303877 16.943514123558998 1.7502002753317345 34.760373892495409 0.87976979860104698 0.45261468738317567 0.079207570292056384
leaf_count=3314 3193 99 10056 38 5154 57 140 10313 5568 146 11423 311 160 28
internal_value=-0.000260531 0.0215293 0.0245741 0.00259096 -0.0334128 -0.0334289 -0.0336746 -0.0334172 -0.0334001 0.0336041 -0.0334012 -0.0333964 -0.0333964 -0.0333964
internal_weight=301.787 182.099 172.535 50.2365 119.688 52.524 2.39393 50.1301 67.1635 122.298 51.7039 15.4596 9.56431 9.1117
internal_count=50000 13720 10339 137 36280 13824 197 13627 22456 10202 16991 5465 3381 3221
is_linear=0
shrinkage=0.05


Tree=218
num_leaves=13
num_cat=0
split_feature=0 1 0 2 1 0 0 1 1 1 0 0
split_gain=91.4172 13.0175 9.33918 0.587388 0.517784 1.54038e-05 0.000136218 1.00508e-05 1.97352e-06 1.13507e-07 3.55271e-15 8.88178e-16
threshold=-0.44853405638371174 1.1997436683544895 -0.45630484924917941 3.0957286437972882 1.2132879063987692 0.44645132186505937 0.45409552365868994 1.1997436683544895 1.1997436683544895 1.1997436683544895 0.42173230104982357 0.43085841847561951
decision_type=2 2 2 2 2 2 2 2 2 2 2 2
left_child=1 -1 4 -4 -3 9 7 -7 -8 11 -11 -2
right_child=5 2 3 -5 -6 6 8 -9 -10 10 -12 -13
leaf_value=-0.033397207099402297 -0.033397207099402304 0.0067768267950712273 0.0035815592499708632 0.02195631015079506 0.033603010278371585 -0.033397207099402214 -0.033397207099402297 -0.033794712789578865 -0.033422502677909631 -0.033402060632165165 -0.033402060632165165 -0.03339720709940211
leaf_weight=9.6436290144920331 15.338753156363961 1.8255614582449187 36.406881242990494 4.9394126236438742 122.47185215353966 0.16893530637025778 9.5119167417287809 2.7096172366291285 40.718290164135396 51.003083779243752 1.3305955789983261 0.30923750996589738
leaf_count=3368 5357 57 123 20 10256 59 3322 137 10202 16559 432 108
internal_value=-6.3244e-06 0.0230739 0.0263616 0.00577669 0.033209 -0.0334167 -0.0334369 -0.0337714 -0.0334177 -0.0334009 -0.0334021 -0.0333972
internal_weight=296.378 175.287 165.644 41.3463 124.297 121.09 53.1088 2.87855 50.2302 67.9817 52.3337 15.648
internal_count=50000 13824 10456 143 10313 36176 13720 196 13524 22456 16991 5465
is_linear=0
shrinkage=0.05


Tree=219
num_leaves=8
num_cat=0
split_feature=1 0 0 0 1 0 1
split_gain=34.168 29.6959 53.5991 8.57392 0.666838 7.10543e-15 5.55112e-17
threshold=1.1997436683544895 0.45409552365868994 -0.45630484924917941 0.44645132186505937 1.2132879063987692 0.9923105776994251 5.1770821035894672
decision_type=2 2 2 2 2 2 2
left_child=-1 2 4 -4 -2 -3 -7
right_child=1 5 3 -5 -6 6 -8
leaf_value=0.033452324298467354 0.00096758912504620791 -0.03350223796156894 0.022674934295097246 -0.0014574706689337695 -0.033502447878884081 -0.033502237961568947 -0.033502237961568759
leaf_weight=64.935803759843111 1.4290110561996687 75.663985189050436 138.32252512965351 50.150377005338669 77.263671219348907 0.91043578041717299 0.18810656620189548
leaf_count=12214 57 10056 17134 137 10256 121 25
internal_value=0.000187738 -0.00609283 0.0017825 0.0162536 -0.0328765 -0.0335022 -0.0335022
internal_weight=408.864 343.928 267.166 188.473 78.6927 76.7625 1.09854
internal_count=50000 37786 27584 17271 10313 10202 146
is_linear=0
shrinkage=0.05


Tree=220
num_leaves=14
num_cat=0
split_feature=0 1 0 1 0 0 1 1 1 0 0 0 0
split_gain=81.9137 11.3066 12.9026 0.543919 8.18623e-06 5.53538e-05 4.45828e-06 1.63097e-06 1.20689e-07 3.55271e-15 8.88178e-16 4.44089e-16 4.44089e-16
threshold=0.44645132186505937 1.1997436683544895 0.45409552365868994 2.3082499393114499 -0.44853405638371174 -0.45630484924917941 1.1997436683544895 1.1997436683544895 1.1997436683544895 0.43851370652444671 0.42173230104982357 0.9923105776994251 0.96961651069136345
decision_type=2 2 2 2 2 2 2 2 2 2 2 2 2
left_child=4 11 3 -3 5 7 -7 -1 10 -10 -6 12 -2
right_child=1 2 -4 -5 8 6 -8 -9 9 -11 -12 -13 -14
leaf_value=-0.033392361164561755 -0.033392361164561762 0.010439298427564473 0.033586502481231108 -0.00053947336904852108 -0.033392361164561755 -0.033392357131106845 -0.03368069882906663 -0.033416271754572735 -0.033397559873986536 -0.033397559873986536 -0.03339236116456161 -0.033392361164561304 -0.03339236116456161
leaf_weight=8.7717309710569662 8.3958752686157769 17.099365174770355 114.48236174695194 33.157637387514114 14.049592032097276 0.14292305801063721 2.1612680908292532 38.14971675677225 48.505918253213167 0.41170146665535767 0.41555876960046667 0.13234355719760138 0.4208525118883707
leaf_count=3314 3172 46 10202 91 5308 54 143 10313 16848 143 157 50 159
internal_value=-0.000192811 0.0213419 0.0243153 0.00319593 -0.0334083 -0.0334236 -0.0336628 -0.0334118 -0.0333964 -0.0333976 -0.0333924 -0.0333924 -0.0333924
internal_weight=286.297 173.688 164.739 50.257 112.608 49.2256 2.30419 46.9214 63.3828 48.9176 14.4652 8.94907 8.81673
internal_count=50000 13720 10339 137 36280 13824 197 13627 22456 16991 5465 3381 3331
is_linear=0
shrinkage=0.05


Tree=221
num_leaves=15
num_cat=0
split_feature=0 1 0 2 1 0 0 1 1 1 0 1 2 2
split_gain=85.2515 12.0137 9.34405 0.601546 0.523962 1.28917e-05 0.00012009 8.65324e-06 1.61666e-06 1.25116e-07 8.88178e-16 8.88178e-16 4.44089e-16 1.38778e-17
threshold=-0.44853405638371174 1.1997436683544895 -0.45630484924917941 2.1615885756558892 1.2132879063987692 0.44645132186505937 0.45409552365868994 1.1997436683544895 1.1997436683544895 1.1997436683544895 0.42173230104982357 1.1870294290036889 7.4047540608315732 1.5695952904026371
decision_type=2 2 2 2 2 2 2 2 2 2 2 2 2 2
left_child=1 11 4 -4 -3 9 7 -7 -8 10 -2 12 -1 -13
right_child=5 2 3 -5 -6 6 8 -9 -10 -11 -12 13 -14 -15
leaf_value=-0.03339308302330192 -0.033393083035073677 0.0064168095961673046 0.0087794216079978282 -0.0055118201996585646 0.033585513563610801 -0.033393083035073573 -0.03339308303507367 -0.033774143417030188 -0.033416751174359799 -0.033398344275353813 -0.033393083035073531 -0.033393083035072817 -0.033393083035072879 -0.033393083010759751
leaf_weight=8.798244786681602 14.220792710781094 1.8025061096996058 31.516217559576035 9.6079879403114301 114.64449931681156 0.15806834399700109 8.9000515043735486 2.5914790639653802 38.105014307424426 49.513496055733413 0.42062254250049669 0.06965723633766252 0.075015485286713424 0.080373734468594193
leaf_count=3284 5308 57 109 34 10256 59 3322 137 10202 16991 157 26 28 30
internal_value=-7.68553e-05 0.0227161 0.0259292 0.00544051 0.033165 -0.033412 -0.0334311 -0.0337522 -0.0334123 -0.0333971 -0.0333931 -0.0333931 -0.0333931 -0.0333931
internal_weight=280.504 166.595 157.571 41.1242 116.447 113.91 49.7546 2.74955 47.0051 64.1549 14.6414 9.02329 8.87326 0.150031
internal_count=50000 13824 10456 143 10313 36176 13720 196 13524 22456 5465 3368 3312 56
is_linear=0
shrinkage=0.05


Tree=222
num_leaves=10
num_cat=0
split_feature=1 0 0 0 1 0 0 0 0
split_gain=31.8466 27.8784 49.3847 8.25422 0.669268 7.10543e-15 3.55271e-15 3.55271e-15 3.55271e-15
threshold=1.1997436683544895 0.45409552365868994 -0.45630484924917941 -0.44853405638371174 1.2132879063987692 0.97698929024845749 0.9923105776994251 -0.3542665056535011 0.81885770267488323
decision_type=2 2 2 2 2 2 2 2 2
left_child=6 2 4 -4 -2 8 7 -1 -3
right_child=1 5 3 -5 -6 -7 -8 -9 -10
leaf_value=0.033444629529494931 0.0011485620024381238 -0.033491304274509769 -0.0043237241960401305 0.021263255279449264 -0.033491497959236782 -0.033491304274509769 0.033444629605432374 0.033444629605432374 -0.033491304274509769
leaf_weight=19.48221084009856 1.4218029752373684 48.102327918168157 40.426060259342194 143.06249121855944 72.309094808995724 3.0138773750513783 0.24875150993466277 41.034049078822136 20.723927838262171
leaf_count=3916 57 6831 143 17128 10256 428 50 8248 2943
internal_value=0.000188084 -0.00595316 0.00173811 0.015626 -0.0328235 -0.0334913 0.0334446 0.0334446 -0.0334913
internal_weight=389.825 329.06 257.219 183.489 73.7309 71.8401 60.765 60.5163 68.8263
internal_count=50000 37786 27584 17271 10313 10202 12214 12164 9774
is_linear=0
shrinkage=0.05


Tree=223
num_leaves=14
num_cat=0
split_feature=0 1 0 2 0 0 1 1 1 1 0 0 0
split_gain=76.3084 10.4065 12.7767 0.531761 6.80286e-06 4.93196e-05 3.18576e-06 1.3427e-06 1.27247e-07 1.42109e-14 8.88178e-16 4.44089e-16 4.44089e-16
threshold=0.44645132186505937 1.1997436683544895 0.45409552365868994 1.0803022117083982 -0.44853405638371174 -0.45630484924917941 1.3063090404026132 1.1997436683544895 1.1997436683544895 1.4061163219884738 0.43851370652444671 0.9923105776994251 0.98483088504110572
decision_type=2 2 2 2 2 2 2 2 2 2 2 2 2
left_child=4 11 3 -3 5 7 -7 -1 10 -4 -6 12 -2
right_child=1 2 9 -5 8 6 -8 -9 -10 -11 -12 -13 -14
leaf_value=-0.033388549548779664 -0.033388549548779671 0.007658899299050486 0.033570082529101437 -0.0026815248883554684 -0.033388549548779664 -0.033443135267417171 -0.03366666555421173 -0.033410977003543334 -0.033394061375511534 0.033570082529101437 -0.033388549548779206 -0.033388549548779178 -0.033388549548779282
leaf_weight=8.2073790938593429 8.0934565113857335 27.671616852283478 8.3716752929612976 22.577265799045563 13.403239485807713 0.17296615988016073 2.0318305408582091 35.710311952978373 46.264776294585317 98.789970050565898 0.13125862763263363 0.12382889399305064 0.1560244064312436
leaf_count=3314 3268 75 797 62 5412 57 140 10313 16991 9405 53 50 63
internal_value=-0.000253801 0.0209263 0.0238155 0.00301286 -0.0334039 -0.0334184 -0.0336491 -0.0334068 -0.0333928 0.0335701 -0.0333885 -0.0333885 -0.0333885
internal_weight=271.706 165.784 157.411 50.2489 105.922 46.1225 2.2048 43.9177 59.7993 107.162 13.5345 8.37331 8.24948
internal_count=50000 13720 10339 137 36280 13824 197 13627 22456 10202 5465 3381 3331
is_linear=0
shrinkage=0.05


Tree=224
num_leaves=15
num_cat=0
split_feature=0 1 0 2 1 0 0 1 1 1 1 0 0 1
split_gain=80.0207 11.1393 8.89326 0.575253 0.529834 1.1116e-05 0.000109854 7.6419e-06 1.32398e-06 1.31964e-07 8.88178e-16 4.44089e-16 4.44089e-16 6.93889e-18
threshold=-0.44853405638371174 1.1997436683544895 -0.45630484924917941 3.0957286437972882 1.2132879063987692 0.44645132186505937 0.45409552365868994 1.1997436683544895 1.1997436683544895 1.1997436683544895 1.1612474784863989 -0.45630484924917941 -0.6366003718401293 0.92798762616092789
decision_type=2 2 2 2 2 2 2 2 2 2 2 2 2 2
left_child=1 11 4 -4 -3 9 7 -7 -8 10 -2 12 -1 -13
right_child=5 2 3 -5 -6 6 8 -9 -10 -11 -12 13 -14 -15
leaf_value=-0.033389226914518282 -0.033389226914518282 0.0060719031284251108 0.0037369805603696769 0.021925849556334295 0.033569154372241554 -0.033389226914518177 -0.033389226914518282 -0.033759092391453943 -0.033411369564331148 -0.033394806079533511 -0.033389226914518177 -0.033389226135316932 -0.033389226914518282 -0.033389226135316419
leaf_weight=5.5900694942101827 13.105328841134902 1.7809408493340004 36.475664019584656 4.9351241290569297 107.31308695673943 0.14789869962260072 8.3274488160386664 2.5052250241860747 35.658681971952319 46.82835959456861 0.59410155611112792 0.070189219899474575 2.7173252608627072 0.065175704192370176
leaf_count=2230 5228 57 123 20 10256 59 3322 137 10202 16991 237 28 1084 26
internal_value=-1.63858e-05 0.022497 0.025632 0.00590464 0.0331203 -0.0334077 -0.033426 -0.0337385 -0.0334072 -0.0333935 -0.0333892 -0.0333892 -0.0333892 -0.0333892
internal_weight=266.115 158.948 150.505 41.4108 109.094 107.167 46.6393 2.65312 43.9861 60.5278 13.6994 8.44276 8.30739 0.135365
internal_count=50000 13824 10456 143 10313 36176 13720 196 13524 22456 5465 3368 3314 54
is_linear=0
shrinkage=0.05


Tree=225
num_leaves=11
num_cat=0
split_feature=1 0 0 0 1 0 0 0 2 2
split_gain=29.6865 26.1687 45.529 8.08188 0.671325 3.55271e-15 3.55271e-15 8.88178e-16 8.88178e-16 8.88178e-16
threshold=1.1997436683544895 0.45409552365868994 -0.45630484924917941 0.44645132186505937 1.2132879063987692 0.43085841847561951 0.87302043016584918 0.9923105776994251 5.5274013179829593 1.7386448769418787
decision_type=2 2 2 2 2 2 2 2 2 2
left_child=5 2 4 -4 -2 -1 -3 -8 9 -7
right_child=1 6 3 -5 -6 8 7 -9 -10 -11
leaf_value=0.033437433711274007 0.0013125528535442772 -0.033481078994854661 0.021695378310440799 -0.0019674187383720934 -0.033481263667220797 0.03343743373277052 -0.033481078994854661 -0.033481078994854599 0.033437433732770402 0.033437433732770513
leaf_weight=40.61837003659457 1.415332568809389 51.830737337004393 128.24099591514096 50.213554561138153 67.670510672032833 10.795877594500778 14.438797902781513 0.96214719023555595 0.49812803044915277 4.9486924894154081
leaf_count=8725 57 7865 17134 137 10256 2319 2191 146 107 1063
internal_value=0.000188111 -0.00581811 0.00169511 0.0150371 -0.0327685 0.0334374 -0.0334811 -0.0334811 0.0334374 0.0334374
internal_weight=371.633 314.772 247.54 178.455 69.0858 56.8611 67.2317 15.4009 16.2427 15.7446
internal_count=50000 37786 27584 17271 10313 12214 10202 2337 3489 3382
is_linear=0
shrinkage=0.05


Tree=226
num_leaves=15
num_cat=0
split_feature=0 1 0 2 0 0 1 1 1 0 0 0 0 1
split_gain=71.7134 9.6532 12.0461 0.542506 5.71913e-06 4.49924e-05 3.40962e-06 1.10642e-06 1.34642e-07 7.10543e-15 3.55271e-15 8.88178e-16 4.44089e-16 1.38778e-17
threshold=0.44645132186505937 1.1997436683544895 0.45409552365868994 1.7914226685012407 -0.44853405638371174 -0.45630484924917941 1.1997436683544895 1.1997436683544895 1.1997436683544895 0.91264619986966466 0.43085841847561951 0.43851370652444671 0.98483088504110572 1.0846167826823188
decision_type=2 2 2 2 2 2 2 2 2 2 2 2 2 2
left_child=4 12 3 -3 5 7 -7 -1 11 -4 -10 -6 -2 -14
right_child=1 2 9 -5 8 6 -8 -9 10 -11 -12 -13 13 -15
leaf_value=-0.03338498520000318 -0.03338498520000318 0.00062735425769814451 0.03355473022216842 0.012729972036651251 -0.03338498520000318 -0.0333849808501809 -0.033654048395448673 -0.033406031477981595 -0.033390838626113528 0.03355473022216842 -0.033390838626113528 -0.033384985200002694 -0.033384985200003041 -0.033384985200002458
leaf_weight=7.6792538720183066 7.5726619353517881 38.060822755098343 84.446379164233804 12.236320942640303 12.540773070417341 0.12511585978791062 1.9971530660986898 33.426589590962976 43.084304653806612 15.858890393748878 0.73238418158143659 0.12281244876794595 0.21550108934752632 0.04634432028979063
leaf_count=3314 3268 103 8589 34 5412 54 143 10313 16707 1613 284 53 93 20
internal_value=-0.00017995 0.0207263 0.0235412 0.00357169 -0.0334 -0.0334137 -0.0336382 -0.0334021 -0.0333895 0.0335547 -0.0333908 -0.033385 -0.033385 -0.033385
internal_weight=258.145 158.437 150.602 50.2971 99.7084 43.2281 2.12227 41.1058 56.4803 100.305 43.8167 12.6636 7.83451 0.261845
internal_count=50000 13720 10339 137 36280 13824 197 13627 22456 10202 16991 5465 3381 113
is_linear=0
shrinkage=0.05


Tree=227
num_leaves=15
num_cat=0
split_feature=0 1 0 2 1 0 0 1 1 1 0 0 0 0
split_gain=74.6122 10.2693 8.88942 0.587388 0.535401 9.31199e-06 9.6678e-05 6.56883e-06 1.08465e-06 1.39487e-07 3.55271e-15 8.88178e-16 4.44089e-16 1.11022e-16
threshold=-0.44853405638371174 1.1997436683544895 -0.45630484924917941 1.46289257134648 1.2132879063987692 0.44645132186505937 0.45409552365868994 1.1997436683544895 1.1997436683544895 1.1997436683544895 0.43851370652444671 0.42173230104982357 -0.52752153697499737 -0.45630484924917941
decision_type=2 2 2 2 2 2 2 2 2 2 2 2 2 2
left_child=1 12 4 -4 -3 9 7 -7 -8 11 -11 -2 -1 -14
right_child=5 2 3 -5 -6 6 8 -9 -10 10 -12 -13 13 -15
leaf_value=-0.033385619893796223 -0.03338561989379623 0.0057419113557691127 0.010196733136005526 -0.0021300855265113001 0.033553866706808023 -0.033385619893796119 -0.033385619893796223 -0.033739915019228857 -0.033406339027409686 -0.033391541741735205 -0.033391541741735205 -0.033385619893796063 -0.033385619893796188 -0.033385618228934814
leaf_weight=6.8252743757329881 12.449675734154876 1.7607705742120732 25.692475855350494 15.491034418344496 100.44672505557537 0.1383818516042078 7.7916018818505099 2.3964056000113487 33.368730028625578 43.97720805555582 0.37326333997771044 0.36823645257391113 0.94756386522203684 0.12665460119023808
leaf_count=2910 5308 57 89 54 10256 59 3322 137 10202 16848 143 157 404 54
internal_value=-9.30177e-05 0.0221147 0.0251722 0.00556004 0.0330747 -0.0334035 -0.0334209 -0.0337206 -0.0334024 -0.0333902 -0.0333915 -0.0333856 -0.0333856 -0.0333856
internal_weight=252.154 151.29 143.391 41.1835 102.207 100.864 43.6951 2.53479 41.1603 57.1684 44.3505 12.8179 7.89949 1.07422
internal_count=50000 13824 10456 143 10313 36176 13720 196 13524 22456 16991 5465 3368 458
is_linear=0
shrinkage=0.05


Tree=228
num_leaves=10
num_cat=0
split_feature=1 0 0 0 1 0 1 0 1
split_gain=27.6665 24.5701 41.9453 7.6109 0.673021 3.55271e-15 3.55271e-15 4.44089e-16 2.22045e-16
threshold=1.1997436683544895 0.45409552365868994 -0.45630484924917941 -0.44853405638371174 1.2132879063987692 0.69244416682462318 3.4035185657763902 0.8891792908347802 0.59104442319125894
decision_type=2 2 2 2 2 2 2 2 2
left_child=5 2 4 -4 -2 -1 -3 -7 -9
right_child=1 6 3 -5 -6 7 -8 8 -10
leaf_value=0.033430706962173949 0.0014604107107246702 -0.033471520493172917 -0.0045420262954817166 0.020192135685386192 -0.033471691778424677 0.033430706999573068 -0.033471520493172917 0.033430706999572964 0.033430706999573047
leaf_weight=44.986819121986628 1.4095480050891627 37.033792291767895 40.547343850135803 133.50716113345698 63.327989302575588 5.2492623729631287 25.883568068034947 0.4443359021097425 2.5266159139573574
leaf_count=10327 57 6005 143 17128 10256 1205 4197 102 580
internal_value=0.000188214 -0.00567416 0.00164993 0.0144301 -0.0327111 0.0334307 -0.0334715 0.0334307 0.0334307
internal_weight=354.916 301.709 238.792 174.055 64.7375 53.207 62.9174 8.22021 2.97095
internal_count=50000 37786 27584 17271 10313 12214 10202 1887 682
is_linear=0
shrinkage=0.05


Tree=229
num_leaves=14
num_cat=0
split_feature=0 1 0 1 0 0 1 1 1 2 0 0 2
split_gain=66.7961 8.8754 11.9249 0.520431 4.75831e-06 4.00588e-05 2.41721e-06 9.11351e-07 1.37537e-07 7.10543e-15 8.88178e-16 4.44089e-16 2.77556e-17
threshold=0.44645132186505937 1.1997436683544895 0.45409552365868994 5.9569411646293373 -0.44853405638371174 -0.45630484924917941 1.3063090404026132 1.1997436683544895 1.1997436683544895 2.7260912619661934 0.43851370652444671 0.97698929024845749 3.270143574816355
decision_type=2 2 2 2 2 2 2 2 2 2 2 2 2
left_child=4 11 3 -3 5 7 -7 -1 10 -4 -6 -2 -13
right_child=1 2 9 -5 8 6 -8 -9 -10 -11 -12 12 -14
leaf_value=-0.033381653422269363 -0.033381653422269363 0.0011602465590951187 0.033540384236847041 0.015111114825894249 -0.033381653422269363 -0.033434631492853958 -0.033641138722913348 -0.033401399770545182 -0.03338776153480804 0.033540384236847041 -0.033381653422268842 -0.033381653422269258 -0.033381653422268696
leaf_weight=7.1850397316738954 6.9834076571278265 42.326584607362747 77.448521107435226 7.9388358891010276 11.733685886487361 0.15327108325436656 1.8777324948459861 31.288687909953296 41.479797339998186 16.435724655166268 0.11490860162302929 0.29702789476141322 0.049865996930748224
leaf_count=3314 3221 114 8416 23 5412 57 140 10313 16991 1786 53 137 23
internal_value=-0.00024614 0.0202884 0.0230177 0.00336362 -0.0333962 -0.0334091 -0.0336256 -0.0333977 -0.0333864 0.0335404 -0.0333817 -0.0333817 -0.0333817
internal_weight=245.313 151.48 144.15 50.2654 93.8331 40.5047 2.031 38.4737 53.3284 93.8842 11.8486 7.3303 0.346894
internal_count=50000 13720 10339 137 36280 13824 197 13627 22456 10202 5465 3381 160
is_linear=0
shrinkage=0.05


Tree=230
num_leaves=15
num_cat=0
split_feature=0 1 0 1 1 0 0 1 1 1 0 0 0 0
split_gain=70.0655 9.51665 8.45579 0.558112 0.540662 8.06591e-06 8.84752e-05 5.80524e-06 8.88239e-07 1.42583e-07 3.55271e-15 8.88178e-16 4.44089e-16 4.44089e-16
threshold=-0.44853405638371174 1.1997436683544895 -0.45630484924917941 1.9466597231044669 1.2132879063987692 0.44645132186505937 0.45409552365868994 1.1997436683544895 1.1997436683544895 1.1997436683544895 0.35081401703043252 0.43851370652444671 -0.45630484924917941 -0.6366003718401293
decision_type=2 2 2 2 2 2 2 2 2 2 2 2 2 2
left_child=1 12 4 -4 -3 9 7 -7 -8 11 -11 -2 13 -1
right_child=5 2 3 -5 -6 6 8 -9 -10 10 -12 -13 -14 -15
leaf_value=-0.033382243989055468 -0.033382243989055475 0.0054265939657388122 0.017983437641567429 0.0031881683976112082 0.033539573079382469 -0.033382243989055357 -0.033382243989055475 -0.033726272297616586 -0.03340162741918417 -0.033388425582050317 -0.033388425582050317 -0.033382243989054962 -0.033382245752147134 -0.033382243989055461
leaf_weight=4.8937574657611549 11.87668852228671 1.7419060897082079 7.8671444058418265 33.585022151470184 94.016395717859268 0.12947609438560848 7.2901624669320872 2.3167017633095384 31.225243815686554 37.623775024432689 4.3613531405571839 0.11630903393961567 0.11850355658680101 2.3788489205762744
leaf_count=2230 5412 57 30 113 10256 59 3322 137 10202 15226 1765 53 54 1084
internal_value=-2.67962e-05 0.0218846 0.0248616 0.00599614 0.0330282 -0.0333997 -0.0334165 -0.0337081 -0.033398 -0.0333871 -0.0333884 -0.0333822 -0.0333822 -0.0333822
internal_weight=239.541 144.602 137.21 41.4522 95.7583 94.9397 40.9616 2.44618 38.5154 53.9781 41.9851 11.993 7.39111 7.27261
internal_count=50000 13824 10456 143 10313 36176 13720 196 13524 22456 16991 5465 3368 3314
is_linear=0
shrinkage=0.05


Tree=231
num_leaves=9
num_cat=0
split_feature=1 0 0 0 1 0 1 1
split_gain=25.7875 23.0656 38.6693 7.54592 0.674368 3.55271e-15 3.55271e-15 1.11022e-16
threshold=1.1997436683544895 0.45409552365868994 -0.45630484924917941 0.44645132186505937 1.2132879063987692 0.98483088504110572 6.3229228635826047 6.9117588050205816
decision_type=2 2 2 2 2 2 2 2
left_child=-1 2 4 -4 -2 6 -3 -7
right_child=1 5 3 -5 -6 7 -8 -9
leaf_value=0.033424411687908176 0.0015929870115391155 -0.033462580179681234 0.020705060258164373 -0.0023990529143200923 -0.033462739520143774 -0.033462580179681234 -0.033462580179681234 -0.033462580179681026
leaf_weight=49.787025440484285 1.4044005256146181 50.383260464295745 119.35088245337829 50.207228481769562 59.262819029390812 1.4716759929433454 6.885135135613381 0.13851068168878544
leaf_count=12214 57 8730 17134 137 10256 255 1193 24
internal_value=0.000188058 -0.00553563 0.00160651 0.0138638 -0.0326512 -0.0334626 -0.0334626 -0.0334626
internal_weight=338.891 289.104 230.225 169.558 60.6672 58.8786 57.2684 1.61019
internal_count=50000 37786 27584 17271 10313 10202 9923 279
is_linear=0
shrinkage=0.05


Tree=232
num_leaves=15
num_cat=0
split_feature=0 1 0 2 0 0 1 1 1 0 0 0 0 0
split_gain=62.8134 8.23083 11.2405 0.519577 4.008e-06 3.64874e-05 2.13596e-06 7.51364e-07 1.41333e-07 7.10543e-15 3.55271e-15 8.88178e-16 4.44089e-16 4.44089e-16
threshold=0.44645132186505937 1.1997436683544895 0.45409552365868994 1.0803022117083982 -0.44853405638371174 -0.45630484924917941 1.3063090404026132 1.1997436683544895 1.1997436683544895 0.96961651069136345 -0.41002466909369578 0.3899490917268062 0.97698929024845749 0.62114649165884261
decision_type=2 2 2 2 2 2 2 2 2 2 2 2 2 2
left_child=4 12 3 -3 5 7 -7 -1 11 -4 -10 -6 13 -2
right_child=1 2 9 -5 8 6 -8 -9 10 -11 -12 -13 -14 -15
leaf_value=-0.033378533731489378 -0.033378533731489378 0.0084784942559746595 0.033526966196277562 -0.0017395535925132874 -0.033378533731489385 -0.03343012895396779 -0.033630137217785891 -0.033397068982816858 -0.03338492566911179 0.033526966196277562 -0.03338492566911179 -0.033378533731489295 -0.033378533731489288 -0.033378533731489371
leaf_weight=6.7225692463107398 2.1745908968150607 27.658417731523514 82.918809472583234 22.612018048763275 10.357706267852333 0.14410872431471844 1.8110183421522377 29.287352047394961 1.7428274753037829 4.9525621114298692 37.583044547121972 0.72824452607892531 0.3245658054947852 4.3593244750518352
leaf_count=3314 1072 75 9627 62 5106 57 140 10313 753 575 16238 359 160 2149
internal_value=-0.000166453 0.0200848 0.0227392 0.00388234 -0.0333928 -0.033405 -0.0336154 -0.0333936 -0.0333835 0.033527 -0.0333849 -0.0333785 -0.0333785 -0.0333785
internal_weight=233.377 145 138.142 50.2704 88.3769 37.965 1.95513 36.0099 50.4118 87.8714 39.3259 11.086 6.85848 6.53392
internal_count=50000 13720 10339 137 36280 13824 197 13627 22456 10202 16991 5465 3381 3221
is_linear=0
shrinkage=0.05


Tree=233
num_leaves=13
num_cat=0
split_feature=0 1 0 2 1 0 0 1 1 1 2 2
split_gain=65.3203 8.76368 8.44215 0.562527 0.545619 6.77874e-06 7.80327e-05 4.62037e-06 7.27773e-07 1.46636e-07 8.88178e-16 4.44089e-16
threshold=-0.44853405638371174 1.1997436683544895 -0.45630484924917941 3.0957286437972882 1.2132879063987692 0.44645132186505937 0.45409552365868994 1.2262360876158989 1.1997436683544895 1.1997436683544895 4.9974851405645131 3.6544944742985348
decision_type=2 2 2 2 2 2 2 2 2 2 2 2
left_child=1 11 4 -4 -3 9 7 -7 -8 10 -2 -1
right_child=5 2 3 -5 -6 6 8 -9 -10 -11 -12 -13
leaf_value=-0.033379084695516835 -0.033379084679754943 0.0051256629757895911 0.0035034541537890661 0.021575110637253661 0.033526210115330961 -0.03340843959951012 -0.033379084679754943 -0.033709323622031183 -0.033397223354022246 -0.033385556111339643 -0.033379084679754811 -0.033379084687905368
leaf_weight=6.2090578763745716 10.746762169525024 1.7242637816816557 36.337633341550827 4.8850260078907004 87.994819447398186 0.13543743547052089 6.8209292944520703 2.2022377382963896 29.218931009992957 39.804978354601189 0.47430303040891963 0.70632139733061183
leaf_count=3024 5234 57 123 20 10256 60 3322 136 10202 16991 231 344
internal_value=-0.000109498 0.0214776 0.0243748 0.00564501 0.0329804 -0.0333961 -0.0334119 -0.0336919 -0.0333938 -0.0333841 -0.0333791 -0.0333791
internal_weight=227.261 137.857 130.942 41.2227 89.7191 89.4036 38.3775 2.33768 36.0399 51.026 11.2211 6.91538
internal_count=50000 13824 10456 143 10313 36176 13720 196 13524 22456 5465 3368
is_linear=0
shrinkage=0.05


Tree=234
num_leaves=9
num_cat=0
split_feature=1 0 0 0 1 0 0 1
split_gain=24.03 21.659 35.6224 6.97186 0.675378 3.55271e-15 3.55271e-15 2.22045e-16
threshold=1.1997436683544895 0.45409552365868994 -0.45630484924917941 -0.44853405638371174 1.2132879063987692 0.91264619986966466 0.96065120560420703 9.0515661528327698
decision_type=2 2 2 2 2 2 2 2
left_child=5 2 4 -4 -2 -1 -3 -8
right_child=1 6 3 -5 -6 -7 7 -9
leaf_value=0.033418526918054907 0.0017111321843471317 -0.033454222222298866 -0.0047153821693656263 0.019123640861132381 -0.03345436916547409 0.033418526979405498 -0.033454222222298866 -0.033454222222298664
leaf_weight=44.515053928131238 1.3998443000018586 51.209411182440817 40.633958011865616 125.07296813605353 55.457448706030846 2.0710897066164753 3.7426831838674839 0.14581882534548629
leaf_count=11671 57 9482 143 17128 10256 543 693 27
internal_value=0.000187911 -0.00538752 0.00156066 0.0132779 -0.0325886 0.0334185 -0.0334542 -0.0334542
internal_weight=324.248 277.662 222.564 165.707 56.8573 46.5861 55.0979 3.8885
internal_count=50000 37786 27584 17271 10313 12214 10202 720
is_linear=0
shrinkage=0.05


Tree=235
num_leaves=15
num_cat=0
split_feature=0 0 1 1 1 1 0 0 1 1 1 0 0 0
split_gain=58.4912 8.14625 10.4806 2.39824 2.09536 0.551406 3.3406e-06 3.24655e-05 1.84005e-06 6.19738e-07 1.4113e-07 7.10543e-15 3.55271e-15 8.88178e-16
threshold=0.44645132186505937 0.45409552365868994 1.1997436683544895 1.5031647535744987 1.9276783392520744 1.3896504211065126 -0.44853405638371174 -0.45630484924917941 1.3063090404026132 1.1997436683544895 1.1997436683544895 0.92885997002009535 0.3899490917268062 0.41368319527225988
decision_type=2 2 2 2 2 2 2 2 2 2 2 2 2 2
left_child=6 3 -3 5 -5 -2 7 9 -9 -1 13 -4 -12 -8
right_child=1 2 11 4 -6 -7 10 8 -10 -11 12 -13 -14 -15
leaf_value=-0.033375618288274192 -0.022805924213276301 -0.033375618288274192 0.033514425549165817 0.030935097497182113 0.0019553320991891692 -0.065477261696244626 -0.033375618288274199 -0.033426436742287291 -0.033617619784090495 -0.033393020675752609 -0.033382212543163765 0.033514425549165817 -0.033382212543163765 -0.033375618288274046
leaf_weight=6.2898104053456327 2.3413159281481053 6.3049940152559421 71.656597956083715 7.4066398441791526 39.514052122831345 1.1188644766807554 9.9661419548792729 0.13569628307595749 1.7353079030290244 27.413912340532988 35.031711095245555 10.584442920051513 2.232660232577472 0.40616156510077495
leaf_count=3314 65 3322 8889 20 108 3 5251 57 140 10313 15973 1313 1018 214
internal_value=-0.000237786 0.0196187 0.0287515 0.00356747 0.00652992 -0.0366039 -0.0333894 -0.033401 -0.0336038 -0.0333898 -0.0333808 0.0335144 -0.0333822 -0.0333756
internal_weight=222.138 138.927 88.546 50.3809 46.9207 3.46018 83.2114 35.5747 1.871 33.7037 47.6367 82.241 37.2644 10.3723
internal_count=50000 13720 13524 196 128 68 36280 13824 197 13627 22456 10202 16991 5465
is_linear=0
shrinkage=0.05


Tree=236
num_leaves=15
num_cat=0
split_feature=0 1 0 2 1 0 0 1 1 1 0 0 0 2
split_gain=61.3699 8.11741 8.0235 0.580854 0.550274 5.89106e-06 7.12505e-05 2.28173e-06 5.95918e-07 1.46382e-07 3.55271e-15 8.88178e-16 8.88178e-16 5.55112e-17
threshold=-0.44853405638371174 1.1997436683544895 -0.45630484924917941 2.1615885756558892 1.2132879063987692 0.44645132186505937 0.45409552365868994 1.3345772090209429 1.1997436683544895 1.1997436683544895 0.39776180242403719 -0.95975564629840959 0.43851370652444671 0.20504564313579218
decision_type=2 2 2 2 2 2 2 2 2 2 2 2 2 2
left_child=1 11 4 -4 -3 9 7 -7 -8 12 -11 13 -2 -1
right_child=5 2 3 -5 -6 6 8 -9 -10 10 -12 -13 -14 -15
leaf_value=-0.033376133227099057 -0.033376133227099675 0.0048387983101862509 0.0093208187591234514 -0.0046671653376472158 0.033513714157871854 -0.033516886136068326 -0.033376133227099668 -0.033695604359057878 -0.033393101782015613 -0.033382808504604171 -0.033382808504604171 -0.033376133209524372 -0.033376133227099085 -0.033376133227099584
leaf_weight=0.048027106095105299 10.396907927468416 1.7077651731669892 31.783403515815735 9.6825035214424116 82.356388285756111 0.19554078055079971 6.3818418579176059 2.0606964817270637 27.341076495591551 35.789280725643039 1.929095952771603 6.0379678097087881 0.10181746492162425 0.38421684876084328
leaf_count=25 5412 57 109 34 10256 64 3322 132 10202 16122 869 3143 53 200
internal_value=-3.75041e-05 0.0212381 0.0240531 0.00605455 0.0329312 -0.0333928 -0.0334081 -0.0336801 -0.0333899 -0.0333814 -0.0333828 -0.0333761 -0.0333761 -0.0333761
internal_weight=216.197 132 125.53 41.4659 84.0642 84.1963 35.9792 2.25624 33.7229 48.2171 37.7184 6.47021 10.4987 0.432244
internal_count=50000 13824 10456 143 10313 36176 13720 196 13524 22456 16991 3368 5465 225
is_linear=0
shrinkage=0.05


Tree=237
num_leaves=14
num_cat=0
split_feature=1 0 0 0 1 0 0 0 0 0 0 0 1
split_gain=22.3965 20.3346 32.838 6.99309 0.676063 1.84741e-13 1.42091e-11 3.55271e-15 3.55271e-15 8.88178e-16 8.88178e-16 8.88178e-16 1.38778e-17
threshold=1.1997436683544895 0.45409552365868994 -0.45630484924917941 0.44645132186505937 1.2132879063987692 0.44645132186505937 0.45409552365868994 -0.079822990777256173 0.87302043016584918 0.96961651069136345 0.43851370652444671 0.88140726736234032 0.96316367032528827
decision_type=2 2 2 2 2 2 2 2 2 2 2 2 2
left_child=5 2 4 -4 -2 7 12 -1 -3 -8 -9 -10 -7
right_child=1 8 3 -5 -6 6 9 10 11 -11 -12 -13 -14
leaf_value=0.033413021422907398 0.0018156879518982337 -0.033446402104048457 0.019711915788366986 -0.0027564943542165883 -0.033446542883120996 0.033413434828255477 0.033413021521127677 0.03341302152112767 -0.033446402104048457 0.033413021521127594 0.033413021521127358 -0.033446402104048457 0.033413434828255005
leaf_weight=19.960802672430873 1.3958362415432919 39.748243722133338 111.49437129031867 50.23399743437767 51.895420849323273 0.13990651443600555 11.10996918706223 11.374067394528538 0.71258771326392789 0.7458989913575359 0.18915141886100251 11.098174598067997 0.071746930480003357
leaf_count=5593 57 7865 17134 137 10256 39 3113 3187 141 209 53 2196 20
internal_value=0.000187548 -0.00524556 0.00151665 0.0127331 -0.0325229 0.033413 0.033413 0.033413 -0.0334464 0.033413 0.033413 -0.0334464 0.0334134
internal_weight=310.17 266.579 215.02 161.728 53.2913 43.5915 12.0675 31.524 51.559 11.8559 11.5632 11.8108 0.211653
internal_count=50000 37786 27584 17271 10313 12214 3381 8833 10202 3322 3240 2337 59
is_linear=0
shrinkage=0.05


Tree=238
num_leaves=15
num_cat=0
split_feature=0 0 1 1 1 1 0 0 1 1 1 1 0 0
split_gain=55.0321 7.64287 9.80183 2.24473 1.9599 0.518147 2.82171e-06 2.95598e-05 1.61661e-06 5.11384e-07 1.42071e-07 7.10543e-15 1.77636e-15 8.88178e-16
threshold=0.44645132186505937 0.45409552365868994 1.1997436683544895 1.5031647535744987 1.9276783392520744 1.3896504211065126 -0.44853405638371174 -0.45630484924917941 1.3063090404026132 1.1997436683544895 1.1997436683544895 12.394136782264253 0.43851370652444671 0.43851370652444671
decision_type=2 2 2 2 2 2 2 2 2 2 2 2 2 2
left_child=6 3 -3 5 -5 -2 7 9 -9 -1 13 -4 -12 -8
right_child=1 2 11 4 -6 -7 10 8 -10 -11 12 -13 -14 -15
leaf_value=-0.033372888906225348 -0.021490307893422475 -0.033372888906225362 0.033502696777415027 0.03052137441383191 0.0024885372515093319 -0.062925975091075809 -0.033372888906225376 -0.033423018853252322 -0.033607501330173151 -0.033389231125437034 -0.033379718402056058 0.033502696777415027 -0.033379718402056058 -0.033372888906224737
leaf_weight=5.8848619845230159 2.3341074994532387 5.8990680484566829 76.260063080117106 7.4023678898811331 39.537906736135483 1.1148320734500883 9.6104022511281038 0.12781883007846673 1.6738448925316332 25.660241143312305 35.068576835095882 0.70918539073318143 0.29764995770528813 0.094115173560567977
leaf_count=3314 65 3322 10108 20 108 3 5412 57 140 10313 16848 94 143 53
internal_value=-0.000152408 0.0194047 0.0287421 0.00404867 0.00690925 -0.0348839 -0.0333864 -0.0333974 -0.0335944 -0.0333862 -0.0333782 0.0335027 -0.0333797 -0.0333729
internal_weight=211.675 133.258 82.8683 50.3892 46.9403 3.44894 78.4175 33.3468 1.80166 31.5451 45.0707 76.9692 35.3662 9.70452
internal_count=50000 13720 13524 196 128 68 36280 13824 197 13627 22456 10202 16991 5465
is_linear=0
shrinkage=0.05


Tree=239
num_leaves=13
num_cat=0
split_feature=0 1 0 1 2 0 0 1 1 1 0 0
split_gain=57.2056 7.46665 7.99997 0.55463 0.551751 4.96079e-06 6.28325e-05 2.50124e-06 4.87923e-07 1.47278e-07 1.77636e-15 4.44089e-16
threshold=-0.44853405638371174 1.1997436683544895 -0.45630484924917941 1.2132879063987692 3.0957286437972882 0.44645132186505937 0.45409552365868994 1.2527191896289553 1.1997436683544895 1.1997436683544895 0.41368319527225988 -0.45630484924917941
decision_type=2 2 2 2 2 2 2 2 2 2 2 2
left_child=1 11 3 -3 -4 9 7 -7 -8 -2 -11 -1
right_child=5 2 4 -5 -6 6 8 -9 -10 10 -12 -13
leaf_value=-0.033373371149585121 -0.033373371149585128 0.004565640637155241 0.0035808830915822348 0.033502035379378382 0.021495643241698541 -0.033470042246370513 -0.033373371149585107 -0.033680035481547785 -0.033389244686769536 -0.033380282686308993 -0.033380282686308993 -0.03337337329557323
leaf_weight=5.9565919195301831 9.8228047194424999 1.6923367865383614 36.36585721373558 77.077022537589073 4.8739863634109488 0.15259912563487832 5.9709711396135416 2.0042814901098609 25.583513859659433 34.592011385131627 1.2051057014614333 0.097059766994788244
leaf_count=3314 5465 57 123 10256 20 62 3322 134 10202 16419 572 54
internal_value=-0.000126153 0.0208065 0.0235395 0.0328803 0.00569816 -0.0333895 -0.0334041 -0.0336652 -0.0333862 -0.0333788 -0.0333803 -0.0333734
internal_weight=205.394 126.063 120.009 78.7694 41.2398 79.3313 33.7114 2.15688 31.5545 45.6199 35.7971 6.05365
internal_count=50000 13824 10456 10313 143 36176 13720 196 13524 22456 16991 3368
is_linear=0
shrinkage=0.05


Tree=240
num_leaves=13
num_cat=0
split_feature=1 0 0 0 1 0 0 0 0 0 0 1
split_gain=20.8694 19.0954 30.2528 6.37985 0.676434 7.10543e-13 5.42046e-11 3.55271e-15 3.55271e-15 8.88178e-16 8.88178e-16 8.88178e-16
threshold=1.1997436683544895 0.45409552365868994 -0.45630484924917941 0.44645132186505937 1.2132879063987692 0.44645132186505937 0.45409552365868994 -0.007577010347176504 0.88140726736234032 0.98483088504110572 0.40601430057245508 8.4779769100837754
decision_type=2 2 2 2 2 2 2 2 2 2 2 2
left_child=5 2 4 -4 -2 7 -7 -1 -3 -8 -9 -10
right_child=1 8 3 -5 -6 6 9 10 11 -11 -12 -13
leaf_value=0.033407871995839424 0.0019074820601318581 -0.033439092329876102 0.019015363113786717 -0.0025542250330811752 -0.033439226038472672 0.033408704243720153 0.033407872099732096 0.033407872099732082 -0.033439092329876109 0.033407872099731936 0.033407872099732026 -0.033439092329875984
leaf_weight=20.10623454186134 1.3923359252512444 37.861365031450987 108.10833896370605 50.201277941465378 48.561295226216316 0.199208814650773 10.715993546182286 8.512018556939438 9.8791395891457761 0.37734723300673145 0.87825063965283412 0.50601624511182386
leaf_count=6021 57 8006 17134 137 10256 59 3209 2549 2089 113 263 107
internal_value=0.000187197 -0.00509541 0.00147072 0.0121755 -0.032454 0.0334079 0.0334079 0.0334079 -0.0334391 0.0334079 0.0334079 -0.0334391
internal_weight=297.299 256.51 208.263 158.31 49.9536 40.7891 11.2925 29.4965 48.2465 11.0933 9.39027 10.3852
internal_count=50000 37786 27584 17271 10313 12214 3381 8833 10202 3322 2812 2196
is_linear=0
shrinkage=0.05


Tree=241
num_leaves=15
num_cat=0
split_feature=0 0 1 1 1 1 0 0 1 1 1 1 1 0
split_gain=51.2416 7.58863 9.16718 2.09964 1.83603 0.489031 2.3567e-06 2.62972e-05 1.39243e-06 4.22273e-07 1.39492e-07 7.10543e-15 1.77636e-15 8.88178e-16
threshold=0.44645132186505937 0.45409552365868994 1.1997436683544895 1.5031647535744987 1.9276783392520744 1.3896504211065126 -0.44853405638371174 -0.45630484924917941 1.3063090404026132 1.1997436683544895 1.1997436683544895 14.084466545577472 1.2786990606158777 0.42173230104982357
decision_type=2 2 2 2 2 2 2 2 2 2 2 2 2 2
left_child=6 3 -3 5 -5 -2 7 9 -9 -1 13 -4 -12 -8
right_child=1 2 11 4 -6 -7 10 8 -10 -11 12 -13 -14 -15
leaf_value=-0.033370337203990012 -0.020893828430080103 -0.033370337203990061 0.03349173330793781 0.029447686202726565 0.0022929959160618101 -0.061230820012209398 -0.033370337203990068 -0.033419695707119133 -0.033596004494498392 -0.033385689328297427 -0.033377323168645598 0.03349173330793781 -0.033377323168645598 -0.033370337203989832
leaf_weight=5.5059423577040496 2.3274024176644157 5.5192337092012158 71.715710606426001 7.3883512914180747 39.529708355665207 1.1096438765525816 8.8188117183744872 0.12039137841202219 1.6041481187567113 24.018716890830547 1.0483368651475746 0.31773230060934921 32.496468550525606 0.26084277313202697
leaf_count=3314 65 3322 10157 20 108 3 5308 57 140 10313 531 45 16460 157
internal_value=-0.000228838 0.0189198 0.0287333 0.00380574 0.00656914 -0.0339165 -0.0333835 -0.0333939 -0.0335837 -0.0333828 -0.0333758 0.0334917 -0.0333773 -0.0333703
internal_weight=201.781 127.908 77.5527 50.3551 46.9181 3.43705 73.8737 31.2492 1.72454 29.5247 42.6245 72.0334 33.5448 9.07965
internal_count=50000 13720 13524 196 128 68 36280 13824 197 13627 22456 10202 16991 5465
is_linear=0
shrinkage=0.05


Tree=242
num_leaves=15
num_cat=0
split_feature=0 1 0 2 1 0 0 1 1 1 0 0 0 1
split_gain=53.7724 6.9124 7.59776 0.567647 0.558689 4.33407e-06 5.74096e-05 2.14259e-06 3.99717e-07 1.44718e-07 1.77636e-15 8.88178e-16 4.44089e-16 4.44089e-16
threshold=-0.44853405638371174 1.1997436683544895 -0.45630484924917941 2.1615885756558892 1.2132879063987692 0.44645132186505937 0.45409552365868994 1.2527191896289553 1.1997436683544895 1.1997436683544895 -0.18930339706496821 0.43851370652444671 -0.45630484924917941 1.0846167826823188
decision_type=2 2 2 2 2 2 2 2 2 2 2 2 2 2
left_child=1 12 4 -4 -3 9 7 -7 -8 11 -11 -2 13 -1
right_child=5 2 3 -5 -6 6 8 -9 -10 10 -12 -13 -14 -15
leaf_value=-0.033370788056937821 -0.033370788056937835 0.0043058161565886826 0.0093106393162017322 -0.0045147568701602806 0.033491111344014411 -0.033468958263419939 -0.033370788056937807 -0.033668353898447211 -0.033385641331665272 -0.03337786071431318 -0.03337786071431318 -0.033370788056937162 -0.033370786890207477 -0.033370788056937793
leaf_weight=4.7692180001176894 9.1012016278691554 1.6779097076505411 31.778031021356583 9.687847435474394 72.134146891534328 0.14479485538322778 5.5865099423099336 1.9372007604688404 23.938582636415958 9.9016928509809059 24.051821423694491 0.089128545136191728 0.090810247231273844 0.80383857688866545
leaf_count=2836 5412 57 109 34 10256 62 3322 134 10202 4955 12036 53 54 478
internal_value=-4.8436e-05 0.020557 0.0232066 0.00608055 0.0328277 -0.0333867 -0.0334007 -0.0336545 -0.0333828 -0.0333764 -0.0333779 -0.0333708 -0.0333708 -0.0333708
internal_weight=195.693 120.942 115.278 41.4659 73.8121 74.7509 31.6071 2.082 29.5251 43.1438 33.9535 9.19033 5.66387 5.57306
internal_count=50000 13824 10456 143 10313 36176 13720 196 13524 22456 16991 5465 3368 3314
is_linear=0
shrinkage=0.05


Tree=243
num_leaves=12
num_cat=0
split_feature=1 0 0 0 1 0 0 0 2 0 2
split_gain=19.4459 17.9322 27.8721 6.35063 0.676501 1.43885e-12 1.09322e-10 3.55271e-15 3.55271e-15 8.88178e-16 2.22045e-16
threshold=1.1997436683544895 0.45409552365868994 -0.45630484924917941 -0.44853405638371174 1.2132879063987692 0.44645132186505937 0.45409552365868994 -0.02344797685621591 0.22372378240418186 0.43851370652444671 0.21779767925105317
decision_type=2 2 2 2 2 2 2 2 2 2 2
left_child=5 2 4 -4 -2 7 -7 -1 10 -9 -3
right_child=1 8 3 -5 -6 6 -8 9 -10 -11 -12
leaf_value=0.033403058505521076 0.0019873216041342632 -0.033432256472503398 -0.0052592858534997369 0.017692023380275521 -0.033432378987505673 0.033404276621622431 0.033403058628190409 0.033403058628190395 -0.033432256472503405 0.033403058628190048 -0.033432256472503197
leaf_weight=18.528505333699286 1.3893053699284781 3.31891409587115 40.953116983175278 114.14941349555738 45.440610647201538 0.18755678227171202 10.379729525651781 8.9049455593340099 41.681135825347155 0.16560074198059815 0.14603222021833051
leaf_count=5930 57 750 143 17128 10256 59 3322 2850 9419 53 33
internal_value=0.000186718 -0.00494423 0.00142485 0.011632 -0.0323816 0.0334031 0.0334031 0.0334031 -0.0334323 0.0334031 -0.0334323
internal_weight=285.245 247.079 201.932 155.103 46.8299 38.1663 10.5673 27.5991 45.1461 9.07055 3.46495
internal_count=50000 37786 27584 17271 10313 12214 3381 8833 10202 2903 783
is_linear=0
shrinkage=0.05


Tree=244
num_leaves=15
num_cat=0
split_feature=0 0 1 1 1 1 0 0 1 1 1 1 0 0
split_gain=47.7178 7.51633 8.57377 1.96487 1.72103 0.463243 1.96769e-06 2.33857e-05 1.20339e-06 3.48756e-07 1.36355e-07 7.10543e-15 1.77636e-15 8.88178e-16
threshold=0.44645132186505937 0.45409552365868994 1.1997436683544895 1.5031647535744987 1.9276783392520744 1.3896504211065126 -0.44853405638371174 -0.45630484924917941 1.3063090404026132 1.1997436683544895 1.1997436683544895 1.6894323429064406 0.43085841847561951 0.42173230104982357
decision_type=2 2 2 2 2 2 2 2 2 2 2 2 2 2
left_child=6 3 -3 5 -5 -2 7 9 -9 -1 13 -4 -12 -8
right_child=1 2 11 4 -6 -7 10 8 -10 -11 12 -13 -14 -15
leaf_value=-0.033367948677621904 -0.020311171875365488 -0.033367948677621953 0.033481480327831999 0.028428110705210514 0.0021111820383904151 -0.059671158046987298 -0.03336794867762196 -0.033416132488167896 -0.033584992733950561 -0.033382372099498923 -0.03337507854212398 0.033481480327831999 -0.033375078542123987 -0.03336794867762171
leaf_weight=5.1513840956613484 2.3207328204298387 5.1638195430859914 12.158292494714258 7.37103646993637 39.521513998508453 1.1027672886848447 8.250919366255399 0.11328296572901209 1.5376561768352983 22.482202390674502 31.30681857070886 55.254153174348176 0.53218031208962102 0.2440456557087608
leaf_count=3314 65 3322 1840 20 108 3 5308 57 140 10313 16707 8362 284 157
internal_value=-0.000307062 0.0184292 0.0287251 0.00357821 0.00624794 -0.0329897 -0.0333807 -0.0333906 -0.0335734 -0.0333797 -0.0333736 0.0334815 -0.0333751 -0.0333679
internal_weight=192.511 122.892 72.5763 50.3161 46.8926 3.4235 69.6185 29.2845 1.65094 27.6336 40.334 67.4124 31.839 8.49497
internal_count=50000 13720 13524 196 128 68 36280 13824 197 13627 22456 10202 16991 5465
is_linear=0
shrinkage=0.05


Tree=245
num_leaves=15
num_cat=0
split_feature=0 1 0 1 1 0 0 1 1 1 0 0 0 0
split_gain=50.5615 6.39768 7.21918 0.562456 0.535155 3.79597e-06 5.24425e-05 1.83321e-06 3.27381e-07 1.41506e-07 1.77636e-15 8.88178e-16 4.44089e-16 4.44089e-16
threshold=-0.44853405638371174 1.1997436683544895 -0.45630484924917941 1.2132879063987692 3.9209472303139958 0.44645132186505937 0.45409552365868994 1.2527191896289553 1.1997436683544895 1.1997436683544895 0.10190641525932721 0.43085841847561951 -0.45630484924917941 -0.47263813147917016
decision_type=2 2 2 2 2 2 2 2 2 2 2 2 2 2
left_child=1 12 3 -3 -4 9 7 -7 -8 11 -11 -2 13 -1
right_child=5 2 4 -5 -6 6 8 -9 -10 10 -12 -13 -14 -15
leaf_value=-0.033368370365152659 -0.033368370365152666 0.0040589172251373831 0.011092010549296115 0.033480902527218838 -0.00045544192962653559 -0.033467911752759226 -0.033368370365152639 -0.033657109997930638 -0.033382267418123404 -0.033375589785313943 -0.033375589785313943 -0.033368370365152313 -0.033368369119013822 -0.033368370365152437
leaf_weight=5.0788679011166096 8.4285921147093141 1.6644193530082692 24.853495627641678 67.506551921367645 16.826079517602921 0.13742943434045019 5.2267655413597849 1.8723911466076968 22.399111679755151 19.847132217139006 12.379800456925294 0.16992494836449701 0.08496250561438401 0.13531060703098763
leaf_count=3228 5357 57 88 10256 55 62 3322 134 10202 10464 6527 108 54 86
internal_value=3.13612e-05 0.0203025 0.0228682 0.0327729 0.00643029 -0.033384 -0.0333976 -0.0336442 -0.0333796 -0.0333741 -0.0333756 -0.0333684 -0.0333684 -0.0333684
internal_weight=186.611 116.15 110.851 69.171 41.6796 70.4611 29.6357 2.00982 27.6259 40.8254 32.2269 8.59852 5.29914 5.21418
internal_count=50000 13824 10456 10313 143 36176 13720 196 13524 22456 16991 5465 3368 3314
is_linear=0
shrinkage=0.05


Tree=246
num_leaves=10
num_cat=0
split_feature=1 0 0 0 1 0 0 0 0
split_gain=18.1227 16.8366 25.6974 5.86662 0.676275 2.28617e-12 1.72656e-10 3.55271e-15 8.88178e-16
threshold=1.1997436683544895 0.45409552365868994 -0.45630484924917941 0.44645132186505937 1.2132879063987692 0.44645132186505937 0.45409552365868994 0.96961651069136345 0.9923105776994251
decision_type=2 2 2 2 2 2 2 2 2
left_child=5 2 4 -4 -2 -1 -7 -3 -8
right_child=1 7 3 -5 -6 6 8 -9 -10
leaf_value=0.03339855631229284 0.0020559960045653438 -0.033425863324611137 0.018041330922857503 -0.0028566773908527952 -0.03342597484751441 0.033400133743392645 0.033398556401056489 -0.033425863324611137 0.033398556401056073
leaf_weight=25.823364740703255 1.3867089636623848 39.863265121355653 101.54405180434696 50.177812129259109 42.519794225692749 0.17664353991858561 9.5657370314002002 2.3809470701962701 0.14617568813264448
leaf_count=8833 57 9627 17134 137 10256 59 3272 575 50
internal_value=0.000186089 -0.00480012 0.00138136 0.0111299 -0.0323053 0.0333986 0.0333986 -0.0334259 0.0333986
internal_weight=273.585 237.873 195.628 151.722 43.9065 35.7119 9.88856 42.2442 9.71191
internal_count=50000 37786 27584 17271 10313 12214 3381 10202 3322
is_linear=0
shrinkage=0.05


Tree=247
num_leaves=15
num_cat=0
split_feature=0 0 1 1 1 1 0 0 1 1 1 1 0 0
split_gain=44.934 7.05303 8.01891 1.84305 1.61285 0.442219 1.66906e-06 2.12366e-05 1.05651e-06 2.88428e-07 1.3379e-07 7.10543e-15 1.77636e-15 4.44089e-16
threshold=0.44645132186505937 0.45409552365868994 1.1997436683544895 1.5031647535744987 2.3082499393114499 1.3896504211065126 -0.44853405638371174 -0.45630484924917941 1.3063090404026132 1.1997436683544895 1.1997436683544895 5.4394547649138589 0.41368319527225988 0.47000930872521945
decision_type=2 2 2 2 2 2 2 2 2 2 2 2 2 2
left_child=6 3 13 5 -5 -2 7 9 -9 -1 -8 -4 -12 -3
right_child=1 2 11 4 -6 -7 10 8 -10 -11 12 -13 -14 -15
leaf_value=-0.03336571466628431 -0.019131125956498862 -0.033365714666284359 0.033471894481219712 0.021021262658695736 0.00063620329491754417 -0.057751036041442376 -0.033365714666284359 -0.033413090163000446 -0.033575979164596439 -0.033379274749459488 -0.033373004194937855 0.033471894481219712 -0.033373004194937862 -0.033365714666284352
leaf_weight=4.8196254784707042 2.3117891143774609 0.13816065795253862 51.943320035934448 13.710842758417128 33.195223569869995 1.0910636782646177 7.9478736390592521 0.10671145096421142 1.4827405242249367 21.0440041301772 29.240879006450999 11.143078893423079 1.0186846209689964 4.6930994022404775
leaf_count=3314 65 95 8400 37 91 3 5465 57 140 10313 16419 1802 572 3227
internal_value=-0.00021268 0.0182068 0.0287175 0.0040172 0.00659484 -0.0315139 -0.0333782 -0.0333876 -0.033565 -0.0333767 -0.0333715 0.0334719 -0.033373 -0.0333657
internal_weight=183.887 118.227 67.9177 50.3089 46.9061 3.40285 65.6605 27.4531 1.58945 25.8636 38.2074 63.0864 30.2596 4.83126
internal_count=50000 13720 13524 196 128 68 36280 13824 197 13627 22456 10202 16991 3322
is_linear=0
shrinkage=0.05


Tree=248
num_leaves=15
num_cat=0
split_feature=0 1 0 1 2 0 0 1 1 1 0 2 0 0
split_gain=47.1204 5.87518 7.1889 0.565934 0.536748 3.21833e-06 4.63372e-05 2.27892e-06 2.6804e-07 1.38777e-07 1.77636e-15 8.88178e-16 4.44089e-16 4.44089e-16
threshold=-0.44853405638371174 1.1997436683544895 -0.45630484924917941 1.2132879063987692 2.1615885756558892 0.44645132186505937 0.45409552365868994 1.2262360876158989 1.1997436683544895 1.1997436683544895 0.37479857876560957 1.5394473829170157 -0.45630484924917941 -0.80290307620971413
decision_type=2 2 2 2 2 2 2 2 2 2 2 2 2 2
left_child=1 12 3 -3 -4 9 7 -7 -8 11 -11 -2 13 -1
right_child=5 2 4 -5 -6 6 8 -9 -10 10 -12 -13 -14 -15
leaf_value=-0.033366109592834932 -0.033366109592834953 0.0038245277866373177 0.0092020955501812118 0.033471355465408061 -0.0042280639600397775 -0.033397920675058514 -0.033366109592834925 -0.033643790334711661 -0.033379109732341233 -0.033373488902770997 -0.033373488902770997 -0.033366109592834946 -0.033366112215998514 -0.033366109592834946
leaf_weight=1.8209272589301688 4.9931974634528142 1.6518052164465178 31.716651141643524 63.174341551959515 9.7193811833858472 0.099382534041072002 4.8901538837235448 1.8232153663411734 20.958378782495856 28.284861293039288 2.3434019298292688 3.0515620111254975 0.079490792937575772 3.057450215681456
leaf_count=1237 3392 57 109 10256 34 60 3322 136 10202 15691 1300 2073 54 2077
internal_value=-6.6428e-05 0.0198363 0.0223185 0.0327159 0.00605187 -0.0333813 -0.0333943 -0.0336311 -0.0333767 -0.033372 -0.0333735 -0.0333661 -0.0333661 -0.0333661
internal_weight=177.664 111.22 106.262 64.8261 41.436 66.4442 27.7711 1.9226 25.8485 38.673 30.6283 8.04476 4.95787 4.87838
internal_count=50000 13824 10456 10313 143 36176 13720 196 13524 22456 16991 5465 3368 3314
is_linear=0
shrinkage=0.05


Tree=249
num_leaves=13
num_cat=0
split_feature=1 0 0 0 1 0 0 0 0 0 1 1
split_gain=16.8859 15.8112 23.6783 5.72273 0.675765 3.24896e-12 2.44333e-10 3.55271e-15 1.77636e-15 8.88178e-16 5.55112e-17 1.38778e-17
threshold=1.1997436683544895 0.45409552365868994 -0.45630484924917941 -0.44853405638371174 1.2132879063987692 0.44645132186505937 0.45409552365868994 0.9923105776994251 0.41368319527225988 0.98483088504110572 5.4394547649138589 0.96316367032528827
decision_type=2 2 2 2 2 2 2 2 2 2 2 2
left_child=5 2 4 -4 -2 8 11 -3 -1 -8 -9 -7
right_child=1 7 3 -5 -6 6 9 10 -10 -11 -12 -13
leaf_value=0.033394341510998619 0.002114269426987499 -0.033419884013795469 -0.0052946424158447688 0.016655906137353144 -0.033419988310760908 0.033396274562468624 0.033394341583725666 -0.033419884013795469 0.033394341583725666 0.033394341583725472 -0.033419884013795059 0.033396274562468027
leaf_weight=23.576293508755047 1.3845132663846005 38.962595293298364 40.963175743818283 107.92214540322311 39.78612794727087 0.11004390078596671 8.7778668149840051 0.484320247778668 0.58537348033860226 0.30909908073954362 0.081365801626816392 0.056432769633829594
leaf_count=8619 57 10056 143 17128 10256 39 3209 125 214 113 21 20
internal_value=0.000185462 -0.00464796 0.00133609 0.0106166 -0.032225 0.0333944 0.0333944 -0.0334199 0.0333943 0.0333943 -0.0334199 0.0333963
internal_weight=262.999 229.584 190.056 148.885 41.1706 33.4151 9.25344 39.5283 24.1617 9.08697 0.565686 0.166477
internal_count=50000 37786 27584 17271 10313 12214 3381 10202 8833 3322 146 59
is_linear=0
shrinkage=0.05


Tree=250
num_leaves=15
num_cat=0
split_feature=0 0 1 1 1 1 0 0 1 1 1 0 1 2
split_gain=41.8414 6.98161 7.50007 1.726 1.54398 0.421802 1.39727e-06 1.88881e-05 9.13223e-07 2.38574e-07 1.29227e-07 3.55271e-15 4.44089e-16 4.44089e-16
threshold=0.44645132186505937 0.45409552365868994 1.1997436683544895 1.5031647535744987 1.9276783392520744 1.3896504211065126 -0.44853405638371174 -0.45630484924917941 1.3063090404026132 1.1997436683544895 1.1997436683544895 0.34302705097742353 0.7156414433000774 4.3610041084330602
decision_type=2 2 2 2 2 2 2 2 2 2 2 2 2 2
left_child=6 3 13 5 -5 -2 7 9 -9 -1 12 -12 -8 -3
right_child=1 2 -4 4 -6 -7 10 8 -10 -11 11 -13 -14 -15
leaf_value=-0.033363623864329631 -0.01861599325007977 -0.033363623864329679 0.033462930839065673 0.027311712699037361 0.0023523720975068651 -0.05647090261520047 -0.033363623864329679 -0.033409878622608531 -0.033565881640209273 -0.0333763733523307 -0.033371018759436544 -0.033371018759436551 -0.033363623864329672 -0.033363623864329575
leaf_weight=4.5092043227050516 2.3050590293714772 4.2452376242727032 59.036661033518612 7.3474932610988608 39.537909239530563 1.0809664428234098 2.5144869005307546 0.10043808189220627 1.4216217305511234 19.697856588289142 25.508140366524461 3.240122632123529 4.9214822073699906 0.27485192310996343
leaf_count=3314 65 3120 10202 20 108 3 1848 57 140 10313 15076 1915 3617 202
internal_value=-0.000295606 0.0176974 0.0287103 0.00377404 0.00626379 -0.0307009 -0.0333758 -0.0333847 -0.0335556 -0.033374 -0.0333695 -0.033371 -0.0333636 -0.0333636
internal_weight=175.742 113.828 63.5568 50.2714 46.8854 3.38603 61.9134 25.7291 1.52206 24.2071 36.1842 28.7483 7.43597 4.52009
internal_count=50000 13720 13524 196 128 68 36280 13824 197 13627 22456 16991 5465 3322
is_linear=0
shrinkage=0.05


Tree=251
num_leaves=15
num_cat=0
split_feature=0 1 0 1 2 0 0 1 1 1 0 0 0 0
split_gain=44.3294 5.43501 6.82454 0.569126 0.547696 2.83277e-06 4.2297e-05 1.99369e-06 2.1944e-07 1.3381e-07 4.44089e-16 4.44089e-16 2.22045e-16 1.11022e-16
threshold=-0.44853405638371174 1.1997436683544895 -0.45630484924917941 1.2132879063987692 3.0957286437972882 0.44645132186505937 0.45409552365868994 1.2262360876158989 1.1997436683544895 1.1997436683544895 -0.84967646180838741 0.35881350059209199 -0.53498752649717962 -0.8565166920268612
decision_type=2 2 2 2 2 2 2 2 2 2 2 2 2 2
left_child=1 10 3 -3 -4 9 7 -7 -8 11 13 -2 -12 -1
right_child=5 2 4 -5 -6 6 8 -9 -10 -11 12 -13 -14 -15
leaf_value=-0.033363996560387653 -0.033363996560387674 0.0036022152084400844 0.0042722137566483893 0.033462423195177553 0.022000811365196958 -0.033396564747552177 -0.033363996560387653 -0.033633464052851163 -0.03337615727604476 -0.03337147598005711 -0.03336399656038766 -0.033363996560387632 -0.033363996407753484 -0.033363996560387341
leaf_weight=1.200953430496156 6.7622492474038145 1.6400107629597176 36.690651595592499 59.118851870298386 4.9433793425559989 0.093523954972627332 4.5751918533351299 1.7626263806596396 19.610082172323018 29.098555207601748 2.6566962929209694 0.76436829578597087 0.6927518382435659 0.088143371045589336
leaf_count=872 4910 57 123 10256 20 60 3322 136 10202 16991 1929 555 503 64
internal_value=1.87021e-05 0.0195729 0.021971 0.0326564 0.0063772 -0.0333789 -0.0333915 -0.0336215 -0.0333739 -0.0333699 -0.033364 -0.033364 -0.033364 -0.033364
internal_weight=169.698 107.031 102.393 60.7589 41.634 62.6666 26.0414 1.85615 24.1853 36.6252 4.63854 7.52662 3.34945 1.2891
internal_count=50000 13824 10456 10313 143 36176 13720 196 13524 22456 3368 5465 2432 936
is_linear=0
shrinkage=0.05


Tree=252
num_leaves=13
num_cat=0
split_feature=1 0 0 0 1 0 0 0 0 0 1 1
split_gain=15.7367 14.8452 21.8336 5.36038 0.67498 4.19575e-12 3.13323e-10 3.55271e-15 1.77636e-15 8.88178e-16 8.88178e-16 1.11022e-16
threshold=1.1997436683544895 0.45409552365868994 -0.45630484924917941 0.44645132186505937 1.2132879063987692 0.44645132186505937 0.45409552365868994 0.85878059372353288 0.31282273773032993 0.98483088504110572 8.4779769100837754 0.59104442319125894
decision_type=2 2 2 2 2 2 2 2 2 2 2 2
left_child=5 2 4 -4 -2 8 -7 -3 -1 -8 -9 -10
right_child=1 7 3 -5 -6 6 9 10 11 -11 -12 -13
leaf_value=0.033390400429213041 0.0021628762734948767 -0.03341429034009457 0.017082012907883776 -0.0030990560651227152 -0.033414389212413957 0.033392655092530393 0.03339040050639043 -0.033414290340094577 0.033390400506390375 0.033390400506390215 -0.033414290340094445 0.033390400506390409
leaf_weight=20.479855004232384 1.3826870229095209 27.437111012637615 95.709156355587766 50.142308562994003 37.227696135640144 0.15694313193671305 8.2129425324965233 9.0707785086706245 0.30200287280604188 0.28920614090748209 0.47855426184833127 1.8248139687348155
leaf_count=8002 57 7568 17134 137 10256 59 3209 2502 118 113 132 713
internal_value=0.000184644 -0.0045036 0.00129328 0.010144 -0.0321403 0.0333904 0.0333904 -0.0334143 0.0333904 0.0333904 -0.0334143 0.0333904
internal_weight=252.714 221.448 184.462 145.851 38.6104 31.2658 8.65909 36.9864 22.6067 8.50215 9.54933 2.12682
internal_count=50000 37786 27584 17271 10313 12214 3381 10202 8833 3322 2634 831
is_linear=0
shrinkage=0.05


Tree=253
num_leaves=14
num_cat=0
split_feature=0 0 1 2 2 0 0 1 1 1 0 0 0
split_gain=39.4248 6.55488 7.0149 1.6555 1.31263 1.1892e-06 1.71431e-05 7.97773e-07 1.9736e-07 1.25147e-07 3.55271e-15 1.77636e-15 4.44089e-16
threshold=0.44645132186505937 0.45409552365868994 1.1997436683544895 0.20504564313579218 1.0803022117083982 -0.44853405638371174 -0.45630484924917941 1.3063090404026132 1.1997436683544895 1.1997436683544895 0.94360478298292205 0.43851370652444671 0.39776180242403719
decision_type=2 2 2 2 2 2 2 2 2 2 2 2 2
left_child=5 3 -3 -2 -5 6 8 -8 -1 12 -4 -11 -7
right_child=1 2 10 4 -6 9 7 -9 -10 11 -12 -13 -14
leaf_value=-0.033361670311211657 -0.02847666397326732 -0.033361670311211712 0.033454547963939894 0.014835061879869084 -0.0019467349425631175 -0.033361670311211712 -0.03340758534803024 -0.033557584943439342 -0.033373658382732048 -0.033369181052703596 0.033454547963939894 -0.033369181052703596 -0.033361670311211643
leaf_weight=4.2187518086284461 3.6035044544842085 4.228935880586504 49.716842392459512 24.031157124205492 22.620152846444398 6.5610883589833966 0.094770867610349252 1.3706625485792754 18.437886316794902 27.119812315329913 5.5289070997387162 0.23018359218258311 0.39590579736977805
leaf_count=3314 12 3322 9181 94 90 5154 57 140 10313 16848 1021 143 311
internal_value=-0.000196248 0.0174701 0.0287036 0.00417577 0.00669795 -0.0333736 -0.0333821 -0.0335479 -0.0333714 -0.0333677 0.0334545 -0.0333692 -0.0333617
internal_weight=168.159 109.729 59.4747 50.2548 46.6513 58.4291 24.1221 1.46543 22.6566 34.307 55.2457 27.35 6.95699
internal_count=50000 13720 13524 196 184 36280 13824 197 13627 22456 10202 16991 5465
is_linear=0
shrinkage=0.05


Tree=254
num_leaves=15
num_cat=0
split_feature=0 1 0 1 2 0 0 1 1 1 0 0 1 0
split_gain=41.3116 4.98614 6.78009 0.572037 0.528241 2.41182e-06 3.7408e-05 1.94535e-06 1.79707e-07 1.29652e-07 1.77636e-15 4.44089e-16 4.44089e-16 1.11022e-16
threshold=-0.44853405638371174 1.1997436683544895 -0.45630484924917941 1.2132879063987692 1.46289257134648 0.44645132186505937 0.45409552365868994 1.1997436683544895 1.1997436683544895 1.1997436683544895 0.38268393104346293 -0.37777683839293569 0.95235589753803829 -0.46422006793266929
decision_type=2 2 2 2 2 2 2 2 2 2 2 2 2 2
left_child=1 12 3 -3 -4 9 7 -7 -8 11 -11 -2 -1 -14
right_child=5 2 4 -5 -6 6 8 -9 -10 10 -12 -13 13 -15
leaf_value=-0.033362017898315575 -0.033362017919166376 0.0033915387555513636 0.010399651424114887 0.033454073646980033 -0.0012533477496331641 -0.033362000532827306 -0.033362017919166403 -0.033620595057313345 -0.033373395213430086 -0.03336961645284419 -0.033369616452844197 -0.033362017919166431 -0.03336201791916641 -0.033362016948853594
leaf_weight=2.9094964418327427 0.53473915671929706 1.6289827581495036 25.767198204994202 55.322565160691738 15.620838582515715 0.07597741985228168 4.2804903099313405 1.7002860801294444 18.348320321412757 25.794909085147086 1.8883463636739168 6.5070668468251815 1.3838791670277713 0.046387024573050328
leaf_count=2258 415 57 89 10256 54 59 3322 137 10202 15832 1159 5050 1074 36
internal_value=-8.44275e-05 0.0190876 0.0214022 0.0325942 0.00600153 -0.0333765 -0.0333886 -0.0336095 -0.0333712 -0.0333681 -0.0333696 -0.033362 -0.033362 -0.033362
internal_weight=161.809 102.679 98.3396 56.9515 41.388 59.1301 24.4051 1.77626 22.6288 34.7251 27.6833 7.04181 4.33976 1.43027
internal_count=50000 13824 10456 10313 143 36176 13720 196 13524 22456 16991 5465 3368 1110
is_linear=0
shrinkage=0.05


Tree=255
num_leaves=12
num_cat=0
split_feature=1 0 0 0 1 0 0 2 2 0 0
split_gain=14.6636 13.9407 20.1208 5.13408 0.673928 8.45546e-12 6.18883e-10 2.6309e-12 3.55271e-15 1.77636e-15 4.44089e-16
threshold=1.1997436683544895 0.45409552365868994 -0.45630484924917941 -0.44853405638371174 1.2132879063987692 0.44645132186505937 0.45409552365868994 1.2342168948910144 0.59559852851713269 0.39776180242403719 0.97698929024845749
decision_type=2 2 2 2 2 2 2 2 2 2 2
left_child=5 2 4 -4 -2 9 7 -7 -3 -1 -8
right_child=1 8 3 -5 -6 6 10 -9 -10 -11 -12
leaf_value=0.033386717172405024 0.0022025224549502092 -0.033409060911906062 -0.0053013297805735516 0.015645784999544617 -0.033409152372618357 0.033390159226695713 0.033386717274821447 0.033389739570279769 -0.033409060911906062 0.033386717274821454 0.033386717274821377
leaf_weight=20.40683171059937 1.3812008928507555 9.4711270201951248 40.951131701469421 102.39149935077876 34.833330530673265 0.079000800615174671 7.5717570874840021 0.070832266472280025 25.136479663196951 0.74472373630851407 0.38313761353492726
leaf_count=8522 57 2792 143 17128 10256 31 3162 28 7410 311 160
internal_value=0.000183855 -0.00435187 0.00124857 0.00966147 -0.0320509 0.0333867 0.0333868 0.03339 -0.0334091 0.0333867 0.0333867
internal_weight=243.421 214.165 179.557 143.343 36.2145 29.2563 8.10473 0.149833 34.6076 21.1516 7.95489
internal_count=50000 37786 27584 17271 10313 12214 3381 59 10202 8833 3322
is_linear=0
shrinkage=0.05


Tree=256
num_leaves=14
num_cat=0
split_feature=0 0 1 1 2 1 0 0 1 1 1 0 0
split_gain=36.7106 6.48299 6.56121 1.61774 1.47531 0.404004 9.98965e-07 1.52469e-05 6.90233e-07 1.6357e-07 1.19628e-07 1.77636e-15 4.44089e-16
threshold=0.44645132186505937 0.45409552365868994 1.1997436683544895 1.5031647535744987 1.0803022117083982 1.3896504211065126 -0.44853405638371174 -0.45630484924917941 1.3063090404026132 1.1997436683544895 1.1997436683544895 -0.38564166298685726 0.6524310877258338
decision_type=2 2 2 2 2 2 2 2 2 2 2 2 2
left_child=6 3 12 5 -5 -2 7 9 -9 -1 -8 -12 -3
right_child=1 2 -4 4 -6 -7 10 8 -10 -11 11 -13 -14
leaf_value=-0.033359841925900018 -0.017784624273181074 -0.033359841925900073 0.033446709288404687 0.014739791953389748 -0.0030267936320406939 -0.055051174977001786 -0.03335984192590008 -0.033404585098491764 -0.033548312231474607 -0.033371124591934628 -0.033367421322757919 -0.033367421322757988 -0.033359841925900066
leaf_weight=3.946986693190417 2.2933872055727984 1.4387326268479221 51.697260219603777 24.66219961643219 22.205301940441132 1.0649668872356413 6.5088359318906432 0.089201581897213056 1.3144942047074435 17.258590289857239 1.8659519829088846 24.142571513075382 2.5177820969838649
leaf_count=3314 65 1208 10202 67 61 3 5465 57 140 10313 1219 15772 2114
internal_value=-0.000283558 0.0169438 0.0286973 0.00392009 0.00632218 -0.0296022 -0.0333715 -0.0333796 -0.0335392 -0.033369 -0.0333659 -0.0333674 -0.0333598
internal_weight=161.006 105.88 55.6538 50.2259 46.8675 3.35835 55.1266 22.6093 1.4037 21.2056 32.5174 26.0085 3.95651
internal_count=50000 13720 13524 196 128 68 36280 13824 197 13627 22456 16991 3322
is_linear=0
shrinkage=0.05


Tree=257
num_leaves=15
num_cat=0
split_feature=0 1 0 1 2 0 0 1 1 1 0 2 0 0
split_gain=38.8858 4.61052 6.43006 0.574671 0.533092 2.13237e-06 3.41157e-05 1.7157e-06 1.4726e-07 1.24058e-07 1.77636e-15 8.88178e-16 2.22045e-16 2.22045e-16
threshold=-0.44853405638371174 1.1997436683544895 -0.45630484924917941 1.2132879063987692 3.0957286437972882 0.44645132186505937 0.45409552365868994 1.1997436683544895 1.1997436683544895 1.1997436683544895 0.43085841847561951 0.15599752421253868 -0.45630484924917941 -0.48113613663166038
decision_type=2 2 2 2 2 2 2 2 2 2 2 2 2 2
left_child=1 12 3 -3 -4 9 7 -7 -8 11 -11 -2 13 -1
right_child=5 2 4 -5 -6 6 8 -9 -10 10 -12 -13 -14 -15
leaf_value=-0.033360165630022448 -0.033360165630022455 0.0031920492160898389 0.0042306968576213281 0.033446264933710626 0.021772081626319766 -0.033360150838481463 -0.033360165630022427 -0.033611054062219502 -0.03337081328756504 -0.033367837460203727 -0.033367837460203734 -0.033360165630022448 -0.033360164007596442 -0.033360165630022171
leaf_weight=3.8395927130477503 0.23748815211001684 1.6186717096716154 36.659497201442719 51.769057370722294 4.9115536212921134 0.071080835536124876 4.0047494482714709 1.6440035654231904 17.167564630042762 25.88541997270659 0.44002270139753719 6.3506984026171267 0.065098306629805758 0.15551254630554501
leaf_count=3185 197 57 123 10256 20 59 3322 137 10202 16707 284 5268 54 129
internal_value=5.81737e-06 0.0188169 0.0210479 0.032529 0.00630318 -0.0333745 -0.0333862 -0.0336007 -0.0333688 -0.0333663 -0.0333678 -0.0333602 -0.0333602 -0.0333602
internal_weight=154.82 99.019 94.9588 53.3877 41.5711 55.801 22.8874 1.71508 21.1723 32.9136 26.3254 6.58819 4.0602 3.99511
internal_count=50000 13824 10456 10313 143 36176 13720 196 13524 22456 16991 5465 3368 3314
is_linear=0
shrinkage=0.05


Tree=258
num_leaves=14
num_cat=0
split_feature=1 0 0 0 1 0 0 2 0 0 0 2 2
split_gain=13.6655 13.0887 18.5551 4.87162 0.672617 9.20508e-12 6.68435e-10 2.24502e-12 1.77636e-15 1.77636e-15 8.88178e-16 8.88178e-16 2.22045e-16
threshold=1.1997436683544895 0.45409552365868994 -0.45630484924917941 0.44645132186505937 1.2132879063987692 0.44645132186505937 0.45409552365868994 1.2342168948910144 0.2745420738845335 0.81885770267488323 -0.1121638474470824 0.40727120931531002 1.1840253436723513
decision_type=2 2 2 2 2 2 2 2 2 2 2 2 2
left_child=5 2 4 -4 -2 8 7 -7 10 -3 -1 -8 -10
right_child=1 9 3 -5 -6 6 11 -9 12 -11 -12 -13 -14
leaf_value=0.033383272416546143 0.002233887400033655 -0.033404166216144247 0.016142436583059219 -0.0032867799332623538 -0.03340425556856344 0.033386932210267561 0.033383272581103067 0.033386533074578666 0.033383272581103074 -0.033404166216144247 0.033383272581103067 0.033383272581103081 0.03338327258110306
leaf_weight=12.046904532238846 1.3800274543464173 21.681746370624751 90.513558629667386 50.132015913724899 32.592567306011915 0.074526154669000699 1.4070073552429674 0.066816592589020729 1.2255302919074886 10.699629192706196 5.3390103941783336 6.0357926990836859 1.1784806828945873
leaf_count=5377 57 6831 17134 137 10256 31 628 28 547 3371 2383 2694 526
internal_value=0.000182838 -0.00420766 0.00120657 0.00921704 -0.0319566 0.0333833 0.0333833 0.0333867 0.0333833 -0.0334042 0.0333833 0.0333833 0.0333833
internal_weight=234.374 207 174.618 140.646 33.9726 27.3741 7.58414 0.141343 19.7899 32.3814 17.3859 7.4428 2.40401
internal_count=50000 37786 27584 17271 10313 12214 3381 59 8833 10202 7760 3322 1073
is_linear=0
shrinkage=0.05


Tree=259
num_leaves=13
num_cat=0
split_feature=0 0 1 2 2 0 0 1 1 1 0 0
split_gain=34.6089 6.09273 6.13693 1.55927 1.15953 8.54052e-07 1.38276e-05 6.02629e-07 1.35622e-07 1.14702e-07 4.44089e-16 2.22045e-16
threshold=0.44645132186505937 0.45409552365868994 1.1997436683544895 0.20504564313579218 1.0803022117083982 -0.44853405638371174 -0.45630484924917941 1.3063090404026132 1.1997436683544895 1.1997436683544895 0.43085841847561951 0.85136498794098048
decision_type=2 2 2 2 2 2 2 2 2 2 2 2
left_child=5 3 11 -2 -5 6 8 -8 -1 10 -7 -3
right_child=1 2 -4 4 -6 9 7 -9 -10 -11 -12 -13
leaf_value=-0.033358130769569852 -0.027538650790962783 -0.033358130769569914 0.033439378418771884 0.014378464675290714 -0.0013928901260076964 -0.033358130769569894 -0.033402522518848364 -0.033540661186911201 -0.033368751758541898 -0.033365790240981859 -0.033358130769569672 -0.033358130769569887
leaf_weight=3.6927091372199419 3.5753308671992263 2.6542043345980342 48.375820026732981 24.008914280682802 22.647782219573855 5.9691740639973458 0.084196155890821411 1.2674250211566684 16.154817916452885 24.768143359222449 0.12034175824373949 1.0474190069362519
leaf_count=3314 12 2382 10202 94 90 5357 57 140 10313 16991 108 940
internal_value=-0.00017964 0.016708 0.0286915 0.00428423 0.00672284 -0.0333696 -0.0333773 -0.0335321 -0.0333668 -0.0333643 -0.0333581 -0.0333581
internal_weight=154.366 102.309 52.0774 50.232 46.6567 52.0568 21.1991 1.35162 19.8475 30.8577 6.08952 3.70162
internal_count=50000 13720 13524 196 184 36280 13824 197 13627 22456 5465 3322
is_linear=0
shrinkage=0.05


Tree=260
num_leaves=15
num_cat=0
split_feature=0 0 1 1 1 1 1 0 0 1 1 1 0 0
split_gain=36.2392 4.53414 6.02687 1.51517 2.2916 1.62845 0.577031 1.8213e-06 3.01596e-05 1.48047e-06 1.20537e-07 1.18926e-07 4.44089e-16 2.22045e-16
threshold=-0.44853405638371174 -0.45630484924917941 1.1997436683544895 1.5607691566660062 2.0890825260585446 1.3618387438673825 1.2132879063987692 0.44645132186505937 0.45409552365868994 1.1997436683544895 1.1997436683544895 1.1997436683544895 -0.2136525338481354 -0.55830981120652801
decision_type=2 2 2 2 2 2 2 2 2 2 2 2 2 2
left_child=1 2 13 5 -5 -3 -4 11 9 -9 -10 12 -2 -1
right_child=7 3 6 4 -6 -7 -8 8 10 -11 -12 -13 -14 -15
leaf_value=-0.033358435056252689 -0.033358435056252682 0.0059186859659861001 0.0030032985756859544 0.035539745980775465 0.0029769582531838177 -0.070129006827108362 0.033438963918201142 -0.033358417696814281 -0.033358435056252668 -0.033599260744152863 -0.033368394379802123 -0.033366187185056899 -0.033358435056252675 -0.033358435056252703
leaf_weight=3.0925928768701856 1.5846436878200618 1.5139513979665928 1.6090309880673874 6.4980958253145209 32.06043404340744 1.3157317787408827 48.442926473915577 0.06650093314238148 3.7467518369667259 1.5754330893978474 16.062638048548251 25.06995249807369 4.5791127206757691 0.64513607788830896
leaf_count=2742 1405 60 57 25 107 5 10256 59 3322 137 10202 16991 4060 572
internal_value=-0.000102272 0.0183141 0.0278869 0.005873 0.00846462 -0.0294416 0.0324605 -0.0333724 -0.0333836 -0.0335895 -0.0333665 -0.0333647 -0.0333584 -0.0333584
internal_weight=147.863 95.1779 53.7897 41.3882 38.5585 2.82968 50.052 52.685 21.4513 1.64193 19.8094 31.2337 6.16376 3.73773
internal_count=50000 13824 13627 197 132 65 10313 36176 13720 196 13524 22456 5465 3314
is_linear=0
shrinkage=0.05


Tree=261
num_leaves=14
num_cat=0
split_feature=1 0 0 0 1 0 0 2 0 0 1 0 2
split_gain=12.7357 12.2898 17.1019 4.58895 0.671051 1.18945e-11 9.82392e-10 7.67988e-12 4.01457e-13 3.90834e-11 3.55271e-15 1.77636e-15 4.44089e-16
threshold=1.1997436683544895 0.45409552365868994 -0.45630484924917941 -0.44853405638371174 1.2132879063987692 0.44645132186505937 0.45409552365868994 1.2342168948910144 -0.44853405638371174 -0.45630484924917941 4.121644138882389 0.25835520191435285 1.7914226685012407
decision_type=2 2 2 2 2 2 2 2 2 2 2 2 2
left_child=5 2 4 -4 -2 8 7 -7 9 -1 -3 -10 -8
right_child=1 10 3 -5 -6 6 12 -9 11 -11 -12 -13 -14
leaf_value=0.033380045630640169 0.002257614909048424 -0.033399592387064823 -0.0052872280418859476 0.014664478230357117 -0.033399670718296415 0.033384707465019155 0.033380045630640169 0.033383952004845417 0.033380045630640169 0.033380973267321527 -0.03339959238706483 0.033380045630640148 0.033380045630640162
leaf_weight=6.9468458076007664 1.3791410159319664 21.047045408282433 40.915227487683296 97.490188385127112 30.495601698756218 0.071436821250243976 4.710187848424539 0.063584396615624428 8.9990371309686434 0.11543386895209984 9.2509590019471926 2.4567601950839171 2.2534276533406228
leaf_count=3314 57 7087 143 17128 10256 31 2247 28 4293 54 3115 1172 1075
internal_value=0.000181401 -0.00405855 0.00116211 0.00876638 -0.0318569 0.0333801 0.0333801 0.0333844 0.0333801 0.0333801 -0.0333996 0.03338 0.03338
internal_weight=226.195 200.578 170.28 138.405 31.8747 25.6167 7.09864 0.135021 18.5181 7.06228 30.298 11.4558 6.96362
internal_count=50000 37786 27584 17271 10313 12214 3381 59 8833 3368 10202 5465 3322
is_linear=0
shrinkage=0.05


Tree=262
num_leaves=15
num_cat=0
split_feature=0 0 1 1 1 1 0 0 1 1 1 0 0 0
split_gain=32.2292 6.01745 5.74016 1.51639 1.47267 0.388232 7.20242e-07 1.23084e-05 5.20184e-07 1.12441e-07 1.08625e-07 3.9968e-15 3.55271e-15 1.77636e-15
threshold=0.44645132186505937 0.45409552365868994 1.1997436683544895 1.5031647535744987 2.3082499393114499 1.3896504211065126 -0.44853405638371174 -0.45630484924917941 1.3063090404026132 1.1997436683544895 1.1997436683544895 -0.1033668246913103 0.97698929024845749 0.35881350059209199
decision_type=2 2 2 2 2 2 2 2 2 2 2 2 2 2
left_child=6 3 -3 5 -5 -2 7 9 -9 -1 11 -8 -4 -12
right_child=1 2 12 4 -6 -7 10 8 -10 -11 13 -13 -14 -15
leaf_value=-0.033356532041017566 -0.017016225535310285 -0.033356529249244073 0.033432523076202973 0.02013296572047522 0.00064291984037358261 -0.053783572261629414 -0.033356531956132612 -0.033400067661701421 -0.033532199857934257 -0.033366529801489464 -0.033364223468156949 -0.033356529249244038 0.033432523076202973 -0.033364223468156956
leaf_weight=3.4547964616213056 2.2817499573575328 3.4631363444495937 43.367939156480134 13.691899210214613 33.177736133337021 1.0476082265377042 2.1600296525284648 0.079349000472574427 1.2155951801687477 15.121743454597889 21.341226588003341 3.5371528045507175 1.8990667033940543 2.2338843252509824
leaf_count=3314 65 3322 9774 37 91 3 2072 57 140 10313 15381 3393 428 1610
internal_value=-0.000270983 0.0161701 0.028686 0.00402037 0.00633649 -0.0285854 -0.0333677 -0.0333751 -0.0335241 -0.0333647 -0.0333627 -0.0333565 0.0334325 -0.0333642
internal_weight=148.073 98.9291 48.7301 50.199 46.8696 3.32936 49.1438 19.8715 1.29494 18.5765 29.2723 5.69718 45.267 23.5751
internal_count=50000 13720 13524 196 128 68 36280 13824 197 13627 22456 5465 10202 16991
is_linear=0
shrinkage=0.05


Tree=263
num_leaves=15
num_cat=0
split_feature=0 0 1 1 0 1 1 0 0 1 1 1 0 0
split_gain=34.133 4.31774 5.42041 2.29821 3.60886 1.84473 0.000137819 1.6198e-06 2.74931e-05 1.30553e-06 1.12592e-07 9.87748e-08 1.77636e-15 4.44089e-16
threshold=-0.44853405638371174 -0.49601024820604761 1.1997436683544895 1.3896504211065126 -0.48815094590144997 1.9466597231044669 1.2132879063987692 0.44645132186505937 0.45409552365868994 1.1997436683544895 1.1997436683544895 1.1997436683544895 0.43085841847561951 0.43851370652444671
decision_type=2 2 2 2 2 2 2 2 2 2 2 2 2 2
left_child=1 2 -1 4 -3 -5 -4 10 9 -9 13 -10 -12 -2
right_child=7 3 6 5 -6 -7 -8 8 11 -11 12 -13 -14 -15
leaf_value=-0.033356815275985136 -0.033356815275985115 -0.24517056719737784 0.033965322500352994 0.034839061669478984 -0.021124100110589739 0.0056539042916590454 0.033432135728963502 -0.033356798378541101 -0.033356815275985101 -0.033590471761990287 -0.033364600380692049 -0.033366136038620708 -0.033364600380692049 -0.033356815275984608
leaf_weight=3.2658288738457477 5.7107159500010338 0.19254873471800271 1.2479959502816189 6.3659557327628127 2.7008867512922725 36.221338108181953 41.979507073760033 0.062214687233793309 3.5053581644315299 1.5233196555636821 23.46353419509251 15.028688948601483 0.39885339746251602 0.055925340973771998
leaf_count=3095 5412 66 49 153 280 683 9498 59 3322 137 16707 10202 284 53
internal_value=-6.3974e-06 0.0180402 0.028755 0.00708684 -0.0360337 0.0100165 0.0334475 -0.0333705 -0.0333815 -0.0335813 -0.0333631 -0.0333644 -0.0333646 -0.0333568
internal_weight=141.723 91.9741 46.4933 45.4807 2.89344 42.5873 43.2275 49.7486 20.1196 1.58553 29.629 18.534 23.8624 5.76664
internal_count=50000 13824 12642 1182 346 836 9547 36176 13720 196 22456 13524 16991 5465
is_linear=0
shrinkage=0.05


Tree=264
num_leaves=13
num_cat=0
split_feature=1 0 0 0 1 0 0 0 0 0 0 2
split_gain=11.8626 11.5424 15.8197 4.4225 0.671048 2.13021e-11 6.51454e-10 3.56319e-11 2.51243e-11 1.19647e-11 4.44089e-16 6.93889e-18
threshold=1.1997436683544895 0.45409552365868994 -0.45630484924917941 0.44645132186505937 1.2132879063987692 -0.48815094590144997 -0.49601024820604761 -0.44853405638371174 -0.45630484924917941 0.44645132186505937 -0.52752153697499737 2.0274877598359473
decision_type=2 2 2 2 2 2 2 2 2 2 2 2
left_child=5 2 4 -4 -2 6 10 8 -7 -9 -1 -8
right_child=1 -3 3 -5 -6 7 11 9 -10 -11 -12 -13
leaf_value=0.033377028800069139 0.0023822799567826767 -0.033395312128963038 0.015267868719662445 -0.0034277147537715154 -0.033395530194508576 0.033377300433981939 0.033372833998014266 0.033377028800069146 0.03337817775396449 0.03337711420516417 0.033377028800069063 0.033372833998015349
leaf_weight=5.7072018552571535 1.3735434114933038 28.348374300636351 85.830400666920468 50.094034403562546 28.594106493284926 0.32757580187171698 0.058520997525195351 10.718164308927951 0.10867924103513971 6.6426804310176513 0.36282898392528284 0.035467271227389574
leaf_count=2910 57 10202 17134 137 10256 166 33 5465 54 3381 185 20
internal_value=0.000183979 -0.00391065 0.00112782 0.00837774 -0.0317557 0.033377 0.033377 0.0333771 0.0333775 0.0333771 0.033377 0.0333728
internal_weight=218.202 194.24 165.892 135.924 29.9676 23.9611 6.16402 17.7971 0.436255 17.3608 6.07003 0.0939883
internal_count=50000 37786 27584 17271 10313 12214 3148 9066 220 8846 3095 53
is_linear=0
shrinkage=0.05


Tree=265
num_leaves=15
num_cat=0
split_feature=0 0 1 2 2 0 0 1 1 1 0 0 0 1
split_gain=30.4161 5.65585 5.3691 1.44216 1.11215 6.16507e-07 1.10864e-05 4.42026e-07 1.03303e-07 9.41492e-08 3.55271e-15 1.77636e-15 4.44089e-16 2.22045e-16
threshold=0.44645132186505937 0.45409552365868994 1.1997436683544895 0.20504564313579218 1.0803022117083982 -0.44853405638371174 -0.45630484924917941 1.3063090404026132 1.1997436683544895 1.1997436683544895 0.98483088504110572 0.43085841847561951 0.36619160364932518 0.50895482125391123
decision_type=2 2 2 2 2 2 2 2 2 2 2 2 2 2
left_child=5 3 13 -2 -5 6 9 -8 12 -1 -4 -10 -7 -3
right_child=1 2 10 4 -6 8 7 -9 11 -11 -12 -13 -14 -15
leaf_value=-0.033355036259687609 -0.026415789826570786 -0.033355036264753654 0.033426110684103817 0.014189700646256635 -0.0012581148232001346 -0.033355036264753897 -0.03339980311576022 -0.033524733166042729 -0.033362778673030329 -0.033364492389809555 0.033426110684103817 -0.033362778673030336 -0.033355036264753862 -0.033355036264753911
leaf_weight=3.2322023473098005 3.5397535343654445 0.054617695044725578 41.198941626120359 23.991797324153595 22.651546691078693 4.8278141155606162 0.07536476233508338 1.1698268824256954 22.096904803533111 14.18149020464625 1.1583699197508384 0.37562225200235744 0.50228773121489201 3.1853820002870634
leaf_count=3314 12 56 9923 94 90 4950 57 140 16707 10313 279 284 515 3266
internal_value=-0.000168957 0.0159344 0.0286809 0.00435272 0.00668773 -0.033366 -0.033373 -0.0335172 -0.0333613 -0.0333627 0.0334261 -0.0333628 -0.033355 -0.033355
internal_weight=142.242 95.7804 45.5973 50.1831 46.6433 46.4615 18.6589 1.24519 27.8026 17.4137 42.3573 22.4725 5.3301 3.24
internal_count=50000 13720 13524 196 184 36280 13824 197 22456 13627 10202 16991 5465 3322
is_linear=0
shrinkage=0.05


Tree=266
num_leaves=15
num_cat=0
split_feature=0 0 1 1 0 1 1 0 0 1 1 1 0 0
split_gain=31.8083 4.32395 5.07034 2.12794 2.96057 1.78603 0.000124935 1.39083e-06 2.43473e-05 1.12826e-06 1.07124e-07 8.08712e-08 1.77636e-15 4.44089e-16
threshold=-0.44853405638371174 -0.49601024820604761 1.1997436683544895 1.3896504211065126 -0.48815094590144997 1.9466597231044669 1.2132879063987692 0.44645132186505937 0.45409552365868994 1.1997436683544895 1.1997436683544895 1.1997436683544895 0.29015099889861068 0.43085841847561951
decision_type=2 2 2 2 2 2 2 2 2 2 2 2 2 2
left_child=1 2 -1 4 -3 -5 -4 10 9 -9 13 -10 -12 -2
right_child=7 3 6 5 -6 -7 -8 8 11 -11 12 -13 -14 -15
leaf_value=-0.033355300590975641 -0.03335530059097562 -0.21422566385499478 0.03394280678216971 0.034300658339447745 -0.020501513589036919 0.0052467061362246326 0.033425749412451272 -0.033355284749978981 -0.033355300590975599 -0.033579765794003187 -0.033363137247808788 -0.033364019962659967 -0.033363137247808795 -0.033355300590975363
leaf_weight=3.0554061842849469 5.2884687978075844 0.21270715817809138 1.204089706763624 6.2019271599128833 2.708400313043966 35.955254663713276 39.281068238429725 0.058205583831297925 3.2795022113714394 1.4603344630450008 18.769002538174394 14.061175683513282 3.9773685121908775 0.10661837412044395
leaf_count=3095 5357 66 49 153 280 683 9498 59 3322 137 14020 10202 2971 108
internal_value=-0.000118801 0.0175159 0.0287538 0.00666137 -0.034608 0.00952096 0.0334411 -0.0333687 -0.0333792 -0.0335712 -0.0333616 -0.0333624 -0.0333631 -0.0333553
internal_weight=135.62 88.6189 43.5406 45.0783 2.92111 42.1572 40.4852 47.0007 18.8592 1.51854 28.1415 17.3407 22.7464 5.39509
internal_count=50000 13824 12642 1182 346 836 9547 36176 13720 196 22456 13524 16991 5465
is_linear=0
shrinkage=0.05


Tree=267
num_leaves=13
num_cat=0
split_feature=1 0 0 0 1 0 0 0 0 0 0 1
split_gain=11.05 10.8413 14.63 4.02509 0.669201 3.82911e-11 1.43084e-09 7.63016e-11 2.12049e-11 1.52873e-11 4.44089e-16 6.93889e-18
threshold=1.1997436683544895 0.45409552365868994 -0.45630484924917941 -0.44853405638371174 1.2132879063987692 -0.48815094590144997 -0.49601024820604761 -0.44853405638371174 -0.45630484924917941 0.44645132186505937 -0.50477179335557154 0.86168527020564356
decision_type=2 2 2 2 2 2 2 2 2 2 2 2
left_child=5 2 4 -4 -2 6 10 8 -7 -9 -1 -8
right_child=1 -3 3 -5 -6 7 11 9 -10 -11 -12 -13
leaf_value=0.033374210055597542 0.0024312239871572393 -0.033391310184444703 -0.0051134167226496979 0.013722413288219435 -0.033391680022692882 0.033374731291750885 0.033367533525496561 0.033374210055597549 0.033375561814657499 0.033374309851067742 0.033374210055597223 0.033367533525498323
leaf_weight=5.5873967026127502 1.3703145850449825 26.523934016935527 40.788988620042801 93.098523443564773 26.814467964228243 0.30848300899378955 0.044538198155353537 10.027955001569351 0.10235598776490107 6.2174948034808031 0.091747072292491683 0.036859198473393917
leaf_count=3045 57 10202 143 17128 10256 166 29 5465 54 3381 50 24
internal_value=0.000186681 -0.00375804 0.00109159 0.00798406 -0.03165 0.0333742 0.0333741 0.0333743 0.0333749 0.0333742 0.0333742 0.0333675
internal_weight=211.013 188.596 162.072 133.888 28.1848 22.4168 5.76054 16.6563 0.410839 16.2454 5.67914 0.0813974
internal_count=50000 37786 27584 17271 10313 12214 3148 9066 220 8846 3095 53
is_linear=0
shrinkage=0.05


Tree=268
num_leaves=14
num_cat=0
split_feature=0 0 1 1 1 1 0 0 1 1 1 1 0
split_gain=28.3402 5.57695 5.02208 1.42235 1.41272 0.374118 5.22449e-07 9.80588e-06 3.70404e-07 9.70989e-08 7.94245e-08 1.77636e-15 4.44089e-16
threshold=0.44645132186505937 0.45409552365868994 1.1997436683544895 1.5031647535744987 1.9276783392520744 1.3896504211065126 -0.44853405638371174 -0.45630484924917941 1.3063090404026132 1.1997436683544895 1.1997436683544895 2.5744946668832807 -0.40264385879831593
decision_type=2 2 2 2 2 2 2 2 2 2 2 2 2
left_child=6 3 -3 5 -5 -2 7 10 -9 12 -1 -11 -8
right_child=1 2 -4 4 -6 -7 9 8 -10 11 -12 -13 -14
leaf_value=-0.033353634050270461 -0.016310045056720776 -0.033353634906585654 0.033420115504061668 0.026476981922901606 0.002578310630682765 -0.05265080246990609 -0.033353633840807625 -0.033399196358835079 -0.033516571116139898 -0.033361380982862066 -0.033362611287422406 -0.033361380982862079 -0.033353633840807723
leaf_weight=3.0239353090873982 2.2703031884739171 3.0312272283481425 39.634055153932422 7.3308087885379782 39.517836183309555 1.0292882621288297 0.24271720217075188 0.071506143431178226 1.1200294340960679 9.0795016251504439 13.301664834958499 12.329020733013747 4.7439350905478959
leaf_count=3314 65 3322 10202 20 108 3 266 57 140 7206 10313 9785 5199
internal_value=-0.000269653 0.0153882 0.0286761 0.0040832 0.00631794 -0.0276463 -0.0333644 -0.0333711 -0.0335095 -0.0333599 -0.0333609 -0.0333614 -0.0333536
internal_weight=136.726 92.8135 42.6653 50.1482 46.8486 3.29959 43.9123 17.5171 1.19154 26.3952 16.3256 21.4085 4.98665
internal_count=50000 13720 13524 196 128 68 36280 13824 197 22456 13627 16991 5465
is_linear=0
shrinkage=0.05


Tree=269
num_leaves=14
num_cat=0
split_feature=0 0 1 1 1 0 1 0 0 1 1 1 1
split_gain=29.9709 4.1252 4.74294 2.00205 2.42428 2.30232 0.000113308 1.24345e-06 2.21834e-05 8.42804e-07 1.00623e-07 6.61972e-08 1.77636e-15
threshold=-0.44853405638371174 -0.49601024820604761 1.1997436683544895 1.4890682801957542 1.9466597231044669 -0.48815094590144997 1.2132879063987692 0.44645132186505937 0.45409552365868994 1.2262360876158989 1.1997436683544895 1.1997436683544895 3.2453452108717795
decision_type=2 2 2 2 2 2 2 2 2 2 2 2 2
left_child=1 2 -1 5 -5 -3 -4 10 9 -9 -2 -10 -12
right_child=7 3 6 4 -6 -7 -8 8 11 -11 12 -13 -14
leaf_value=-0.033353882990228428 -0.033353882990228408 -0.17412425432904632 0.033921257736112952 0.041981982877114229 0.0054364468440142666 -0.017392759622300077 0.03341977649981677 -0.03338711302249605 -0.033353884043199881 -0.033571703757766989 -0.033361721836664956 -0.033362039890122153 -0.033361721836664963
leaf_weight=2.8585291770286849 5.0474513578228679 0.25043569778790731 1.1620014701038588 5.1924728574231258 35.996994964778423 3.6391189919086164 36.755542970728129 0.064690338505900224 3.0681850498076555 1.4018251262605188 12.19358341523912 13.155844022519885 9.4758210203144682
leaf_count=3095 5465 69 49 124 683 306 9498 60 3322 136 9561 10202 7430
internal_value=-1.93729e-05 0.0172293 0.028753 0.00680549 0.0100435 -0.0274842 0.0334351 -0.033367 -0.0333773 -0.0335636 -0.0333602 -0.0333605 -0.0333617
internal_weight=130.262 85.8551 40.7761 45.079 41.1895 3.88955 37.9175 44.4074 17.6905 1.46652 26.7169 16.224 21.6694
internal_count=50000 13824 12642 1182 807 375 9547 36176 13720 196 22456 13524 16991
is_linear=0
shrinkage=0.05


Tree=270
num_leaves=13
num_cat=0
split_feature=1 0 0 0 1 0 0 0 0 0 1 0
split_gain=10.2962 10.1801 13.5395 4.01459 0.667272 4.62013e-11 1.79945e-09 1.39416e-10 1.80898e-11 1.53211e-11 1.77636e-15 4.44089e-16
threshold=1.1997436683544895 0.45409552365868994 -0.45630484924917941 0.44645132186505937 1.2132879063987692 -0.48815094590144997 -0.49601024820604761 -0.44853405638371174 -0.45630484924917941 0.44645132186505937 1.9276783392520744 -0.95975564629840959
decision_type=2 2 2 2 2 2 2 2 2 2 2 2
left_child=5 2 4 -4 -2 6 11 8 -7 -9 -3 -1
right_child=1 10 3 -5 -6 7 -8 9 -10 -11 -12 -13
leaf_value=0.033371571842081595 0.0024893362447650038 -0.033387565671523345 0.014461096152830873 -0.003526844708565922 -0.033388099533121315 0.033372374951758231 0.033363619489946678 0.033371571842081685 0.033373164748216798 0.033371675118530501 -0.033387565671523366 0.033371571842081664
leaf_weight=0.38627251633442927 1.366398343816402 6.3367431994993266 81.597066259244457 50.04082179069519 25.14923097519204 0.29097584704868495 0.072101261583159437 9.3821302300784684 0.096560492645951679 5.8181540244258931 18.479937845142558 4.9271205416880548
leaf_count=225 57 2605 17134 137 10256 166 53 5465 54 3381 7597 2870
internal_value=0.00018906 -0.00361455 0.00105728 0.00762316 -0.0315393 0.0333716 0.0333715 0.0333716 0.0333726 0.0333716 -0.0333876 0.0333716
internal_weight=203.944 182.97 158.154 131.638 26.5156 20.9733 5.38549 15.5878 0.387536 15.2003 24.8167 5.31339
internal_count=50000 37786 27584 17271 10313 12214 3148 9066 220 8846 10202 3095
is_linear=0
shrinkage=0.05


Tree=271
num_leaves=14
num_cat=0
split_feature=0 0 1 2 1 0 0 1 1 1 0 0 0
split_gain=26.7656 5.24272 4.69754 1.3398 1.06821 4.52677e-07 8.83912e-06 3.14902e-07 9.15971e-08 6.7348e-08 3.55271e-15 4.44089e-16 2.22045e-16
threshold=0.44645132186505937 0.45409552365868994 1.1997436683544895 0.20504564313579218 3.0784293059046854 -0.44853405638371174 -0.45630484924917941 1.3063090404026132 1.1997436683544895 1.1997436683544895 0.75571138944237326 0.3899490917268062 0.92017810099485287
decision_type=2 2 2 2 2 2 2 2 2 2 2 2 2
left_child=5 3 12 -2 -5 6 9 -8 11 -1 -4 -7 -3
right_child=1 2 10 4 -6 8 7 -9 -10 -11 -12 -13 -14
leaf_value=-0.033352325131875471 -0.025427636504115576 -0.033352322882058465 0.033414506717012099 0.013819708749767219 -0.0013377556152325736 -0.033352325152304997 -0.033398831437910781 -0.033509831689914692 -0.033360090123991666 -0.033360869558239505 0.033414506717012099 -0.033352325152304928 -0.033352322882058402
leaf_weight=2.82907495944528 3.5049658634234211 2.4082068587886165 20.483834921615198 24.494724923977628 22.120818227529526 4.3588464721106019 0.06792035268154073 1.0781295858323572 20.42626892705448 12.478282110416329 16.601539323339239 0.30646805395372201 0.42768934287596483
leaf_count=3314 12 2821 5635 123 61 5106 57 140 16991 10313 4567 359 501
internal_value=-0.000164604 0.015153 0.0286716 0.00438532 0.00662693 -0.0333629 -0.0333693 -0.0335033 -0.0333586 -0.0333593 0.0334145 -0.0333523 -0.0333523
internal_weight=131.587 90.0418 39.9213 50.1205 46.6155 41.545 16.4534 1.14605 25.0916 15.3074 37.0854 4.66531 2.8359
internal_count=50000 13720 13524 196 184 36280 13824 197 22456 13627 10202 5465 3322
is_linear=0
shrinkage=0.05


Tree=272
num_leaves=15
num_cat=0
split_feature=0 0 1 1 1 2 1 0 0 1 1 1 0 0
split_gain=27.9345 4.11835 4.43673 1.86078 2.3606 1.92966 0.000102785 1.07337e-06 1.96709e-05 4.07259e-07 9.50067e-08 5.41691e-08 1.77636e-15 4.44089e-16
threshold=-0.44853405638371174 -0.49601024820604761 1.1997436683544895 1.4890682801957542 1.9466597231044669 3.0519895297915087 1.2132879063987692 0.44645132186505937 0.45409552365868994 1.2527191896289553 1.1997436683544895 1.1997436683544895 0.044512130269620538 0.3899490917268062
decision_type=2 2 2 2 2 2 2 2 2 2 2 2 2 2
left_child=1 2 -1 5 -5 -3 -4 10 9 -9 13 -10 -12 -2
right_child=7 3 6 4 -6 -7 -8 8 11 -11 12 -13 -14 -15
leaf_value=-0.033352558946646564 -0.033352558946646536 -0.045753900193800927 0.033900584749471684 0.041613912446218392 0.0050441739609262976 0.037288389148436928 0.033414189373402126 -0.03344810003836101 -0.033352558950531901 -0.033561112431261204 -0.033360419352227812 -0.033360186534706779 -0.033360419352227826 -0.033352558946646474
leaf_weight=2.6743273541796944 4.4119920744560686 3.0146991124493066 1.1215771418064822 5.0343679478391996 35.744701819494367 0.91093390434980381 34.391911737620831 0.084840993280525079 2.8704729160526758 1.3203053399920461 11.458901145262645 12.308711711084468 9.216280904132871 0.31020469148643304
leaf_count=3095 5106 330 49 124 683 45 9498 62 3322 134 9417 10202 7574 359
internal_value=-0.000135318 0.0166944 0.0287527 0.00639385 0.00955888 -0.0264841 0.0334296 -0.0333654 -0.0333753 -0.0335543 -0.033359 -0.0333587 -0.0333604 -0.0333526
internal_weight=124.874 82.8925 38.1878 44.7047 40.7791 3.92563 35.5135 41.9817 16.5843 1.40515 25.3974 15.1792 20.6752 4.7222
internal_count=50000 13824 12642 1182 807 375 9547 36176 13720 196 22456 13524 16991 5465
is_linear=0
shrinkage=0.05


Tree=273
num_leaves=15
num_cat=0
split_feature=1 0 0 0 1 0 0 0 2 0 2 0 1 2
split_gain=9.59366 9.55979 12.5306 3.83878 6.71771e-05 4.10001e-11 1.46922e-09 9.32809e-11 3.44406e-11 1.92379e-11 8.62047e-13 1.77636e-15 8.88178e-16 8.88178e-16
threshold=1.1997436683544895 0.45409552365868994 -0.49601024820604761 -0.44853405638371174 1.2132879063987692 -0.48815094590144997 -0.49601024820604761 -0.44853405638371174 3.0519895297915087 0.44645132186505937 2.0274877598359473 0.80296343257076552 11.496650687858279 5.3352052953981639
decision_type=2 2 2 2 2 2 2 2 2 2 2 2 2 2
left_child=5 2 4 -4 -2 6 -1 8 -7 -9 -8 13 -13 -3
right_child=1 11 3 -5 -6 7 10 9 -10 -11 -12 12 -14 -15
leaf_value=0.033369102950759691 -0.033816792698947697 -0.03338406439151323 -0.0053671942974784764 0.012819963672988655 -0.033384125174146739 0.033369804069692394 0.033361534728028795 0.033369102950759705 0.033371470636385833 0.033369222577535447 0.033361902868689557 -0.033384064391513243 -0.033384064391512779 -0.033384064391513112
leaf_weight=4.9711666820803657 0.93591951020062225 14.413511995458975 43.008371682139114 89.165145649574697 21.643231969792396 0.32748721260577696 0.04180826805532234 8.7778435921063593 0.034241569461300969 5.4462316894205278 0.025662179104983807 8.2024786407127941 0.12972843577154058 0.47339499369263727
leaf_count=3095 49 6333 909 17128 9498 200 33 5465 20 3381 20 3604 57 208
internal_value=0.000191155 -0.00346729 0.00102143 0.00690199 -0.0334021 0.0333691 0.033369 0.0333692 0.03337 0.0333691 0.0333617 -0.0333841 -0.0333841 -0.0333841
internal_weight=197.596 177.972 154.753 132.174 22.5792 19.6244 5.03864 14.5858 0.361729 14.2241 0.0674704 23.2191 8.33221 14.8869
internal_count=50000 37786 27584 18037 9547 12214 3148 9066 220 8846 53 10202 3661 6541
is_linear=0
shrinkage=0.05


Tree=274
num_leaves=15
num_cat=0
split_feature=0 0 1 1 2 1 0 0 1 1 1 0 0 0
split_gain=24.944 5.16073 4.394 1.33978 1.31547 0.359609 3.85812e-07 7.85669e-06 2.56975e-07 8.55221e-08 5.66778e-08 1.77636e-15 1.77636e-15 4.44089e-16
threshold=0.44645132186505937 0.45409552365868994 1.1997436683544895 1.5031647535744987 1.0803022117083982 1.3896504211065126 -0.44853405638371174 -0.45630484924917941 1.3063090404026132 1.1997436683544895 1.1997436683544895 0.96961651069136345 -0.015347369814106225 0.0071168202022224855
decision_type=2 2 2 2 2 2 2 2 2 2 2 2 2 2
left_child=6 3 -3 5 -5 -2 7 10 -9 13 -1 -4 -11 -8
right_child=1 2 11 4 -6 -7 9 8 -10 12 -12 -13 -14 -15
leaf_value=-0.03335109954719543 -0.015744170559633574 -0.033351098278079437 0.033409261715591256 0.0142400888782279 -0.0025430415739817638 -0.051630348864071342 -0.033351099487597145 -0.033399999123030932 -0.033502560579739826 -0.033358843137531714 -0.033359201519444617 0.033409261715591256 -0.033358843137531728 -0.03335109948759718
leaf_weight=2.6467611701809792 2.2593291020020838 2.6531422699335954 32.744383993791416 24.594541728496552 22.226952254772186 1.0102507174015043 2.1923171746311736 0.064913455280474319 1.0327894771471617 9.4307209257967788 11.703617794904856 1.955751614877953 10.043924097320994 2.1723507158458233
leaf_count=3314 65 3322 9627 67 61 3 2745 57 140 8228 10313 575 8763 2720
internal_value=-0.000267406 0.0146012 0.0286674 0.00411198 0.00627285 -0.0268325 -0.0333614 -0.0333676 -0.0334965 -0.0333574 -0.0333577 0.0334093 -0.0333588 -0.0333511
internal_weight=126.732 87.4444 37.3533 50.0911 46.8215 3.26958 39.2874 15.4481 1.0977 23.8393 14.3504 34.7001 19.4746 4.36467
internal_count=50000 13720 13524 196 128 68 36280 13824 197 22456 13627 10202 16991 5465
is_linear=0
shrinkage=0.05


Tree=275
num_leaves=15
num_cat=0
split_feature=0 0 1 1 1 0 1 0 0 1 1 1 0 0
split_gain=26.3384 3.92332 4.15034 1.73453 2.27121 1.82567 9.32622e-05 9.64706e-07 1.79084e-05 3.48982e-07 8.86904e-08 4.43947e-08 1.77636e-15 2.22045e-16
threshold=-0.44853405638371174 -0.49601024820604761 1.1997436683544895 1.4890682801957542 1.9466597231044669 -0.48815094590144997 1.2132879063987692 0.44645132186505937 0.45409552365868994 1.2527191896289553 1.1997436683544895 1.1997436683544895 -0.37777683839293569 -0.57250238408969656
decision_type=2 2 2 2 2 2 2 2 2 2 2 2 2 2
left_child=1 2 13 5 -5 -3 -4 10 9 -9 -2 -10 -12 -1
right_child=7 3 6 4 -6 -7 -8 8 11 -11 12 -13 -14 -15
leaf_value=-0.033351317501744818 -0.033351317501744811 -0.14708275001551863 0.033880753970364053 0.041420667224692918 0.0052256285802038524 -0.015594360303019143 0.033408968586075137 -0.033446242604666471 -0.033351316306859592 -0.033553582234918951 -0.033359155650371106 -0.033358455347547007 -0.033359155650371182 -0.033351317501744832
leaf_weight=2.1390163506148387 4.4178852441837106 0.28435101153445463 1.0827513448894013 4.9313536342233411 35.78614531410858 3.68680540844798 32.179858239367604 0.080496629758271321 2.6854914097348219 1.2766360430978236 1.5754722198471451 11.516047092853112 18.136492792982608 0.36296989471884344
leaf_count=2646 5465 69 49 124 683 306 9498 62 3322 134 1358 10202 15633 449
internal_value=-3.23178e-05 0.0164106 0.0287529 0.00653295 0.00960926 -0.0250095 0.0334243 -0.033364 -0.0333737 -0.0335472 -0.0333577 -0.0333571 -0.0333592 -0.0333513
internal_weight=120.142 80.4533 35.7646 44.6887 40.7175 3.97116 33.2626 39.6885 15.5587 1.35713 24.1299 14.2015 19.712 2.50199
internal_count=50000 13824 12642 1182 807 375 9547 36176 13720 196 22456 13524 16991 3095
is_linear=0
shrinkage=0.05


Tree=276
num_leaves=13
num_cat=0
split_feature=1 0 0 0 1 0 0 0 2 0 2 0
split_gain=8.94074 8.97547 11.6133 3.41041 5.49647e-05 4.37144e-11 1.53555e-09 1.53126e-10 2.95423e-11 1.87708e-11 5.32921e-13 1.77636e-15
threshold=1.1997436683544895 0.45409552365868994 -0.49601024820604761 -0.44853405638371174 1.2132879063987692 -0.48815094590144997 -0.49601024820604761 -0.44853405638371174 3.0519895297915087 0.44645132186505937 2.0274877598359473 0.57260836878758214
decision_type=2 2 2 2 2 2 2 2 2 2 2 2
left_child=5 2 4 -4 -2 6 -1 8 -7 -9 -8 -3
right_child=1 11 3 -5 -6 7 10 9 -10 -11 -12 -13
leaf_value=0.033366794828998146 -0.033785289328179223 -0.033380786235332624 -0.0050034478280253742 0.012229292894620398 -0.033380844900120603 0.033367763406110564 0.033358667758826552 0.033366794828998167 0.033369351634863979 0.03336691698274033 0.033358973219682723 -0.033380786235332645
leaf_weight=4.6509553276700899 0.87640983238816517 4.7017314657568958 42.753172331955284 87.407649499829859 20.249786254484206 0.30919952318072574 0.037562426528895965 8.2124300050781986 0.032341735903173685 5.0964587751077479 0.023035564459860325 17.02248248970136
leaf_count=3095 49 2208 909 17128 9498 200 33 5465 20 3381 20 7994
internal_value=0.000193159 -0.00332762 0.000987895 0.00656895 -0.0333976 0.0333668 0.0333667 0.0333669 0.0333679 0.0333668 0.0333588 -0.0333808
internal_weight=191.373 173.011 151.287 130.161 21.1262 18.362 4.71155 13.6504 0.341541 13.3089 0.060598 21.7242
internal_count=50000 37786 27584 18037 9547 12214 3148 9066 220 8846 53 10202
is_linear=0
shrinkage=0.05


Tree=277
num_leaves=13
num_cat=0
split_feature=0 0 1 2 1 0 0 1 1 1 0 2
split_gain=23.5728 4.85436 4.11012 1.26354 1.01487 3.38192e-07 7.08657e-06 2.17768e-07 8.01771e-08 4.86468e-08 1.77636e-15 4.44089e-16
threshold=0.44645132186505937 0.45409552365868994 1.1997436683544895 0.20504564313579218 3.0784293059046854 -0.44853405638371174 -0.45630484924917941 1.3063090404026132 1.1997436683544895 1.1997436683544895 0.98483088504110572 1.3244747557437171
decision_type=2 2 2 2 2 2 2 2 2 2 2 2
left_child=5 3 -3 -2 -5 6 9 -8 11 -1 -4 -7
right_child=1 2 10 4 -6 8 7 -9 -10 -11 -12 -13
leaf_value=-0.033349953806170805 -0.024696826705352483 -0.033349955097088137 0.03340435906562083 0.013566434131670125 -0.0012083236111187466 -0.033349953792241802 -0.033399639205355248 -0.033496443185173197 -0.033357691055942107 -0.033357711990356878 0.03340435906562083 -0.033349953792241836
leaf_weight=2.476187231775838 3.4762023458024478 2.4821569705381981 31.579997359076515 24.481159278890118 22.128752648830414 2.2908778554992777 0.06170071370433905 0.99443976720795035 18.597710879985243 10.98146104684565 0.8879189018625756 1.7925035796943118
leaf_count=3314 12 3322 9923 123 61 3066 57 140 16991 10313 279 2399
internal_value=-0.000159559 0.0143624 0.0286635 0.00438309 0.0065519 -0.0333601 -0.0333661 -0.0334908 -0.0333563 -0.0333563 0.0334044 -0.03335
internal_weight=122.231 85.0362 34.9501 50.0861 46.6099 37.1949 14.5138 1.05614 22.6811 13.4576 32.4679 4.08338
internal_count=50000 13720 13524 196 184 36280 13824 197 22456 13627 10202 5465
is_linear=0
shrinkage=0.05


Tree=278
num_leaves=15
num_cat=0
split_feature=0 0 1 1 1 2 1 0 0 1 1 1 0 0
split_gain=24.5545 3.8955 3.88209 1.61264 2.21063 1.74182 7.63008e-05 8.36713e-07 1.58757e-05 2.9064e-07 8.32293e-08 3.63173e-08 1.77636e-15 2.22045e-16
threshold=-0.44853405638371174 -0.49601024820604761 1.1997436683544895 1.4890682801957542 1.9466597231044669 3.0519895297915087 1.2132879063987692 0.44645132186505937 0.45409552365868994 1.2527191896289553 1.1997436683544895 1.1997436683544895 0.38268393104346293 0.39776180242403719
decision_type=2 2 2 2 2 2 2 2 2 2 2 2 2 2
left_child=1 2 -1 5 -5 -3 -4 10 9 -9 13 -10 -12 -2
right_child=7 3 6 4 -6 -7 -8 8 11 -11 12 -13 -14 -15
leaf_value=-0.033350155074544918 -0.033350155074544884 -0.041773589806072958 0.033845031645573453 0.041065933175564388 0.0048674666682679982 0.037319473425920048 0.033404079753046705 -0.033443942478529796 -0.033350158930509272 -0.033544492760564572 -0.033357990613858836 -0.033356834595975042 -0.03335799061385885 -0.033350155074544793
leaf_weight=2.3407432640669859 3.8979614807758507 3.1131029409589237 1.0140810981392885 4.7849030096549532 35.580133657902479 0.89656422729603935 30.109729603864253 0.076347507303579643 2.5124218198470762 1.2245562225580213 17.540288402698938 10.774359608301891 1.2840572422137473 0.23520877386908967
leaf_count=3095 5154 330 49 124 683 45 9498 62 3322 134 15832 10202 1159 311
internal_value=-0.000151339 0.0158678 0.0287482 0.0061543 0.00915846 -0.0240883 0.0334184 -0.0333625 -0.0333719 -0.0335386 -0.0333566 -0.0333556 -0.033358 -0.0333502
internal_weight=115.384 77.8393 33.4646 44.3747 40.365 4.00967 31.1238 37.5452 14.5877 1.3009 22.9575 13.2868 18.8243 4.13317
internal_count=50000 13824 12642 1182 807 375 9547 36176 13720 196 22456 13524 16991 5465
is_linear=0
shrinkage=0.05


Tree=279
num_leaves=14
num_cat=0
split_feature=1 0 0 0 1 0 0 0 2 0 2 0 2
split_gain=8.33356 8.42585 10.7658 3.35361 4.49739e-05 3.93108e-11 1.24332e-09 1.25421e-10 9.8817e-11 2.1819e-11 1.85187e-12 1.77636e-15 2.22045e-16
threshold=1.1997436683544895 0.45409552365868994 -0.49601024820604761 0.44645132186505937 1.2132879063987692 -0.48815094590144997 -0.49601024820604761 -0.44853405638371174 3.0519895297915087 0.44645132186505937 2.0274877598359473 0.93649130078297138 0.2821614598034185
decision_type=2 2 2 2 2 2 2 2 2 2 2 2 2
left_child=5 2 4 -4 -2 6 12 8 -7 -9 -8 -3 -1
right_child=1 11 3 -5 -6 7 10 9 -10 -11 -12 -13 -14
leaf_value=0.033364635708090784 -0.033755861509065205 -0.033377721768043968 0.012713658822020236 -0.0038639061584894094 -0.033377781497354535 0.033365400602273658 0.033356964323770041 0.033364635708090874 0.033368352400328552 0.033364771843563526 0.033357551700143775 -0.033377721768043975 0.033364635708090846
leaf_weight=0.44146126182749856 0.82063231058419006 17.994417127221826 78.228007698897272 50.011526525020599 18.945907692890614 0.28802812099457042 0.035040750168266466 7.6833942544180847 0.031448709545657039 4.7707667296053842 0.021746906451880932 2.3309862753376356 3.9098846151027828
leaf_count=314 49 9032 17900 137 9498 200 33 5465 20 3381 20 1170 2781
internal_value=0.000194591 -0.00319111 0.000954358 0.00624865 -0.0333935 0.0333647 0.0333645 0.0333647 0.0333657 0.0333647 0.0333572 -0.0333777 0.0333646
internal_weight=185.513 168.331 148.006 128.24 19.7665 17.1818 4.40813 12.7736 0.319477 12.4542 0.0567877 20.3254 4.35135
internal_count=50000 37786 27584 18037 9547 12214 3148 9066 220 8846 53 10202 3095
is_linear=0
shrinkage=0.05


Tree=280
num_leaves=14
num_cat=0
split_feature=0 0 1 1 1 1 1 0 0 0 0 0 1
split_gain=22.2824 4.57041 3.8446 1.26505 1.26827 0.349177 2.99657e-07 3.54363e-07 6.46638e-06 1.77636e-15 1.77636e-15 4.44089e-16 6.93889e-18
threshold=0.44645132186505937 0.45409552365868994 1.1997436683544895 1.5031647535744987 1.9276783392520744 1.3896504211065126 1.1997436683544895 -0.44853405638371174 -0.45630484924917941 0.4776843722340906 -0.20570059753721334 0.42173230104982357 0.69215145590311555
decision_type=2 2 2 2 2 2 2 2 2 2 2 2 2
left_child=6 3 -3 5 -5 -2 11 8 -8 -4 -9 -1 -13
right_child=1 2 9 4 -6 -7 7 10 -10 -11 -12 12 -14
leaf_value=-0.03334888030303134 -0.014743023387886377 -0.033348883121494276 0.033399771606219639 0.025849159041168929 0.0031768794139850984 -0.050443406525062677 -0.033356269984368539 -0.033356609629630267 -0.033490734271262639 0.033399771606219729 -0.033356609629630295 -0.033348880336798684 -0.033348880336799065
leaf_weight=6.0647723558940916 2.2446006928803395 2.3221834695432326 1.3250962772872323 7.3083780109882346 39.539173871278763 0.98569697141647328 10.301755048043558 4.8665138790383962 0.97907727258280175 29.053852533688769 12.904158229008315 0.035650639969389775 0.074097408563829958
leaf_count=8676 65 3322 445 20 108 3 10313 4653 143 9757 12338 51 106
internal_value=-5.2376e-05 0.014121 0.0286598 0.00462705 0.00671383 -0.0256367 -0.0333589 -0.033361 -0.0333679 0.0333998 -0.0333566 -0.0333489 -0.0333489
internal_weight=118.005 82.779 32.7011 50.0778 46.8476 3.2303 35.226 29.0515 11.2808 30.3789 17.7707 6.17452 0.109748
internal_count=50000 13720 13524 196 128 68 36280 27447 10456 10202 16991 8833 157
is_linear=0
shrinkage=0.05


Tree=281
num_leaves=15
num_cat=0
split_feature=0 0 1 1 1 2 1 0 0 1 1 1 0 0
split_gain=22.901 3.8547 3.63122 1.50407 2.15121 1.61623 6.24259e-05 7.26941e-07 1.40798e-05 2.4596e-07 7.78158e-08 2.97604e-08 1.77636e-15 2.22045e-16
threshold=-0.44853405638371174 -0.49601024820604761 1.1997436683544895 1.4890682801957542 1.9466597231044669 3.0519895297915087 1.2132879063987692 0.44645132186505937 0.45409552365868994 1.2527191896289553 1.1997436683544895 1.1997436683544895 -0.20570059753721334 0.29741692268794112
decision_type=2 2 2 2 2 2 2 2 2 2 2 2 2 2
left_child=1 2 -1 5 -5 -3 -4 10 9 -9 13 -10 -12 -2
right_child=7 3 6 4 -6 -7 -8 8 11 -11 12 -13 -14 -15
leaf_value=-0.033349072847398763 -0.033349072847398784 -0.039943802755724282 0.033811665948079307 0.040731127064640139 0.0045304467419975741 0.03704347165496668 0.033399512021626603 -0.033440790959309498 -0.033349070798520467 -0.03353586426506238 -0.03335689114131845 -0.033355318525493456 -0.033356891141318477 -0.033349072847398777
leaf_weight=2.1898844651877907 3.2137173637747796 3.1583234705612986 0.94969545863569038 4.642178807873278 35.386594450566918 0.86936947365757067 28.172452352475375 0.072208520898128792 2.3504984176252028 1.1749909403733907 4.9258192260749665 10.080378416692836 13.061413628049193 0.65307378396391857
leaf_count=3095 4542 330 49 124 683 45 9498 62 3322 134 4653 10202 12338 923
internal_value=-0.000269779 0.015331 0.0287438 0.00579818 0.00872868 -0.0233263 0.033413 -0.0333612 -0.0333702 -0.0335304 -0.0333555 -0.0333541 -0.0333569 -0.0333491
internal_weight=110.901 75.3685 31.312 44.0565 40.0288 4.02769 29.1221 35.5321 13.6781 1.2472 21.854 12.4309 17.9872 3.86679
internal_count=50000 13824 12642 1182 807 375 9547 36176 13720 196 22456 13524 16991 5465
is_linear=0
shrinkage=0.05


Tree=282
num_leaves=13
num_cat=0
split_feature=1 0 0 0 1 0 0 0 2 0 2 0
split_gain=7.76624 7.91066 9.97957 3.0035 3.68018e-05 3.40128e-11 1.00024e-09 1.14714e-10 1.93148e-10 2.08029e-11 3.69497e-12 2.22045e-16
threshold=1.1997436683544895 0.45409552365868994 -0.49601024820604761 -0.44853405638371174 1.2132879063987692 -0.48815094590144997 -0.49601024820604761 -0.44853405638371174 3.0519895297915087 0.44645132186505937 2.0274877598359473 -0.76437635561858641
decision_type=2 2 2 2 2 2 2 2 2 2 2 2
left_child=5 2 4 -4 -2 6 11 8 -7 -9 -8 -1
right_child=1 -3 3 -5 -6 7 10 9 -10 -11 -12 -13
leaf_value=0.033362614484573692 -0.033728365775212002 -0.0333748583451971 -0.0048837542824331486 0.011409513395843207 -0.033374908607691156 0.033363229761975303 0.03335538766350115 0.033362614484573727 0.033367421554417076 0.033362751901423932 0.033356243171570897 0.033362614484573692
leaf_weight=1.9388297668192533 0.76835940033197658 19.016524342587218 42.622638364322484 84.082160782068968 17.725860953098163 0.26856238208711403 0.032709053833971491 7.1884020866127631 0.030613351846113801 4.4644423685967922 0.020551268942654133 2.1321866024518386
leaf_count=1474 49 10202 909 17128 9498 200 33 5465 20 3381 20 1621
internal_value=0.000196002 -0.00305093 0.000920554 0.00592857 -0.0333896 0.0333626 0.0333625 0.0333627 0.0333637 0.0333627 0.0333557 0.0333626
internal_weight=180.292 164.216 145.199 126.705 18.4942 16.0763 4.12428 11.952 0.299176 11.6528 0.0532603 4.07102
internal_count=50000 37786 27584 18037 9547 12214 3148 9066 220 8846 53 3095
is_linear=0
shrinkage=0.05


Tree=283
num_leaves=15
num_cat=0
split_feature=0 0 1 1 2 2 1 0 0 0 0 2 0 2
split_gain=20.7804 4.49059 3.59627 1.18613 1.25707 0.35009 2.68678e-07 3.07656e-07 5.76061e-06 1.77636e-15 8.88178e-16 4.44089e-16 1.11022e-16 1.11022e-16
threshold=0.44645132186505937 0.45409552365868994 1.1997436683544895 1.5031647535744987 1.0803022117083982 0.35112275006984467 1.1997436683544895 -0.44853405638371174 -0.45630484924917941 0.63673369526511148 0.32758855782400392 2.3906819685968634 0.58873655434053163 3.8579789368788742
decision_type=2 2 2 2 2 2 2 2 2 2 2 2 2 2
left_child=6 3 12 5 -5 -2 11 8 -8 -4 -9 -1 -3 -13
right_child=1 2 9 4 -6 -7 7 10 -10 -11 -12 13 -14 -15
leaf_value=-0.033347876844926183 -0.04997872708259421 -0.033347878329364922 0.03339547853055376 0.014147990102062195 -0.0022596663603969848 -0.014119871730751367 -0.033354927380562942 -0.033355561305089904 -0.03348461354708978 0.033395478530553767 -0.033355561305089911 -0.033347876831123807 -0.033347878329365151 -0.033347876795837839
leaf_weight=4.5137340851360923 0.97974575078114812 0.54018551600165965 9.4728370662778634 24.576827168464661 22.234752774238586 2.2296541947871447 9.6651619790354726 14.762604317511434 0.93952818866819399 18.951246389653534 2.2095460281707338 0.77496016945224233 1.6323281452059744 0.48786525137256831
leaf_count=6902 10 826 3400 67 61 58 10313 14779 143 6802 2212 1185 2496 746
internal_value=-0.000164816 0.0135679 0.0286564 0.00433859 0.00635462 -0.0250666 -0.0333577 -0.0333597 -0.0333664 0.0333955 -0.0333556 -0.0333479 -0.0333479 -0.0333479
internal_weight=113.971 80.6176 30.5966 50.021 46.8116 3.2094 33.3534 27.5768 10.6047 28.4241 16.9722 5.77656 2.17251 1.26283
internal_count=50000 13720 13524 196 128 68 36280 27447 10456 10202 16991 8833 3322 1931
is_linear=0
shrinkage=0.05


Tree=284
num_leaves=15
num_cat=0
split_feature=0 0 1 1 1 1 1 0 0 1 1 1 0 0
split_gain=21.6274 3.6512 3.39658 1.40208 2.2843 1.47251 5.10773e-05 6.58349e-07 1.2823e-05 2.06868e-07 7.22428e-08 2.43587e-08 8.88178e-16 2.22045e-16
threshold=-0.44853405638371174 -0.49601024820604761 1.1997436683544895 1.3896504211065126 1.3618387438673825 7.6759308232732169 1.2132879063987692 0.44645132186505937 0.45409552365868994 1.2527191896289553 1.1997436683544895 1.1997436683544895 -0.18235797109220572 -0.88862671150224748
decision_type=2 2 2 2 2 2 2 2 2 2 2 2 2 2
left_child=1 2 13 4 -3 -5 -4 10 9 -9 -2 -10 -12 -1
right_child=7 3 6 5 -6 -7 -8 8 11 -11 12 -13 -14 -15
leaf_value=-0.033348057768324266 -0.033348057768324328 -0.0045590919898029552 0.033780498107648355 0.01096527969272321 -0.11025947555641587 -0.02703742657481711 0.033395235721817657 -0.033439957961451425 -0.033348056311831457 -0.033529259463267277 -0.033355831971785717 -0.033353900110820067 -0.033355831971785738 -0.033348057768324287
leaf_weight=0.45078947982983697 3.6175690268282805 2.486887208273401 0.88933594338596123 38.256883095717058 0.64337644446641196 2.7309655267745248 26.359543457161635 0.068777356587815031 2.1990040091332039 1.1359422020614145 5.1503578643314567 9.4310428947210294 12.028623382793738 1.5979527229210386
leaf_count=681 5465 336 49 758 10 78 9498 62 3322 134 5094 10202 11897 2414
internal_value=-0.000154635 0.0150565 0.0287397 0.00596995 -0.0262841 0.00843321 0.0334078 -0.03336 -0.0333689 -0.0335242 -0.0333545 -0.0333528 -0.0333558 -0.0333481
internal_weight=107.047 73.4157 29.2976 44.1181 3.13026 40.9878 27.2489 33.6313 12.8348 1.20472 20.7966 11.63 17.179 2.04874
internal_count=50000 13824 12642 1182 346 836 9547 36176 13720 196 22456 13524 16991 3095
is_linear=0
shrinkage=0.05


Tree=285
num_leaves=13
num_cat=0
split_feature=1 0 0 0 1 0 0 0 2 0 2 0
split_gain=7.2414 7.4248 9.25628 2.99202 3.0115e-05 3.247e-11 7.72766e-10 2.03831e-10 1.70212e-10 1.92824e-11 3.24306e-12 2.22045e-16
threshold=1.1997436683544895 0.45409552365868994 -0.49601024820604761 0.44645132186505937 1.2132879063987692 -0.48815094590144997 -0.49601024820604761 -0.44853405638371174 3.0519895297915087 0.44645132186505937 2.0274877598359473 -0.78094658732874944
decision_type=2 2 2 2 2 2 2 2 2 2 2 2
left_child=5 2 4 -4 -2 6 11 8 -7 -9 -8 -1
right_child=1 -3 3 -5 -6 7 10 9 -10 -11 -12 -13
leaf_value=0.033360724741370869 -0.033702673925824496 -0.033372178413634788 0.011945462489967055 -0.0038483315126095138 -0.033372225553989131 0.033361720134266477 0.033354170481371993 0.03336072474137091 0.033365755181743784 0.033360861514090991 0.033354994861384157 0.03336072474137089
leaf_weight=1.6945457366527996 0.71937661152333277 17.791814205003902 75.028377102222294 49.950932800769806 16.584270059829578 0.25502052716910739 0.030904704588464393 6.7252668488072214 0.029119944898411632 4.1776008983142674 0.019430743530392647 2.1141826983075589
leaf_count=1377 49 10202 17900 137 9498 200 33 5465 20 3381 20 1718
internal_value=0.000197115 -0.00292007 0.000887822 0.0056331 -0.033386 0.0333608 0.0333606 0.0333608 0.0333621 0.0333608 0.0333545 0.0333607
internal_weight=175.121 160.075 142.283 124.979 17.3036 15.0461 3.85906 11.187 0.28414 10.9029 0.0503354 3.80873
internal_count=50000 37786 27584 18037 9547 12214 3148 9066 220 8846 53 3095
is_linear=0
shrinkage=0.05


Tree=286
num_leaves=14
num_cat=0
split_feature=0 0 1 2 2 1 0 0 0 0 0 0 2
split_gain=19.6567 4.22781 3.364 1.17266 0.956474 2.4261e-07 2.71243e-07 5.20214e-06 2.66454e-15 1.77636e-15 1.22125e-15 8.88178e-16 1.11022e-16
threshold=0.44645132186505937 0.45409552365868994 1.1997436683544895 0.20504564313579218 1.0803022117083982 1.1997436683544895 -0.44853405638371174 -0.45630484924917941 -0.12926186586952812 0.98483088504110572 0.32039844527372291 0.43085841847561951 0.3996861259408877
decision_type=2 2 2 2 2 2 2 2 2 2 2 2 2
left_child=5 3 12 -2 -5 8 7 -7 -1 -4 -10 -8 -3
right_child=1 2 9 4 -6 6 11 -9 10 -11 -12 -13 -14
leaf_value=-0.0333469417331618 -0.023662607221029894 -0.033346941190841618 0.033391464689566407 0.013607666465971963 -0.00072704719151690583 -0.033353651181114184 -0.033354588401380836 -0.033479306531783541 -0.033346939040037021 0.033391464689566407 -0.033346941973298239 -0.033354588401380614 -0.033346941190841958
leaf_weight=3.2279653087607585 3.4286565288202828 0.37688457779586615 25.867447952041406 23.92555950168753 22.656384072033688 9.0675556768546794 15.95928197004832 0.90598141355440631 1.6953702139435365 0.72730202344246109 0.48089529806748021 0.27128964383155185 1.6556001096032558
leaf_count=5276 12 616 9923 94 90 10313 16707 143 2771 279 786 284 2706
internal_value=-5.54939e-05 0.0133298 0.0286532 0.00455839 0.00663559 -0.0333566 -0.0333586 -0.0333651 -0.0333469 0.0333915 -0.0333469 -0.0333546 -0.0333469
internal_weight=110.246 78.6378 28.6272 50.0106 46.5819 31.6083 26.2041 9.97354 5.40423 26.5947 2.17627 16.2306 2.03248
internal_count=50000 13720 13524 196 184 36280 27447 10456 8833 10202 3557 16991 3322
is_linear=0
shrinkage=0.05


Tree=287
num_leaves=15
num_cat=0
split_feature=0 0 1 1 1 2 1 0 0 1 1 1 0 0
split_gain=20.1765 3.60501 3.17714 1.3147 2.08275 1.45623 4.17937e-05 5.75431e-07 1.13806e-05 1.68679e-07 6.72953e-08 1.99616e-08 8.88178e-16 2.22045e-16
threshold=-0.44853405638371174 -0.49601024820604761 1.1997436683544895 1.4890682801957542 1.9466597231044669 3.0519895297915087 1.2132879063987692 0.44645132186505937 0.45409552365868994 1.2527191896289553 1.1997436683544895 1.1997436683544895 0.39776180242403719 0.34302705097742353
decision_type=2 2 2 2 2 2 2 2 2 2 2 2 2 2
left_child=1 2 -1 5 -5 -3 -4 10 9 -9 13 -10 -12 -2
right_child=7 3 6 4 -6 -7 -8 8 11 -11 12 -13 -14 -15
leaf_value=-0.033347105437784151 -0.033347105437784123 -0.036614839405961538 0.033751380280707226 0.040425506045635141 0.004307793453728297 0.036908922412390265 0.033391235589966393 -0.033438595642077344 -0.033347107799223834 -0.033521262418271906 -0.033354848217573667 -0.03335257709478652 -0.033354848217573597 -0.03334710543778413
leaf_weight=1.9166915270034248 2.985579919768504 3.2450618504954027 0.83275861479342239 4.5013717873953274 35.238974029198289 0.84983605390880246 24.663052843417972 0.065410511801018312 2.0572678082389748 1.0900573106482623 15.588141726446338 8.8234877906506863 0.84022423770511601 0.3988204663619398
leaf_count=3095 4821 330 49 124 683 45 9498 62 3322 134 16122 10202 869 644
internal_value=-0.000275478 0.0145133 0.0287358 0.00561926 0.00839883 -0.0213561 0.033403 -0.0333588 -0.0333674 -0.0335166 -0.0333535 -0.0333515 -0.0333548 -0.0333471
internal_weight=103.097 71.2477 27.4125 43.8352 39.7403 4.0949 25.4958 31.849 12.0362 1.15547 19.8128 10.8808 16.4284 3.3844
internal_count=50000 13824 12642 1182 807 375 9547 36176 13720 196 22456 13524 16991 5465
is_linear=0
shrinkage=0.05


Tree=288
num_leaves=15
num_cat=0
split_feature=1 0 0 0 1 0 0 0 2 0 2 0 0 1
split_gain=6.75032 6.96943 8.5855 2.66703 2.46438e-05 2.99165e-11 6.14648e-10 1.95477e-10 2.64157e-10 2.12195e-11 5.04129e-12 8.88178e-16 8.88178e-16 4.44089e-16
threshold=1.1997436683544895 0.45409552365868994 -0.49601024820604761 0.44645132186505937 1.2132879063987692 -0.48815094590144997 -0.49601024820604761 -0.44853405638371174 3.0519895297915087 0.44645132186505937 2.0274877598359473 0.97698929024845749 0.96961651069136345 0.5499983061842223
decision_type=2 2 2 2 2 2 2 2 2 2 2 2 2 2
left_child=5 2 4 -4 -2 6 13 8 -7 -9 -8 12 -3 -1
right_child=1 11 3 -5 -6 7 10 9 -10 -11 -12 -13 -14 -15
leaf_value=0.033358956715703852 -0.033678665861841893 -0.033369671457833754 0.011383865056816074 -0.003584972556166223 -0.033369716285659372 0.033359841677016971 0.033352805529296654 0.033358956715704075 0.033364943844695925 0.033359105030670543 0.033353864629790772 -0.03336967145783367 -0.033369671457833511 0.033358956715704061
leaf_weight=0.2717105997726329 0.67348178103566425 15.707688585505819 73.696958422427997 49.909570932388306 15.51610291446559 0.23818514309823413 0.028880239056887969 6.2919424904976022 0.028392394306138158 3.910410700365901 0.018390909535810351 0.69833704316988665 0.23984940501395691 3.2916127319913357
leaf_count=236 49 9627 17900 137 9498 200 33 5465 20 3381 20 428 147 2859
internal_value=0.000198177 -0.00278624 0.000855402 0.00533978 -0.0333826 0.033359 0.0333589 0.033359 0.0333604 0.033359 0.0333532 -0.0333697 -0.0333697 0.033359
internal_weight=170.522 156.442 139.796 123.607 16.1896 14.0795 3.61059 10.4689 0.266578 10.2024 0.0472711 16.6459 15.9475 3.56332
internal_count=50000 37786 27584 18037 9547 12214 3148 9066 220 8846 53 10202 9774 3095
is_linear=0
shrinkage=0.05


Tree=289
num_leaves=12
num_cat=0
split_feature=0 0 1 2 2 1 0 0 2 0 0
split_gain=18.34 4.14534 3.14675 1.12888 2.57442 2.17773e-07 2.37527e-07 4.63974e-06 3.55271e-15 8.88178e-16 1.11022e-16
threshold=0.44645132186505937 0.45409552365868994 1.1997436683544895 0.29659858016442153 0.37122476897167472 1.1997436683544895 -0.44853405638371174 -0.45630484924917941 0.14369617510425778 0.33556965088635377 0.67582967727975574
decision_type=2 2 2 2 2 2 2 2 2 2 2
left_child=5 3 10 -2 -5 -1 7 -7 -4 -8 -3
right_child=1 2 8 4 -6 6 9 -9 -10 -11 -12
leaf_value=-0.03334606265629611 -0.016110430961776338 -0.033346062690571575 0.033387710077756302 0.05205292574042223 0.0037922192637401004 -0.033352483211759876 -0.033353647224281815 -0.033473729753501325 0.033387710077756476 -0.033353647224281774 -0.0333460626905717
leaf_weight=5.0558889958192621 5.9803435737267128 0.7687184158712651 0.67317047528922813 2.9628866736893533 41.028103852819186 8.5086620950023626 13.629498118534679 0.86967970244586901 24.209746875800192 1.8835513544036082 1.1327578146010635
leaf_count=8833 21 1343 276 12 163 10313 14928 143 9926 2063 1979
internal_value=-0.000169271 0.0127788 0.0286501 0.00427182 0.00704268 -0.0333555 -0.0333574 -0.0333637 0.0333877 -0.0333536 -0.0333461
internal_weight=106.703 76.7557 26.7844 49.9713 43.991 29.9473 24.8914 9.37834 24.8829 15.513 1.90148
internal_count=50000 13720 13524 196 175 36280 27447 10456 10202 16991 3322
is_linear=0
shrinkage=0.05


Tree=290
num_leaves=15
num_cat=0
split_feature=0 0 1 1 1 2 1 0 0 2 1 1 0 0
split_gain=19.0685 3.41191 2.9719 1.22012 2.00288 1.34609 3.41981e-05 5.23469e-07 1.03513e-05 1.54283e-07 6.21432e-08 1.63233e-08 8.88178e-16 1.11022e-16
threshold=-0.44853405638371174 -0.49601024820604761 1.1997436683544895 1.4890682801957542 1.9466597231044669 3.0519895297915087 1.2132879063987692 0.44645132186505937 0.45409552365868994 0.20504564313579218 1.1997436683544895 1.1997436683544895 0.43085841847561951 -0.55076138076337
decision_type=2 2 2 2 2 2 2 2 2 2 2 2 2 2
left_child=1 2 13 5 -5 -3 -4 10 9 -9 -2 -10 -12 -1
right_child=7 3 6 4 -6 -7 -8 8 11 -11 12 -13 -14 -15
leaf_value=-0.033346217430377384 -0.033346217430377322 -0.034342012680052332 0.033724176557652134 0.040233465803940077 0.0045028440599598528 0.036748422073115371 0.033387498829624697 -0.033568203103346975 -0.033346220792235877 -0.033504745731931171 -0.033353896034571041 -0.033351334137242956 -0.033353896034570812 -0.033346217430376746
leaf_weight=1.6129635181277988 3.166252021037514 3.3101902421331024 0.77973324991762893 4.4118204661644986 35.330390602815896 0.83354763023089606 23.075532430317253 0.10581550316419353 1.9246621493948612 1.0103929999750105 15.439644607307851 8.2550313476240245 0.26245639962144274 0.18018378381384792
leaf_count=2784 5465 330 49 124 683 45 9498 12 3322 184 16707 10202 284 311
internal_value=-0.000157793 0.0142444 0.0287322 0.00577732 0.00846933 -0.0200416 0.0333985 -0.0333577 -0.0333662 -0.0335108 -0.0333526 -0.0333504 -0.0333539 -0.0333462
internal_weight=99.6986 69.5344 25.6484 43.8859 39.7422 4.14374 23.8553 30.1643 11.2959 1.11621 18.8684 10.1797 15.7021 1.79315
internal_count=50000 13824 12642 1182 807 375 9547 36176 13720 196 22456 13524 16991 3095
is_linear=0
shrinkage=0.05


Tree=291
num_leaves=15
num_cat=0
split_feature=1 0 0 0 1 0 0 0 2 0 2 0 0 0
split_gain=6.29337 6.54126 7.96583 2.61273 2.01682e-05 2.79163e-11 4.84854e-10 1.98095e-10 3.62891e-10 2.29363e-11 7.00237e-12 8.88178e-16 8.88178e-16 2.22045e-16
threshold=1.1997436683544895 0.45409552365868994 -0.49601024820604761 -0.44853405638371174 1.2132879063987692 -0.48815094590144997 -0.49601024820604761 -0.44853405638371174 3.0519895297915087 0.44645132186505937 2.0274877598359473 0.98483088504110572 0.90465577753231574 -0.50477179335557154
decision_type=2 2 2 2 2 2 2 2 2 2 2 2 2 2
left_child=5 2 4 -4 -2 6 13 8 -7 -9 -8 12 -3 -1
right_child=1 11 3 -5 -6 7 10 9 -10 -11 -12 -13 -14 -15
leaf_value=0.033357303501453051 -0.033656231231195523 -0.033367323056494411 -0.0049374042478363646 0.010402085138300017 -0.033367364185518326 0.033358117790358417 0.033351541804228807 0.033357303501453078 0.03336418489651851 0.033357462893631583 0.033352827369643775 -0.033367323056494258 -0.033367323056494369 0.033357303501452523
leaf_weight=3.2798596989596271 0.63048463501036067 12.873221744201141 42.593527535325848 79.707790247281082 14.516651392215861 0.22272286657243867 0.027009535871910795 5.8865133841754851 0.027713115327060223 3.6603690576739609 0.017426832811906934 0.42590167990420091 2.274528684793041 0.053856481099501141
leaf_count=3045 49 8433 909 17128 9498 200 33 5465 20 3381 20 279 1490 50
internal_value=0.000198989 -0.002656 0.000823753 0.00505985 -0.0333794 0.0333574 0.0333572 0.0333574 0.0333588 0.0333574 0.033352 -0.0333673 -0.0333673 0.0333573
internal_weight=166.198 153.022 137.448 122.301 15.1471 13.1755 3.37815 9.79732 0.250436 9.54688 0.0444364 15.5737 15.1478 3.33372
internal_count=50000 37786 27584 18037 9547 12214 3148 9066 220 8846 53 10202 9923 3095
is_linear=0
shrinkage=0.05


Tree=292
num_leaves=14
num_cat=0
split_feature=0 0 1 1 1 1 1 0 0 0 0 0 0
split_gain=17.1212 4.05367 2.94354 1.11136 1.21298 0.339062 1.95628e-07 2.08639e-07 4.13869e-06 1.77636e-15 8.88178e-16 4.44089e-16 1.11022e-16
threshold=0.44645132186505937 0.45409552365868994 1.1997436683544895 1.5031647535744987 1.9276783392520744 1.3896504211065126 1.1997436683544895 -0.44853405638371174 -0.45630484924917941 0.93649130078297138 0.35081401703043252 0.43851370652444671 0.98483088504110572
decision_type=2 2 2 2 2 2 2 2 2 2 2 2 2
left_child=6 3 12 5 -5 -2 11 8 -8 -4 -9 -1 -3
right_child=1 2 9 4 -6 -7 7 10 -10 -11 -12 -13 -14
leaf_value=-0.03334524124484832 -0.013885771199408295 -0.033345242236159804 0.033384198911149292 0.024717299927628222 0.0024923251898463731 -0.049484985508809115 -0.033351395075797007 -0.033352759444413231 -0.033468396222210151 0.033384198911149292 -0.033352759444413183 -0.033345241317388308 -0.033345242236159388
leaf_weight=4.7016075409483191 2.2195388090331103 1.7183970951009566 20.611117854714397 7.2692900598049155 39.490762531757355 0.95736977458000172 7.9847881936584599 13.29442788579035 0.83485319535248326 2.6699521578848353 1.541091896651779 0.028381160809658357 0.060510711045935639
leaf_count=8780 65 3209 9032 20 108 3 10313 15226 143 1170 1765 53 113
internal_value=-0.000280182 0.0122379 0.0286473 0.00400316 0.00594741 -0.0246137 -0.0333545 -0.0333564 -0.0333625 0.0333842 -0.0333528 -0.0333452 -0.0333452
internal_weight=103.382 74.9969 25.06 49.937 46.7601 3.17691 28.3851 23.6552 8.81964 23.2811 14.8355 4.72999 1.77891
internal_count=50000 13720 13524 196 128 68 36280 27447 10456 10202 16991 8833 3322
is_linear=0
shrinkage=0.05


Tree=293
num_leaves=15
num_cat=0
split_feature=0 0 1 1 1 2 1 0 0 2 1 1 0 0
split_gain=18.0269 3.23063 2.77993 1.17582 4.13714 1.93066 2.7984e-05 4.77222e-07 9.40931e-06 1.49499e-07 5.72725e-08 1.33776e-08 8.88178e-16 2.22045e-16
threshold=-0.44853405638371174 -0.49601024820604761 1.1997436683544895 7.6759308232732169 8.260706163233225 0.60397781860188504 1.2132879063987692 0.44645132186505937 0.45409552365868994 0.20504564313579218 1.1997436683544895 1.1997436683544895 0.43851370652444671 0.42173230104982357
decision_type=2 2 2 2 2 2 2 2 2 2 2 2 2 2
left_child=1 2 -1 5 -5 -3 -4 10 9 -9 13 -10 -12 -2
right_child=7 3 6 4 -6 -7 -8 8 11 -11 12 -13 -14 -15
leaf_value=-0.033345386919304179 -0.033345386919304158 0.027926870516401553 0.033698756563120297 -0.10922755167309102 0.019091138525004103 0.0021402937450480308 0.033384001989564822 -0.033562348474688579 -0.03334538514242024 -0.033499047437984146 -0.033352994272959617 -0.033350170980482367 -0.033352994272959145 -0.033345386919303902
leaf_weight=1.6775622236309597 2.8770598652772672 9.4104803055524808 0.73004281707108276 0.96428649849258308 1.8019626026507465 31.744962129509076 21.590011804830283 0.10313826985657104 1.8005995871499161 0.97517509735189378 14.889935455285009 7.7231616454664618 0.12638062500627789 0.085097663686610647
leaf_count=3095 5308 300 49 14 64 804 9498 12 3322 184 16848 10202 143 157
internal_value=-4.25451e-05 0.0139761 0.0287288 0.00591561 -0.0256395 0.00803658 0.0333943 -0.0333567 -0.0333651 -0.0335051 -0.0333517 -0.0333493 -0.033353 -0.0333454
internal_weight=96.4999 67.9193 23.9976 43.9217 2.76625 41.1554 22.3201 28.5805 10.6021 1.07831 17.9785 9.52376 15.0163 2.96216
internal_count=50000 13824 12642 1182 78 1104 9547 36176 13720 196 22456 13524 16991 5465
is_linear=0
shrinkage=0.05


Tree=294
num_leaves=15
num_cat=0
split_feature=1 0 0 0 1 0 0 0 2 0 2 1 1 0
split_gain=5.87119 6.13715 7.39481 2.37732 1.65047e-05 2.7657e-11 3.60045e-10 3.3103e-10 3.14428e-10 2.08278e-11 5.60018e-12 1.77636e-15 8.88178e-16 2.22045e-16
threshold=1.1997436683544895 0.45409552365868994 -0.49601024820604761 0.44645132186505937 1.2132879063987692 -0.48815094590144997 -0.49601024820604761 -0.44853405638371174 3.0519895297915087 0.44645132186505937 2.0274877598359473 14.084466545577472 6.0496510766990452 -0.73319366836003508
decision_type=2 2 2 2 2 2 2 2 2 2 2 2 2 2
left_child=5 2 4 -4 -2 6 13 8 -7 -9 -8 12 -3 -1
right_child=1 11 3 -5 -6 7 10 9 -10 -11 -12 -13 -14 -15
leaf_value=0.033355756450978429 -0.033635261826663015 -0.033365131989726841 0.010683358048357971 -0.0035659243994908582 -0.033365171297310196 0.033357061045839985 0.033350645678602991 0.033355756450978463 0.033362835798647371 0.033355913471779679 0.0333518255324586 -0.033365131989725912 -0.033365131989726807 0.033355756450978429
leaf_weight=1.6647526924498384 0.59020601958036323 12.612363690976048 70.917523960350081 49.844621688127518 13.581502593588082 0.21321185491979022 0.025684055231976255 5.5071873270207998 0.026501805055886507 3.4254141290439293 0.016530394786968827 0.064268640708179059 1.893782612867654 1.4541393070248887
leaf_count=1652 49 8831 17900 137 9498 200 33 5465 20 3381 20 45 1326 1443
internal_value=0.000198605 -0.00253671 0.000792197 0.00480196 -0.0333764 0.0333558 0.0333557 0.0333559 0.0333577 0.0333558 0.0333511 -0.0333651 -0.0333651 0.0333558
internal_weight=161.838 149.504 134.934 120.762 14.1717 12.3334 3.16111 9.17232 0.239714 8.9326 0.0422145 14.5704 14.5061 3.11889
internal_count=50000 37786 27584 18037 9547 12214 3148 9066 220 8846 53 10202 10157 3095
is_linear=0
shrinkage=0.05


Tree=295
num_leaves=14
num_cat=0
split_feature=0 0 1 2 2 1 0 0 0 2 0 0 0
split_gain=16.2154 3.81125 2.75348 1.09898 1.99659 1.76436e-07 1.85182e-07 3.7371e-06 1.77636e-15 1.77636e-15 2.22045e-16 3.33067e-16 1.11022e-16
threshold=0.44645132186505937 0.45409552365868994 1.1997436683544895 0.12376097013818962 0.20504564313579218 1.1997436683544895 -0.44853405638371174 -0.45630484924917941 0.79478238949379498 2.9377090324017221 -0.40264385879831593 -0.45630484924917941 0.7877996896284406
decision_type=2 2 2 2 2 2 2 2 2 2 2 2 2
left_child=5 3 12 -2 -5 10 7 -7 -4 -8 11 -1 -3
right_child=1 2 8 4 -6 6 9 -9 -10 -11 -12 -13 -14
leaf_value=-0.033344473883260839 0.093181871049346221 -0.033344471979932656 0.033380915345602433 -0.035680914859828751 0.006150928241856278 -0.033350326691143184 -0.033351928691877995 -0.033463681555450646 0.03338091534560244 -0.033351928691877961 -0.033344473903470992 -0.033344472129463953 -0.033344471979932733
leaf_weight=1.6602309588342903 0.34463605284690757 1.0009464259492258 13.636805369518699 3.0387653004145241 46.517978193063755 7.4895205594366416 11.9948860151926 0.80527855339460419 8.1453597126528603 2.2065709065645942 2.6045678252703537 0.16028476587962348 0.66328982380218793
leaf_count=3314 1 1998 6387 11 184 10313 14351 143 3815 2640 5199 320 1324
internal_value=-0.000164472 0.0120172 0.0286447 0.00420463 0.00358585 -0.0333536 -0.0333554 -0.0333613 0.0333809 -0.0333519 -0.0333445 -0.0333445 -0.0333445
internal_weight=100.269 73.3478 23.4464 49.9014 49.5567 26.9213 22.4963 8.2948 21.7822 14.2015 4.42508 1.82052 1.66424
internal_count=50000 13720 13524 196 195 36280 27447 10456 10202 16991 8833 3634 3322
is_linear=0
shrinkage=0.05


Tree=296
num_leaves=15
num_cat=0
split_feature=0 0 1 1 1 1 1 0 0 2 1 1 0 0
split_gain=16.8276 3.18004 2.60038 1.15758 1.86837 1.34417 2.29002e-05 4.2157e-07 8.37183e-06 1.33061e-07 5.28911e-08 1.09533e-08 8.88178e-16 2.22045e-16
threshold=-0.44853405638371174 -0.49601024820604761 1.1997436683544895 1.3896504211065126 1.3618387438673825 1.9466597231044669 1.2132879063987692 0.44645132186505937 0.45409552365868994 0.20504564313579218 1.1997436683544895 1.1997436683544895 0.43085841847561951 -0.24543011252413746
decision_type=2 2 2 2 2 2 2 2 2 2 2 2 2 2
left_child=1 2 -1 4 -3 -5 -4 10 9 -9 13 -10 -12 -2
right_child=7 3 6 5 -6 -7 -8 8 11 -11 12 -13 -14 -15
leaf_value=-0.033344611359227609 -0.033344611359227609 -0.0031933671411839195 0.033675004281057727 0.031498223088725817 -0.095757985322014544 0.0043422421548000587 0.033380730367375412 -0.033553569307679186 -0.033344610416891483 -0.033492645668832019 -0.033352155461652093 -0.033349087632723616 -0.033352155461651843 -0.033344611359227574
leaf_weight=1.5694239377626242 0.61407831619726527 2.4953847403230607 0.68348275870085018 5.2341830383520564 0.69752793014049519 35.212492403341457 20.1999606275931 0.099115269258617245 1.6845298022963087 0.93583460344234481 14.134259770915374 7.2255282870028168 0.24026634194888252 2.1571339034708279
leaf_count=3095 1211 336 49 153 10 683 9498 12 3322 184 16707 10202 284 4254
internal_value=-0.000167954 0.0134354 0.0287257 0.00556848 -0.0234152 0.00785648 0.0333904 -0.0333557 -0.0333639 -0.0334985 -0.0333509 -0.0333482 -0.0333522 -0.0333446
internal_weight=93.1832 66.0925 22.4529 43.6396 3.19291 40.4467 20.8834 27.0907 9.94501 1.03495 17.1457 8.91006 14.3745 2.77121
internal_count=50000 13824 12642 1182 346 836 9547 36176 13720 196 22456 13524 16991 5465
is_linear=0
shrinkage=0.05


Tree=297
num_leaves=14
num_cat=0
split_feature=1 0 0 0 1 0 0 2 0 0 2 1 0
split_gain=5.47642 5.75864 6.86507 2.29058 1.35074e-05 2.73683e-11 4.04004e-10 2.78408e-10 2.72448e-10 2.17111e-11 4.91663e-12 1.77636e-15 8.88178e-16
threshold=1.1997436683544895 0.45409552365868994 -0.49601024820604761 -0.44853405638371174 1.2132879063987692 -0.48815094590144997 -0.44853405638371174 3.0519895297915087 -0.49601024820604761 0.44645132186505937 2.0274877598359473 11.496650687858279 0.85136498794098048
decision_type=2 2 2 2 2 2 2 2 2 2 2 2 2
left_child=5 2 4 -4 -2 8 7 -7 -1 -8 -10 12 -3
right_child=1 11 3 -5 -6 6 9 -9 10 -11 -12 -13 -14
leaf_value=0.033354310708617697 -0.033615663058201566 -0.033363079363657719 -0.004781762526703582 0.0096804588358456595 -0.03336311711980923 0.033355890757126472 0.033354310708617718 0.033361456843016155 0.033349707726858586 0.03335447642498137 0.03335084411143753 -0.033363079363657393 -0.033363079363657684
leaf_weight=2.9179001241573137 0.55247737094759841 9.7781850020401126 42.446665451163426 77.127586434595287 12.70653110439889 0.20270655769854684 5.1522856796509569 0.025265981676056981 0.024290349276269718 3.2064196019200608 0.015651214867830276 0.19374649156816381 3.6598044165875772
leaf_count=3095 49 7318 909 17128 9498 200 5465 20 33 3381 20 145 2739
internal_value=0.000198867 -0.00241448 0.00076155 0.00454664 -0.0333736 0.0333544 0.0333544 0.0333565 0.0333543 0.0333544 0.0333502 -0.0333631 -0.0333631
internal_weight=158.01 146.465 132.833 119.574 13.259 11.5445 8.58668 0.227973 2.95784 8.35871 0.0399416 13.6317 13.438
internal_count=50000 37786 27584 18037 9547 12214 9066 220 3148 8846 53 10202 10057
is_linear=0
shrinkage=0.05


Tree=298
num_leaves=15
num_cat=0
split_feature=0 0 1 1 2 1 1 0 0 0 0 0 0 1
split_gain=15.1474 3.71818 2.5757 1.03061 1.14736 0.328947 1.58265e-07 1.63066e-07 3.3351e-06 1.77636e-15 8.88178e-16 2.22045e-16 2.22045e-16 2.22045e-16
threshold=0.44645132186505937 0.45409552365868994 1.1997436683544895 1.5031647535744987 1.0803022117083982 1.3896504211065126 1.1997436683544895 -0.44853405638371174 -0.45630484924917941 0.49507995794902987 0.42173230104982357 0.062492480906810706 -0.047868113930184523 0.50895482125391123
decision_type=2 2 2 2 2 2 2 2 2 2 2 2 2 2
left_child=6 3 13 5 -5 -2 11 8 -8 -4 -9 12 -1 -3
right_child=1 2 9 4 -6 -7 7 10 -10 -11 -12 -13 -14 -15
leaf_value=-0.033343755221053879 -0.01325601550374895 -0.033343754331297153 0.033377843613026349 0.013266703880912287 -0.0024243243491526784 -0.048653164514722645 -0.033349351168221651 -0.033351128298032683 -0.033458737265435114 0.033377843613026426 -0.033351128298032495 -0.033343755352022234 -0.033343755352021831 -0.033343754331301649
leaf_weight=2.7145690912439022 2.2067283440846945 0.026246050372722318 1.4642475121654595 24.496566772460938 22.215915203094482 0.9341951012611388 7.0274021283257753 13.24509844911517 0.77352928603068427 18.915361108724028 0.34554517362266857 1.113115264161024 0.31214095407631548 1.5307071520946918
leaf_count=5792 65 56 733 67 61 3 10313 16559 143 9469 432 2375 666 3266
internal_value=-0.000275401 0.0114882 0.0286423 0.00394007 0.00580423 -0.0237841 -0.0333527 -0.0333544 -0.0333602 0.0333778 -0.0333511 -0.0333438 -0.0333438 -0.0333438
internal_weight=97.3214 71.79 21.9366 49.8534 46.7125 3.14092 25.5314 21.3916 7.80093 20.3796 13.5906 4.13983 3.02671 1.55695
internal_count=50000 13720 13524 196 128 68 36280 27447 10456 10202 16991 8833 6458 3322
is_linear=0
shrinkage=0.05


Tree=299
num_leaves=15
num_cat=0
split_feature=0 0 1 1 1 0 1 0 0 2 1 1 1 1
split_gain=15.9197 3.00907 2.43245 1.09415 1.87729 1.28607 1.87404e-05 3.86571e-07 7.60983e-06 1.31116e-07 4.8598e-08 8.96884e-09 1.77636e-15 2.22045e-16
threshold=-0.44853405638371174 -0.49601024820604761 1.1997436683544895 1.4890682801957542 1.9466597231044669 -0.48815094590144997 1.2132879063987692 0.44645132186505937 0.45409552365868994 0.20504564313579218 1.1997436683544895 1.1997436683544895 12.394136782264253 0.55980544433475388
decision_type=2 2 2 2 2 2 2 2 2 2 2 2 2 2
left_child=1 2 -1 5 -5 -3 -4 10 9 -9 13 -10 -12 -2
right_child=7 3 6 4 -6 -7 -8 8 11 -11 12 -13 -14 -15
leaf_value=-0.033343881327822698 -0.033343881327821824 -0.11031570911176301 0.033652806517447169 0.039822583418422368 0.0045026352673979021 -0.010242873863648229 0.033377670824347359 -0.033548557119575488 -0.033343882365196642 -0.033487327767380309 -0.033351344216263464 -0.033348071002241131 -0.033351344216263026 -0.033343881327822761
leaf_weight=1.4682533282029933 0.26471255481010958 0.3504265677765942 0.63986045867204921 4.2110747005790463 35.286553045036271 3.8296303492970756 18.899264307226986 0.096805905806831016 1.5759388284059221 0.90306867499020882 13.620254211651623 6.7599323028698564 0.13601632928475815 2.3278575384465512
leaf_count=3095 558 69 49 124 683 306 9498 12 3322 184 16823 10202 168 4907
internal_value=-5.1129e-05 0.0131728 0.0287227 0.00569385 0.0082683 -0.0186323 0.0333867 -0.0333548 -0.0333629 -0.0334933 -0.0333502 -0.0333473 -0.0333513 -0.0333439
internal_weight=90.3696 64.6851 21.0074 43.6777 39.4976 4.18006 19.5391 25.6846 9.33575 0.999875 16.3488 8.33587 13.7563 2.59257
internal_count=50000 13824 12642 1182 807 375 9547 36176 13720 196 22456 13524 16991 5465
is_linear=0
shrinkage=0.05


end of trees

feature_importances:
ofi=1967
vol_bps=1244
volume=308

parameters:
[boosting: gbdt]
[objective: multiclass]
[metric: multi_logloss]
[tree_learner: serial]
[device_type: cpu]
[data_sample_strategy: bagging]
[data: ]
[valid: ]
[num_iterations: 100]
[learning_rate: 0.05]
[num_leaves: 15]
[num_threads: 0]
[seed: 0]
[deterministic: 0]
[force_col_wise: 0]
[force_row_wise: 0]
[histogram_pool_size: -1]
[max_depth: 4]
[min_data_in_leaf: 20]
[min_sum_hessian_in_leaf: 0.001]
[bagging_fraction: 1]
[pos_bagging_fraction: 1]
[neg_bagging_fraction: 1]
[bagging_freq: 0]
[bagging_seed: 3]
[bagging_by_query: 0]
[feature_fraction: 1]
[feature_fraction_bynode: 1]
[feature_fraction_seed: 2]
[extra_trees: 0]
[extra_seed: 6]
[early_stopping_round: 0]
[early_stopping_min_delta: 0]
[first_metric_only: 0]
[max_delta_step: 0]
[lambda_l1: 0]
[lambda_l2: 0]
[linear_lambda: 0]
[min_gain_to_split: 0]
[drop_rate: 0.1]
[max_drop: 50]
[skip_drop: 0.5]
[xgboost_dart_mode: 0]
[uniform_drop: 0]
[drop_seed: 4]
[top_rate: 0.2]
[other_rate: 0.1]
[min_data_per_group: 100]
[max_cat_threshold: 32]
[cat_l2: 10]
[cat_smooth: 10]
[max_cat_to_onehot: 4]
[top_k: 20]
[monotone_constraints: ]
[monotone_constraints_method: basic]
[monotone_penalty: 0]
[feature_contri: ]
[forcedsplits_filename: ]
[refit_decay_rate: 0.9]
[cegb_tradeoff: 1]
[cegb_penalty_split: 0]
[cegb_penalty_feature_lazy: ]
[cegb_penalty_feature_coupled: ]
[path_smooth: 0]
[interaction_constraints: ]
[verbosity: -1]
[saved_feature_importance_type: 0]
[use_quantized_grad: 0]
[num_grad_quant_bins: 4]
[quant_train_renew_leaf: 0]
[stochastic_rounding: 1]
[linear_tree: 0]
[max_bin: 255]
[max_bin_by_feature: ]
[min_data_in_bin: 3]
[bin_construct_sample_cnt: 200000]
[data_random_seed: 1]
[is_enable_sparse: 1]
[enable_bundle: 1]
[use_missing: 1]
[zero_as_missing: 0]
[feature_pre_filter: 1]
[pre_partition: 0]
[two_round: 0]
[header: 0]
[label_column: ]
[weight_column: ]
[group_column: ]
[ignore_column: ]
[categorical_feature: ]
[forcedbins_filename: ]
[precise_float_parser: 0]
[parser_config_file: ]
[objective_seed: 5]
[num_class: 3]
[is_unbalance: 0]
[scale_pos_weight: 1]
[sigmoid: 1]
[boost_from_average: 1]
[reg_sqrt: 0]
[alpha: 0.9]
[fair_c: 1]
[poisson_max_delta_step: 0.7]
[tweedie_variance_power: 1.5]
[lambdarank_truncation_level: 30]
[lambdarank_norm: 1]
[label_gain: ]
[lambdarank_position_bias_regularization: 0]
[eval_at: ]
[multi_error_top_k: 1]
[auc_mu_weights: ]
[num_machines: 1]
[local_listen_port: 12400]
[time_out: 120]
[machine_list_filename: ]
[machines: ]
[gpu_platform_id: -1]
[gpu_device_id: -1]
[gpu_device_id_list: ]
[gpu_use_dp: 0]
[num_gpu: 1]

end of parameters

pandas_categorical:[]
